community_fips_code,tax_year,total_tax_rev_usd,total_sales_tax_rev_usd,property_tax_rev_usd,total_rev_for_special_taxes_usd,did_community_report,is_most_recent,as_of_date
0203000,2024,716157452,0,605030033,14398632,t,t,2025-01-01
0236400,2024,132499751,61303680,63539727,0,t,t,2025-01-01
0224230,2024,29311335,0,18859326,516510,t,t,2025-01-01
0270540,2024,27818095,18527872,7243024,160840,t,t,2025-01-01
0283080,2024,25003859,25003859,0,0,t,t,2025-01-01
0280770,2024,24369734,9985207,8805325,79672,t,t,2025-01-01
0238970,2024,21934845,20314410,599240,0,t,t,2025-01-01
0240950,2024,17598188,16005583,1259282,0,t,t,2025-01-01
0233140,2024,16578268,12038995,4539273,0,t,t,2025-01-01
0238420,2024,13263418,8981051,4282367,0,t,t,2025-01-01
0270760,2024,13021924,10491840,2340546,189538,t,t,2025-01-01
0258660,2024,12759890,10905091,1854799,0,t,t,2025-01-01
0254920,2024,11921584,7139970,4516221,0,t,t,2025-01-01
0206520,2024,11807323,9511568,0,38900,t,t,2025-01-01
0271640,2024,10104534,10104534,0,0,t,t,2025-01-01
0268560,2024,8697211,7856783,0,0,t,t,2025-01-01
0282200,2024,8112252,0,7511678,0,t,t,2025-01-01
0218950,2024,7471882,3853408,2839407,26876,t,t,2025-01-01
0217410,2024,7463835,4224967,3002261,13773,t,t,2025-01-01
0286380,2024,5167194,3012643,2097084,0,t,t,2025-01-01
0233360,2024,3762746,3567141,0,0,t,t,2025-01-01
0217740,2024,3225587,2179594,713157,187203,t,t,2025-01-01
0286490,2024,2464709,1718454,502824,0,t,t,2025-01-01
0284510,2024,1752115,657407,721426,373282,t,t,2025-01-01
0241830,2024,1733744,1340277,0,121766,t,t,2025-01-01
0221150,2024,1645077,0,0,0,t,t,2025-01-01
0233800,2024,1487392,579021,692229,30690,t,t,2025-01-01
0201090,2024,1408675,1408675,0,0,t,t,2025-01-01
0240400,2024,1279080,1279080,0,0,t,t,2025-01-01
0267020,2024,1167757,923866,0,0,t,t,2025-01-01
0239410,2024,1109288,722262,0,0,t,t,2025-01-01
0224660,2024,1087331,96354,0,621888,t,t,2025-01-01
0253050,2024,1036518,248377,788141,0,t,t,2025-01-01
0281920,2024,861682,0,0,0,t,t,2025-01-01
0267570,2024,851628,851628,0,0,t,t,2025-01-01
0230940,2024,634030,516922,0,0,t,t,2025-01-01
0260640,2024,551052,0,0,0,t,t,2025-01-01
0277140,2024,547272,530963,0,0,t,t,2025-01-01
0200065,2024,499751,437734,0,0,t,t,2025-01-01
0259650,2024,341847,234658,80233,0,t,t,2025-01-01
0227530,2024,333928,266763,0,43691,t,t,2025-01-01
0222910,2024,314152,314152,0,0,t,t,2025-01-01
0266470,2024,304926,288239,0,0,t,t,2025-01-01
0268230,2024,303000,303000,0,0,t,t,2025-01-01
0256320,2024,296918,0,0,0,t,t,2025-01-01
0268340,2024,291913,291913,0,0,t,t,2025-01-01
0201420,2024,286569,102406,0,0,t,t,2025-01-01
0261630,2024,248605,248605,0,0,t,t,2025-01-01
0213230,2024,229590,229590,0,0,t,t,2025-01-01
0226760,2024,223953,208394,0,0,t,t,2025-01-01
0266360,2024,220821,220821,0,0,t,t,2025-01-01
0236770,2024,219786,219786,0,0,t,t,2025-01-01
0266140,2024,208780,208780,0,0,t,t,2025-01-01
0251180,2024,198715,198715,0,0,t,t,2025-01-01
0233470,2024,195806,177889,0,4228,t,t,2025-01-01
0201200,2024,192536,192536,0,0,t,t,2025-01-01
0241720,2024,190100,146468,0,0,t,t,2025-01-01
0236540,2024,188540,0,188540,0,t,t,2025-01-01
0264600,2024,187529,187529,0,0,t,t,2025-01-01
0227640,2024,183562,183562,0,0,t,t,2025-01-01
0267680,2024,178914,178914,0,0,t,t,2025-01-01
0242380,2024,176077,176077,0,0,t,t,2025-01-01
0260750,2024,174757,174757,0,0,t,t,2025-01-01
0213550,2024,152963,19316,0,132589,t,t,2025-01-01
0267460,2024,139000,139000,0,0,t,t,2025-01-01
0203550,2024,134803,96343,0,0,t,t,2025-01-01
0203440,2024,112170,110214,0,0,t,t,2025-01-01
0256680,2024,104928,79591,0,0,t,t,2025-01-01
0269770,2024,101802,101802,0,0,t,t,2025-01-01
0252390,2024,100413,100413,0,0,t,t,2025-01-01
0241940,2024,92770,92770,0,0,t,t,2025-01-01
0278240,2024,88186,88186,0,0,t,t,2025-01-01
0243040,2024,76410,76410,0,0,t,t,2025-01-01
0239300,2024,72204,72204,0,0,t,t,2025-01-01
0247990,2024,68914,47287,0,0,t,t,2025-01-01
0221040,2024,66100,66100,0,0,t,t,2025-01-01
0277690,2024,62660,178,0,0,t,t,2025-01-01
0234460,2024,57046,57046,0,0,t,t,2025-01-01
0239960,2024,56983,56983,0,0,t,t,2025-01-01
0212680,2024,51188,51188,0,0,t,t,2025-01-01
0257340,2024,48024,48024,0,0,t,t,2025-01-01
0268890,2024,43532,43532,0,0,t,t,2025-01-01
0275930,2024,39249,39249,0,0,t,t,2025-01-01
0282860,2024,38616,38616,0,0,t,t,2025-01-01
0216530,2024,38610,0,0,0,t,t,2025-01-01
0256600,2024,36917,36917,0,0,t,t,2025-01-01
0258550,2024,31629,31629,0,0,t,t,2025-01-01
0246890,2024,30412,6764,0,23647,t,t,2025-01-01
0252720,2024,25498,25498,0,0,t,t,2025-01-01
0203220,2024,25316,0,0,25316,t,t,2025-01-01
0219060,2024,23448,23448,0,0,t,t,2025-01-01
0262510,2024,22521,20607,0,0,t,t,2025-01-01
0276260,2024,21144,18331,0,0,t,t,2025-01-01
0246010,2024,16306,0,0,0,t,t,2025-01-01
0236990,2024,13912,0,0,0,t,t,2025-01-01
0215430,2024,7508,7508,0,0,t,t,2025-01-01
0253930,2024,4914,4914,0,0,t,t,2025-01-01
0240840,2024,3280,3280,0,0,t,t,2025-01-01
0263610,2024,1290,0,0,0,t,t,2025-01-01
0209600,2024,0,0,0,0,f,t,2025-01-01
0230060,2024,0,0,0,0,f,t,2025-01-01
0242160,2024,0,0,0,0,t,t,2025-01-01
0233030,2024,0,0,0,0,t,t,2025-01-01
0229180,2024,0,0,0,0,t,t,2025-01-01
0265590,2024,0,0,0,0,t,t,2025-01-01
0255910,2024,0,0,0,0,t,t,2025-01-01
0221810,2024,0,0,0,0,t,t,2025-01-01
0253710,2024,0,0,0,0,t,t,2025-01-01
0202080,2024,0,0,0,0,t,t,2025-01-01
0200650,2024,0,0,0,0,t,t,2025-01-01
0204210,2024,0,0,0,0,f,t,2025-01-01
0234350,2024,0,0,0,0,t,t,2025-01-01
0248870,2024,0,0,0,0,t,t,2025-01-01
0206630,2024,0,0,0,0,f,t,2025-01-01
0255030,2024,0,0,0,0,f,t,2025-01-01
0282750,2024,0,0,0,0,t,t,2025-01-01
0280660,2024,0,0,0,0,f,t,2025-01-01
0268670,2024,0,0,0,0,f,t,2025-01-01
0255140,2024,0,0,0,0,f,t,2025-01-01
0218620,2024,0,0,0,0,t,t,2025-01-01
0200870,2024,0,0,0,0,t,t,2025-01-01
0216360,2024,0,0,0,0,t,t,2025-01-01
0263390,2024,0,0,0,0,t,t,2025-01-01
0284070,2024,0,0,0,0,f,t,2025-01-01
0201970,2024,0,0,0,0,f,t,2025-01-01
0237430,2024,0,0,0,0,t,t,2025-01-01
0261080,2024,0,0,0,0,t,t,2025-01-01
0203880,2024,0,0,0,0,t,t,2025-01-01
0220970,2024,0,0,0,0,t,t,2025-01-01
0254150,2024,0,0,0,0,t,t,2025-01-01
0229290,2024,0,0,0,0,t,t,2025-01-01
0204500,2024,0,0,0,0,t,t,2025-01-01
0208740,2024,0,0,0,0,f,t,2025-01-01
0218510,2024,0,0,0,0,f,t,2025-01-01
0233910,2024,0,0,0,0,t,t,2025-01-01
0265800,2024,0,0,0,0,t,t,2025-01-01
0284000,2024,0,0,0,0,t,t,2025-01-01
0237650,2024,0,0,0,0,t,t,2025-01-01
0214330,2024,0,0,0,0,f,t,2025-01-01
0265700,2024,0,0,0,0,t,t,2025-01-01
0272960,2024,0,0,0,0,f,t,2025-01-01
0281320,2024,0,0,0,0,t,t,2025-01-01
0253270,2024,0,0,0,0,t,t,2025-01-01
0270100,2024,0,0,0,0,f,t,2025-01-01
0245460,2024,0,0,0,0,t,t,2025-01-01
0247000,2024,0,0,0,0,f,t,2025-01-01
0220380,2024,0,0,0,0,f,t,2025-01-01
0275160,2024,0,0,0,0,f,t,2025-01-01
0256350,2024,0,0,0,0,t,t,2025-01-01
0222250,2024,0,0,0,0,f,t,2025-01-01
0201860,2024,0,0,0,0,f,t,2025-01-01
0242050,2024,0,0,0,0,t,t,2025-01-01
0203000,2023,737138729,0,618957211,23070338,t,f,2024-01-01
0236400,2023,131299849,67821581,55742929,0,t,f,2024-01-01
0282200,2023,49511830,0,48952104,0,t,f,2024-01-01
0280770,2023,29220775,10305539,7902535,5221717,t,f,2024-01-01
0270540,2023,28153518,19168501,7070867,0,t,f,2024-01-01
0283080,2023,22025520,22025520,0,0,t,f,2024-01-01
0240950,2023,16943431,16599840,0,0,t,f,2024-01-01
0238970,2023,16364573,15291029,0,0,t,f,2024-01-01
0233140,2023,13202822,13202822,0,0,t,f,2024-01-01
0206520,2023,11806227,8971467,0,515505,t,f,2024-01-01
0254920,2023,11687326,7089170,4389246,0,t,f,2024-01-01
0258660,2023,10780740,10780740,0,0,t,f,2024-01-01
0224230,2023,10210628,0,0,546400,t,f,2024-01-01
0271640,2023,10007421,10007421,0,0,t,f,2024-01-01
0238420,2023,9227194,9227194,0,0,t,f,2024-01-01
0270760,2023,9002346,6803195,2046115,0,t,f,2024-01-01
0268560,2023,8440159,7635648,0,0,t,f,2024-01-01
0218950,2023,7451833,3971168,2631050,40457,t,f,2024-01-01
0217410,2023,7119324,4093781,2659971,0,t,f,2024-01-01
0255910,2023,6264833,5597198,0,0,t,f,2024-01-01
0286380,2023,5655491,3804290,1780246,0,t,f,2024-01-01
0241830,2023,5106668,4665785,0,0,t,f,2024-01-01
0233360,2023,3264281,3089808,0,0,t,f,2024-01-01
0221150,2023,3002439,0,0,0,t,f,2024-01-01
0217740,2023,2811018,1884812,698745,41891,t,f,2024-01-01
0239410,2023,2437261,929261,0,0,t,f,2024-01-01
0286490,2023,2360291,1758703,359267,0,t,f,2024-01-01
0284510,2023,1803933,717127,686291,400515,t,f,2024-01-01
0201090,2023,1789165,1789165,0,0,t,f,2024-01-01
0260640,2023,1751752,0,0,0,t,f,2024-01-01
0224660,2023,1285152,121615,0,0,t,f,2024-01-01
0267020,2023,1201201,878952,0,0,t,f,2024-01-01
0240400,2023,1190670,1162810,0,0,t,f,2024-01-01
0266470,2023,906571,381683,0,0,t,f,2024-01-01
0281920,2023,803309,0,0,0,t,f,2024-01-01
0233800,2023,765791,541603,0,52175,t,f,2024-01-01
0200065,2023,652701,524867,0,0,t,f,2024-01-01
0230940,2023,649102,525307,0,0,t,f,2024-01-01
0277140,2023,569918,557823,0,0,t,f,2024-01-01
0253050,2023,464680,207282,257397,0,t,f,2024-01-01
0233470,2023,456688,424715,0,0,t,f,2024-01-01
0280660,2023,450687,450687,0,0,t,f,2024-01-01
0268340,2023,355328,355328,0,0,t,f,2024-01-01
0222910,2023,354343,354343,0,0,t,f,2024-01-01
0227530,2023,333225,265746,0,0,t,f,2024-01-01
0259650,2023,322112,215907,74128,0,t,f,2024-01-01
0201420,2023,304315,146085,0,0,t,f,2024-01-01
0256320,2023,285528,0,0,0,t,f,2024-01-01
0277690,2023,266199,188216,0,0,t,f,2024-01-01
0242380,2023,261679,261679,0,0,t,f,2024-01-01
0236770,2023,252206,235148,0,0,t,f,2024-01-01
0267570,2023,242592,4939,0,237653,t,f,2024-01-01
0226760,2023,221704,203100,0,0,t,f,2024-01-01
0204210,2023,220689,0,0,0,t,f,2024-01-01
0264600,2023,216565,216565,0,0,t,f,2024-01-01
0209600,2023,210899,210899,0,0,t,f,2024-01-01
0266140,2023,198798,198798,0,0,t,f,2024-01-01
0261630,2023,193951,193951,0,0,t,f,2024-01-01
0267680,2023,189713,189713,0,0,t,f,2024-01-01
0241720,2023,180571,132019,0,0,t,f,2024-01-01
0266360,2023,172107,172107,0,0,t,f,2024-01-01
0255140,2023,161968,161968,0,0,t,f,2024-01-01
0260750,2023,154278,154278,0,0,t,f,2024-01-01
0251180,2023,149232,149232,0,0,t,f,2024-01-01
0222250,2023,148001,148001,0,0,t,f,2024-01-01
0272960,2023,146522,146522,0,0,t,f,2024-01-01
0268230,2023,143568,143568,0,0,t,f,2024-01-01
0256680,2023,134192,100173,0,0,t,f,2024-01-01
0203550,2023,133980,90767,0,0,t,f,2024-01-01
0213230,2023,125319,125319,0,0,t,f,2024-01-01
0213550,2023,124894,14171,0,0,t,f,2024-01-01
0252390,2023,111805,111805,0,0,t,f,2024-01-01
0269770,2023,102803,102803,0,0,t,f,2024-01-01
0203440,2023,100512,82730,0,0,t,f,2024-01-01
0243040,2023,94094,79612,0,12911,t,f,2024-01-01
0246890,2023,92752,37404,0,55347,t,f,2024-01-01
0267460,2023,89660,89660,0,0,t,f,2024-01-01
0268890,2023,86078,86078,0,0,t,f,2024-01-01
0241940,2023,78820,78820,0,0,t,f,2024-01-01
0278240,2023,75586,75586,0,0,t,f,2024-01-01
0239300,2023,71682,71682,0,0,t,f,2024-01-01
0221040,2023,61250,61250,0,0,t,f,2024-01-01
0239960,2023,59590,59590,0,0,t,f,2024-01-01
0212680,2023,56519,56519,0,0,t,f,2024-01-01
0216530,2023,55262,0,0,33187,t,f,2024-01-01
0234460,2023,52897,52897,0,0,t,f,2024-01-01
0275930,2023,51562,51562,0,0,t,f,2024-01-01
0227640,2023,46020,46020,0,0,t,f,2024-01-01
0208740,2023,40791,40791,0,0,t,f,2024-01-01
0215430,2023,37040,37040,0,0,t,f,2024-01-01
0201970,2023,36998,36998,0,0,t,f,2024-01-01
0257340,2023,35851,35851,0,0,t,f,2024-01-01
0247990,2023,30887,30887,0,0,t,f,2024-01-01
0258550,2023,26883,26883,0,0,t,f,2024-01-01
0275160,2023,23583,23583,0,0,t,f,2024-01-01
0262510,2023,23270,21126,0,0,t,f,2024-01-01
0276260,2023,21724,20107,0,0,t,f,2024-01-01
0256600,2023,20849,20849,0,0,t,f,2024-01-01
0284070,2023,20344,20344,0,0,t,f,2024-01-01
0219060,2023,19335,19335,0,0,t,f,2024-01-01
0246010,2023,10721,0,0,0,t,f,2024-01-01
0236990,2023,8776,0,0,0,t,f,2024-01-01
0240840,2023,2552,2552,0,0,t,f,2024-01-01
0263610,2023,2326,0,0,0,t,f,2024-01-01
0253930,2023,2186,2186,0,0,t,f,2024-01-01
0206630,2023,0,0,0,0,f,f,2024-01-01
0234350,2023,0,0,0,0,t,f,2024-01-01
0282750,2023,0,0,0,0,t,f,2024-01-01
0253710,2023,0,0,0,0,t,f,2024-01-01
0248870,2023,0,0,0,0,t,f,2024-01-01
0216360,2023,0,0,0,0,t,f,2024-01-01
0242050,2023,0,0,0,0,t,f,2024-01-01
0247000,2023,0,0,0,0,f,f,2024-01-01
0203220,2023,0,0,0,0,t,f,2024-01-01
0236540,2023,0,0,0,0,t,f,2024-01-01
0242160,2023,0,0,0,0,t,f,2024-01-01
0214330,2023,0,0,0,0,t,f,2024-01-01
0284000,2023,0,0,0,0,t,f,2024-01-01
0281320,2023,0,0,0,0,t,f,2024-01-01
0253270,2023,0,0,0,0,t,f,2024-01-01
0245460,2023,0,0,0,0,t,f,2024-01-01
0237650,2023,0,0,0,0,t,f,2024-01-01
0265800,2023,0,0,0,0,t,f,2024-01-01
0237430,2023,0,0,0,0,t,f,2024-01-01
0263390,2023,0,0,0,0,t,f,2024-01-01
0200650,2023,0,0,0,0,t,f,2024-01-01
0252720,2023,0,0,0,0,t,f,2024-01-01
0233030,2023,0,0,0,0,t,f,2024-01-01
0218620,2023,0,0,0,0,t,f,2024-01-01
0201200,2023,0,0,0,0,t,f,2024-01-01
0220970,2023,0,0,0,0,t,f,2024-01-01
0229290,2023,0,0,0,0,t,f,2024-01-01
0265700,2023,0,0,0,0,t,f,2024-01-01
0256350,2023,0,0,0,0,t,f,2024-01-01
0220380,2023,0,0,0,0,t,f,2024-01-01
0233910,2023,0,0,0,0,t,f,2024-01-01
0218510,2023,0,0,0,0,f,f,2024-01-01
0204500,2023,0,0,0,0,t,f,2024-01-01
0254150,2023,0,0,0,0,t,f,2024-01-01
0203880,2023,0,0,0,0,t,f,2024-01-01
0261080,2023,0,0,0,0,t,f,2024-01-01
0200870,2023,0,0,0,0,t,f,2024-01-01
0268670,2023,0,0,0,0,t,f,2024-01-01
0255030,2023,0,0,0,0,t,f,2024-01-01
0202080,2023,0,0,0,0,t,f,2024-01-01
0229180,2023,0,0,0,0,t,f,2024-01-01
0201860,2023,0,0,0,0,t,f,2024-01-01
0230060,2023,0,0,0,0,t,f,2024-01-01
0265590,2023,0,0,0,0,t,f,2024-01-01
0282860,2023,0,0,0,0,t,f,2024-01-01
0221810,2023,0,0,0,0,t,f,2024-01-01
0203000,2022,761182275,0,618957211,82528093,t,f,2023-01-01
0236400,2022,120548741,52377948,55742929,6213932,t,f,2023-01-01
0282200,2022,49946918,0,48952104,497407,t,f,2023-01-01
0224230,2022,33547318,0,16515213,8741289,t,f,2023-01-01
0280770,2022,32703712,12985968,7902535,5934432,t,f,2023-01-01
0270540,2022,26676039,16226288,7070867,1689442,t,f,2023-01-01
0283080,2022,21957289,21957289,0,0,t,f,2023-01-01
0233140,2022,15737969,12178465,3559504,0,t,f,2023-01-01
0240950,2022,14507530,12860654,1216374,215251,t,f,2023-01-01
0238970,2022,12640199,10327893,626642,842832,t,f,2023-01-01
0238420,2022,12629381,8731378,3898003,0,t,f,2023-01-01
0206520,2022,12166168,7459168,0,2509765,t,f,2023-01-01
0254920,2022,11286707,6526119,4389246,185671,t,f,2023-01-01
0258660,2022,10830173,9456566,1373607,0,t,f,2023-01-01
0268560,2022,9950599,6861114,1662219,713633,t,f,2023-01-01
0271640,2022,9623966,9623966,0,0,t,f,2023-01-01
0255910,2022,7370571,4967230,1088073,657634,t,f,2023-01-01
0218950,2022,7215452,3285642,2631050,670357,t,f,2023-01-01
0266470,2022,7104841,409981,0,3347430,t,f,2023-01-01
0217410,2022,7096682,3724081,2659971,360767,t,f,2023-01-01
0286380,2022,5448723,3531981,1780246,68247,t,f,2023-01-01
0241830,2022,4922204,4004116,0,459043,t,f,2023-01-01
0221150,2022,4767263,0,0,2383631,t,f,2023-01-01
0239410,2022,3548026,534662,0,1506682,t,f,2023-01-01
0270760,2022,3492722,1350885,2046115,47861,t,f,2023-01-01
0217740,2022,2839185,1865108,698745,137666,t,f,2023-01-01
0260640,2022,2612355,0,0,1306177,t,f,2023-01-01
0286490,2022,2138323,1367412,359267,205822,t,f,2023-01-01
0201090,2022,2061636,2061636,0,0,t,f,2023-01-01
0267020,2022,1990493,817927,0,586282,t,f,2023-01-01
0224660,2022,1923146,132074,0,895536,t,f,2023-01-01
0284510,2022,1711476,620054,686291,405131,t,f,2023-01-01
0281920,2022,1606618,0,0,803309,t,f,2023-01-01
0233800,2022,1448030,553475,502564,211962,t,f,2023-01-01
0233360,2022,1278092,1005184,0,136454,t,f,2023-01-01
0240400,2022,1063204,1023726,0,19739,t,f,2023-01-01
0222910,2022,999999,999999,0,0,t,f,2023-01-01
0200065,2022,813490,561452,0,126019,t,f,2023-01-01
0230940,2022,665833,485051,0,90390,t,f,2023-01-01
0256320,2022,571056,0,0,285528,t,f,2023-01-01
0277140,2022,548975,516366,0,16304,t,f,2023-01-01
0268340,2022,537034,226784,310250,0,t,f,2023-01-01
0233470,2022,528031,427631,0,68115,t,f,2023-01-01
0280660,2022,524995,485351,0,19822,t,f,2023-01-01
0253050,2022,452554,188068,257397,7088,t,f,2023-01-01
0204210,2022,375231,0,0,187615,t,f,2023-01-01
0227530,2022,353537,231355,0,61090,t,f,2023-01-01
0201420,2022,330220,11179,0,159520,t,f,2023-01-01
0236770,2022,250469,215906,0,17281,t,f,2023-01-01
0236540,2022,245432,0,245432,0,t,f,2023-01-01
0241720,2022,238238,140465,0,48886,t,f,2023-01-01
0226760,2022,227397,184038,0,21679,t,f,2023-01-01
0209600,2022,224730,224730,0,0,t,f,2023-01-01
0259650,2022,213845,66283,74128,36717,t,f,2023-01-01
0264600,2022,199334,161247,0,19043,t,f,2023-01-01
0261630,2022,193951,193951,0,0,t,f,2023-01-01
0267680,2022,189713,189713,0,0,t,f,2023-01-01
0255140,2022,180464,180464,0,0,t,f,2023-01-01
0266140,2022,180135,180135,0,0,t,f,2023-01-01
0242380,2022,178294,178294,0,0,t,f,2023-01-01
0203550,2022,178294,87294,0,45500,t,f,2023-01-01
0266360,2022,172107,172107,0,0,t,f,2023-01-01
0251180,2022,170057,170057,0,0,t,f,2023-01-01
0277690,2022,155189,155189,0,0,t,f,2023-01-01
0260750,2022,151894,151894,0,0,t,f,2023-01-01
0256680,2022,125037,79654,0,22691,t,f,2023-01-01
0203440,2022,118294,82730,0,17781,t,f,2023-01-01
0267570,2022,118070,118070,0,0,t,f,2023-01-01
0247000,2022,110602,110232,0,185,f,f,2023-01-01
0268230,2022,108000,108000,0,0,t,f,2023-01-01
0269770,2022,104518,104518,0,0,t,f,2023-01-01
0267460,2022,100000,100000,0,0,t,f,2023-01-01
0227640,2022,99356,99356,0,0,t,f,2023-01-01
0252390,2022,92088,92088,0,0,t,f,2023-01-01
0222250,2022,91898,91898,0,0,t,f,2023-01-01
0241940,2022,78820,78820,0,0,t,f,2023-01-01
0239300,2022,71682,71682,0,0,t,f,2023-01-01
0216530,2022,70489,0,0,52417,t,f,2023-01-01
0268890,2022,69756,69756,0,0,t,f,2023-01-01
0246890,2022,69215,13169,0,56046,t,f,2023-01-01
0247990,2022,68613,31130,0,18741,t,f,2023-01-01
0208740,2022,66496,66496,0,0,f,f,2023-01-01
0275930,2022,60432,60029,0,389,t,f,2023-01-01
0201200,2022,60000,60000,0,0,t,f,2023-01-01
0243040,2022,58925,58925,0,0,t,f,2023-01-01
0202080,2022,54415,0,0,27207,f,f,2023-01-01
0221040,2022,54000,54000,0,0,t,f,2023-01-01
0239960,2022,53002,53002,0,0,t,f,2023-01-01
0257340,2022,50568,50568,0,0,t,f,2023-01-01
0234460,2022,49888,49888,0,0,t,f,2023-01-01
0213550,2022,41048,15344,0,12851,t,f,2023-01-01
0218510,2022,37278,37278,0,0,f,f,2023-01-01
0236990,2022,35511,0,0,17755,t,f,2023-01-01
0278240,2022,35241,35241,0,0,t,f,2023-01-01
0282860,2022,33605,33605,0,0,t,f,2023-01-01
0201970,2022,31009,31009,0,0,t,f,2023-01-01
0272960,2022,30920,30920,0,0,t,f,2023-01-01
0262510,2022,29198,25367,0,1915,t,f,2023-01-01
0256600,2022,23418,23418,0,0,t,f,2023-01-01
0252720,2022,22369,22369,0,0,t,f,2023-01-01
0275160,2022,22123,22123,0,0,f,f,2023-01-01
0276260,2022,18781,15608,0,1586,t,f,2023-01-01
0219060,2022,16719,16719,0,0,t,f,2023-01-01
0246010,2022,16384,0,0,8192,t,f,2023-01-01
0284070,2022,14855,14855,0,0,t,f,2023-01-01
0258550,2022,14247,14247,0,0,t,f,2023-01-01
0240840,2022,13478,13478,0,0,t,f,2023-01-01
0263610,2022,3744,0,0,1872,t,f,2023-01-01
0253930,2022,2186,2186,0,0,t,f,2023-01-01
0215430,2022,1625,1625,0,0,t,f,2023-01-01
0253270,2022,0,0,0,0,f,f,2023-01-01
0256350,2022,0,0,0,0,f,f,2023-01-01
0255030,2022,0,0,0,0,f,f,2023-01-01
0206630,2022,0,0,0,0,f,f,2023-01-01
0270100,2022,0,0,0,0,f,f,2023-01-01
0213230,2022,0,0,0,0,f,f,2023-01-01
0248870,2022,0,0,0,0,f,f,2023-01-01
0242160,2022,0,0,0,0,f,f,2023-01-01
0200650,2022,0,0,0,0,f,f,2023-01-01
0265700,2022,0,0,0,0,f,f,2023-01-01
0220380,2022,0,0,0,0,f,f,2023-01-01
0263390,2022,0,0,0,0,f,f,2023-01-01
0200870,2022,0,0,0,0,f,f,2023-01-01
0216360,2022,0,0,0,0,f,f,2023-01-01
0237430,2022,0,0,0,0,f,f,2023-01-01
0234350,2022,0,0,0,0,f,f,2023-01-01
0282750,2022,0,0,0,0,f,f,2023-01-01
0233030,2022,0,0,0,0,f,f,2023-01-01
0214330,2022,0,0,0,0,f,f,2023-01-01
0265800,2022,0,0,0,0,f,f,2023-01-01
0284000,2022,0,0,0,0,f,f,2023-01-01
0229180,2022,0,0,0,0,f,f,2023-01-01
0261080,2022,0,0,0,0,f,f,2023-01-01
0237650,2022,0,0,0,0,f,f,2023-01-01
0229290,2022,0,0,0,0,f,f,2023-01-01
0203880,2022,0,0,0,0,f,f,2023-01-01
0203220,2022,0,0,0,0,f,f,2023-01-01
0220970,2022,0,0,0,0,f,f,2023-01-01
0233910,2022,0,0,0,0,f,f,2023-01-01
0254150,2022,0,0,0,0,f,f,2023-01-01
0253710,2022,0,0,0,0,f,f,2023-01-01
0204500,2022,0,0,0,0,f,f,2023-01-01
0281320,2022,0,0,0,0,f,f,2023-01-01
0242050,2022,0,0,0,0,f,f,2023-01-01
0201860,2022,0,0,0,0,f,f,2023-01-01
0265590,2022,0,0,0,0,f,f,2023-01-01
0268670,2022,0,0,0,0,f,f,2023-01-01
0221810,2022,0,0,0,0,f,f,2023-01-01
0212680,2022,0,0,0,0,f,f,2023-01-01
0245460,2022,0,0,0,0,f,f,2023-01-01
0218620,2022,0,0,0,0,f,f,2023-01-01
0230060,2022,0,0,0,0,f,f,2023-01-01
0203000,2021,687171234,0,584120406,62903343,t,f,2022-01-01
0236400,2021,103793328,40547633,52935857,5154919,t,f,2022-01-01
0282200,2021,45353669,0,44842059,255805,t,f,2022-01-01
0224230,2021,28376456,0,16048117,6217156,t,f,2022-01-01
0280770,2021,26741627,9522223,7209319,5005042,t,f,2022-01-01
0270540,2021,22632505,12849832,7168893,1306890,t,f,2022-01-01
0283080,2021,20726242,20726242,0,0,t,f,2022-01-01
0240950,2021,15608067,13950400,1206919,225373,t,f,2022-01-01
0238970,2021,15520663,8608611,5718718,596667,t,f,2022-01-01
0233140,2021,12926832,9066270,3718482,71040,t,f,2022-01-01
0238420,2021,11948064,8071832,3876232,0,t,f,2022-01-01
0206520,2021,11711120,7314076,0,2273729,t,f,2022-01-01
0254920,2021,10780869,5916148,4644245,110238,t,f,2022-01-01
0258660,2021,8957957,7602129,1355828,0,t,f,2022-01-01
0271640,2021,8590929,8590929,0,0,t,f,2022-01-01
0217410,2021,6929380,3058867,2636513,617000,t,f,2022-01-01
0218950,2021,6839733,2891277,2692800,656679,t,f,2022-01-01
0255910,2021,6074466,4071449,901139,550938,t,f,2022-01-01
0268560,2021,5806578,3805487,1566223,217434,t,f,2022-01-01
0286380,2021,5008003,2791251,2146376,35188,t,f,2022-01-01
0241830,2021,4729718,3900588,0,414565,t,f,2022-01-01
0266470,2021,4064045,408335,0,1827855,t,f,2022-01-01
0239410,2021,2895919,1409093,0,743413,t,f,2022-01-01
0270760,2021,2823834,775055,2011851,18464,t,f,2022-01-01
0217740,2021,2601750,1611651,684289,152905,t,f,2022-01-01
0221150,2021,2502182,0,0,1251091,t,f,2022-01-01
0201090,2021,1688184,1688184,0,0,t,f,2022-01-01
0286490,2021,1562190,939086,373217,141699,t,f,2022-01-01
0267020,2021,1196886,659096,0,268895,t,f,2022-01-01
0284510,2021,1137433,344947,685702,106784,t,f,2022-01-01
0233800,2021,933562,411228,0,287937,t,f,2022-01-01
0240400,2021,917724,917724,0,0,t,f,2022-01-01
0260640,2021,773321,773321,0,0,f,f,2022-01-01
0200065,2021,480995,343722,0,68636,t,f,2022-01-01
0280660,2021,474629,474629,0,0,t,f,2022-01-01
0268340,2021,469985,149246,320739,0,t,f,2022-01-01
0281920,2021,468254,0,0,234127,t,f,2022-01-01
0224660,2021,436957,53351,0,191802,t,f,2022-01-01
0277140,2021,433427,415931,0,8748,t,f,2022-01-01
0233470,2021,376631,376631,0,0,t,f,2022-01-01
0253050,2021,367786,162884,204902,0,t,f,2022-01-01
0222910,2021,351223,351223,0,0,t,f,2022-01-01
0230940,2021,332521,265331,0,33594,t,f,2022-01-01
0233360,2021,330291,71006,0,129642,t,f,2022-01-01
0227530,2021,274903,175341,0,49780,t,f,2022-01-01
0201420,2021,272442,65432,0,103504,t,f,2022-01-01
0268230,2021,251646,251646,0,0,t,f,2022-01-01
0204210,2021,237152,0,0,118576,t,f,2022-01-01
0241720,2021,233131,136386,0,48372,t,f,2022-01-01
0264600,2021,230751,230118,0,316,t,f,2022-01-01
0236770,2021,201903,199433,0,1235,t,f,2022-01-01
0251180,2021,196244,196244,0,0,t,f,2022-01-01
0242380,2021,185489,185489,0,0,t,f,2022-01-01
0266360,2021,181073,181073,0,0,t,f,2022-01-01
0203550,2021,178035,81223,0,48406,t,f,2022-01-01
0261630,2021,173181,173181,0,0,f,f,2022-01-01
0266140,2021,164972,164972,0,0,t,f,2022-01-01
0277690,2021,153601,153601,0,0,t,f,2022-01-01
0259650,2021,148971,48105,71000,14933,t,f,2022-01-01
0256680,2021,140727,88012,0,26357,t,f,2022-01-01
0272960,2021,140500,140500,0,0,t,f,2022-01-01
0226760,2021,130440,130440,0,0,t,f,2022-01-01
0260750,2021,128241,128241,0,0,t,f,2022-01-01
0267570,2021,118071,118071,0,0,t,f,2022-01-01
0247000,2021,110602,110232,0,185,t,f,2022-01-01
0236990,2021,108555,0,0,54277,t,f,2022-01-01
0209600,2021,104353,104353,0,0,f,f,2022-01-01
0222250,2021,104145,104145,0,0,t,f,2022-01-01
0267460,2021,102000,102000,0,0,t,f,2022-01-01
0246890,2021,101403,39828,0,30787,t,f,2022-01-01
0216530,2021,96271,0,0,61552,t,f,2022-01-01
0236540,2021,93619,0,93619,0,t,f,2022-01-01
0269770,2021,92605,92605,0,0,t,f,2022-01-01
0203440,2021,90751,72730,0,9010,t,f,2022-01-01
0252390,2021,90386,90386,0,0,t,f,2022-01-01
0241940,2021,89477,89477,0,0,t,f,2022-01-01
0268890,2021,79733,79733,0,0,t,f,2022-01-01
0275930,2021,71843,71843,0,0,t,f,2022-01-01
0247990,2021,68123,34975,0,16574,t,f,2022-01-01
0208740,2021,66496,66496,0,0,f,f,2022-01-01
0239300,2021,65262,65262,0,0,t,f,2022-01-01
0239960,2021,61324,61324,0,0,t,f,2022-01-01
0278240,2021,59826,59826,0,0,t,f,2022-01-01
0234460,2021,54539,54539,0,0,t,f,2022-01-01
0202080,2021,54415,0,0,27207,t,f,2022-01-01
0227640,2021,52000,52000,0,0,t,f,2022-01-01
0221040,2021,45000,45000,0,0,t,f,2022-01-01
0218510,2021,37278,37278,0,0,t,f,2022-01-01
0257340,2021,37015,20422,0,8296,t,f,2022-01-01
0201970,2021,36700,36700,0,0,t,f,2022-01-01
0267680,2021,33461,33461,0,0,t,f,2022-01-01
0252720,2021,31137,31137,0,0,t,f,2022-01-01
0256600,2021,28860,28860,0,0,t,f,2022-01-01
0246010,2021,25118,0,0,12559,t,f,2022-01-01
0275160,2021,22123,22123,0,0,t,f,2022-01-01
0243040,2021,22064,22064,0,0,t,f,2022-01-01
0276260,2021,17483,16827,0,327,t,f,2022-01-01
0212680,2021,14724,14724,0,0,f,f,2022-01-01
0240840,2021,14486,14486,0,0,t,f,2022-01-01
0284070,2021,14460,14460,0,0,t,f,2022-01-01
0265700,2021,10222,10222,0,0,t,f,2022-01-01
0262510,2021,7495,5962,0,766,t,f,2022-01-01
0258550,2021,6707,6707,0,0,t,f,2022-01-01
0253930,2021,6235,6235,0,0,t,f,2022-01-01
0213550,2021,3496,661,0,1417,t,f,2022-01-01
0215430,2021,550,550,0,0,t,f,2022-01-01
0220970,2021,0,0,0,0,f,f,2022-01-01
0221810,2021,0,0,0,0,f,f,2022-01-01
0229180,2021,0,0,0,0,f,f,2022-01-01
0282750,2021,0,0,0,0,f,f,2022-01-01
0233910,2021,0,0,0,0,f,f,2022-01-01
0256320,2021,0,0,0,0,f,f,2022-01-01
0229290,2021,0,0,0,0,f,f,2022-01-01
0233030,2021,0,0,0,0,f,f,2022-01-01
0203880,2021,0,0,0,0,f,f,2022-01-01
0237650,2021,0,0,0,0,f,f,2022-01-01
0203220,2021,0,0,0,0,f,f,2022-01-01
0261080,2021,0,0,0,0,f,f,2022-01-01
0255140,2021,0,0,0,0,f,f,2022-01-01
0254150,2021,0,0,0,0,f,f,2022-01-01
0214330,2021,0,0,0,0,f,f,2022-01-01
0284000,2021,0,0,0,0,f,f,2022-01-01
0219060,2021,0,0,0,0,f,f,2022-01-01
0201200,2021,0,0,0,0,f,f,2022-01-01
0265800,2021,0,0,0,0,f,f,2022-01-01
0282860,2021,0,0,0,0,f,f,2022-01-01
0234350,2021,0,0,0,0,f,f,2022-01-01
0265590,2021,0,0,0,0,f,f,2022-01-01
0237430,2021,0,0,0,0,f,f,2022-01-01
0200650,2021,0,0,0,0,f,f,2022-01-01
0242160,2021,0,0,0,0,f,f,2022-01-01
0213230,2021,0,0,0,0,f,f,2022-01-01
0206630,2021,0,0,0,0,f,f,2022-01-01
0270100,2021,0,0,0,0,f,f,2022-01-01
0248870,2021,0,0,0,0,f,f,2022-01-01
0204500,2021,0,0,0,0,f,f,2022-01-01
0201860,2021,0,0,0,0,f,f,2022-01-01
0200870,2021,0,0,0,0,f,f,2022-01-01
0255030,2021,0,0,0,0,f,f,2022-01-01
0253710,2021,0,0,0,0,f,f,2022-01-01
0220380,2021,0,0,0,0,f,f,2022-01-01
0263390,2021,0,0,0,0,f,f,2022-01-01
0256350,2021,0,0,0,0,f,f,2022-01-01
0216360,2021,0,0,0,0,f,f,2022-01-01
0281320,2021,0,0,0,0,f,f,2022-01-01
0268670,2021,0,0,0,0,f,f,2022-01-01
0230060,2021,0,0,0,0,f,f,2022-01-01
0218620,2021,0,0,0,0,f,f,2022-01-01
0245460,2021,0,0,0,0,f,f,2022-01-01
0263610,2021,0,0,0,0,f,f,2022-01-01
0242050,2021,0,0,0,0,f,f,2022-01-01
0253270,2021,0,0,0,0,f,f,2022-01-01
0203000,2020,709256187,0,560721221,86488981,t,f,2021-01-01
0236400,2020,110169263,47371832,52061323,5368054,t,f,2021-01-01
0282200,2020,45714094,0,44859388,427353,t,f,2021-01-01
0224230,2020,31893639,0,16242553,7825543,t,f,2021-01-01
0280770,2020,28186235,10629998,7216376,5169930,t,f,2021-01-01
0270540,2020,21553032,12214710,6730104,1304109,t,f,2021-01-01
0283080,2020,20181200,20181200,0,0,t,f,2021-01-01
0238970,2020,20052711,12854844,5698003,749932,t,f,2021-01-01
0233140,2020,13718899,10319783,3279822,59647,t,f,2021-01-01
0240950,2020,11863549,10303650,1204847,177526,t,f,2021-01-01
0238420,2020,11155055,7537903,3617152,0,t,f,2021-01-01
0206520,2020,10937498,6737715,0,2278354,t,f,2021-01-01
0254920,2020,10317729,5772955,4339708,102533,t,f,2021-01-01
0258660,2020,8830282,7500312,1329970,0,t,f,2021-01-01
0268560,2020,8421221,5674689,1563184,591674,t,f,2021-01-01
0270760,2020,8190276,5927888,2013324,124532,t,f,2021-01-01
0271640,2020,8178670,7866651,312019,0,t,f,2021-01-01
0221150,2020,7843664,0,0,3921832,t,f,2021-01-01
0218950,2020,7273124,3208140,2718180,701257,t,f,2021-01-01
0217410,2020,6421596,3279630,2660416,240775,t,f,2021-01-01
0241830,2020,6228297,4167812,0,1207114,t,f,2021-01-01
0255910,2020,5371344,3683965,636839,525270,t,f,2021-01-01
0286380,2020,5060430,3011359,1939739,54666,t,f,2021-01-01
0201090,2020,3970656,1985328,0,1985328,t,f,2021-01-01
0266470,2020,3719776,407856,0,1655960,t,f,2021-01-01
0217740,2020,2719665,1772023,641792,152925,t,f,2021-01-01
0233360,2020,2563644,2265581,0,149031,t,f,2021-01-01
0286490,2020,2068410,1209390,401703,280137,t,f,2021-01-01
0239410,2020,2014385,623649,0,695368,t,f,2021-01-01
0284510,2020,1810250,712624,715254,382371,t,f,2021-01-01
0281920,2020,1613594,0,0,806797,t,f,2021-01-01
0260640,2020,1546642,0,0,773321,t,f,2021-01-01
0267020,2020,1411167,707265,0,351951,t,f,2021-01-01
0200065,2020,1081885,486563,0,297660,t,f,2021-01-01
0240400,2020,985438,948955,0,18241,t,f,2021-01-01
0224660,2020,828938,69847,0,379545,t,f,2021-01-01
0233800,2020,649456,378452,0,171472,t,f,2021-01-01
0230940,2020,562165,380635,0,90765,t,f,2021-01-01
0201420,2020,530318,59056,0,450013,t,f,2021-01-01
0280660,2020,491273,491273,0,0,t,f,2021-01-01
0253050,2020,465221,247328,217892,0,t,f,2021-01-01
0277690,2020,453821,159722,0,147049,t,f,2021-01-01
0233470,2020,436819,396869,0,19974,t,f,2021-01-01
0277140,2020,435855,413027,0,11414,t,f,2021-01-01
0222910,2020,312984,312984,0,0,t,f,2021-01-01
0227530,2020,310435,208976,0,50729,t,f,2021-01-01
0236770,2020,264113,186840,0,38636,t,f,2021-01-01
0241720,2020,212146,136300,0,37923,t,f,2021-01-01
0264600,2020,208361,94880,0,113481,t,f,2021-01-01
0242380,2020,184487,184487,0,0,t,f,2021-01-01
0268230,2020,182266,182266,0,0,t,f,2021-01-01
0255140,2020,180464,180464,0,0,t,f,2021-01-01
0261630,2020,173181,173181,0,0,t,f,2021-01-01
0259650,2020,164493,53578,65027,22944,t,f,2021-01-01
0266360,2020,160636,160636,0,0,t,f,2021-01-01
0203550,2020,159210,64712,0,47249,t,f,2021-01-01
0251180,2020,159047,159047,0,0,t,f,2021-01-01
0266140,2020,149500,149500,0,0,t,f,2021-01-01
0246890,2020,140902,5863,0,67519,t,f,2021-01-01
0226760,2020,139283,139283,0,0,t,f,2021-01-01
0256680,2020,130295,79168,0,25563,t,f,2021-01-01
0267570,2020,123039,123039,0,0,t,f,2021-01-01
0260750,2020,114624,114624,0,0,t,f,2021-01-01
0275930,2020,109038,109038,0,0,t,f,2021-01-01
0278240,2020,108349,108349,0,0,t,f,2021-01-01
0247000,2020,104802,104802,0,0,t,f,2021-01-01
0209600,2020,104353,104353,0,0,t,f,2021-01-01
0222250,2020,104306,104306,0,0,t,f,2021-01-01
0236540,2020,93280,0,93280,0,t,f,2021-01-01
0272960,2020,89335,89335,0,0,t,f,2021-01-01
0252390,2020,87686,87686,0,0,t,f,2021-01-01
0268890,2020,87037,87037,0,0,f,f,2021-01-01
0265700,2020,75185,75185,0,0,t,f,2021-01-01
0247990,2020,70908,35331,0,17788,t,f,2021-01-01
0227640,2020,67330,67330,0,0,t,f,2021-01-01
0213550,2020,67044,124,0,33459,t,f,2021-01-01
0208740,2020,66496,66496,0,0,t,f,2021-01-01
0216530,2020,60072,0,0,46558,t,f,2021-01-01
0241940,2020,59815,59815,0,0,t,f,2021-01-01
0248870,2020,58102,0,0,29051,t,f,2021-01-01
0239960,2020,57488,57488,0,0,t,f,2021-01-01
0234460,2020,57054,57054,0,0,t,f,2021-01-01
0243040,2020,56608,48232,0,4187,t,f,2021-01-01
0204210,2020,56090,0,0,28045,t,f,2021-01-01
0267680,2020,52047,52047,0,0,t,f,2021-01-01
0236990,2020,48004,0,0,24002,t,f,2021-01-01
0203440,2020,44052,43939,0,56,t,f,2021-01-01
0221040,2020,40800,40800,0,0,t,f,2021-01-01
0257340,2020,38877,22944,0,7966,t,f,2021-01-01
0282860,2020,33605,33605,0,0,t,f,2021-01-01
0239300,2020,27197,27197,0,0,t,f,2021-01-01
0246010,2020,26772,0,0,13386,t,f,2021-01-01
0275160,2020,23770,23770,0,0,f,f,2021-01-01
0262510,2020,22290,18313,0,1988,t,f,2021-01-01
0203220,2020,21748,0,0,21748,t,f,2021-01-01
0256600,2020,20840,20840,0,0,t,f,2021-01-01
0252720,2020,17624,17624,0,0,t,f,2021-01-01
0276260,2020,17166,14720,0,1223,t,f,2021-01-01
0212680,2020,14724,14724,0,0,t,f,2021-01-01
0284070,2020,12707,12707,0,0,t,f,2021-01-01
0258550,2020,10951,10951,0,0,t,f,2021-01-01
0240840,2020,8987,8987,0,0,f,f,2021-01-01
0268340,2020,7927,7927,0,0,t,f,2021-01-01
0269770,2020,5069,5069,0,0,t,f,2021-01-01
0204500,2020,0,0,0,0,f,f,2021-01-01
0256350,2020,0,0,0,0,f,f,2021-01-01
0268670,2020,0,0,0,0,f,f,2021-01-01
0263390,2020,0,0,0,0,f,f,2021-01-01
0216360,2020,0,0,0,0,f,f,2021-01-01
0220380,2020,0,0,0,0,f,f,2021-01-01
0242160,2020,0,0,0,0,f,f,2021-01-01
0200870,2020,0,0,0,0,f,f,2021-01-01
0255030,2020,0,0,0,0,f,f,2021-01-01
0270100,2020,0,0,0,0,f,f,2021-01-01
0201970,2020,0,0,0,0,f,f,2021-01-01
0213230,2020,0,0,0,0,f,f,2021-01-01
0206630,2020,0,0,0,0,f,f,2021-01-01
0234350,2020,0,0,0,0,f,f,2021-01-01
0200650,2020,0,0,0,0,f,f,2021-01-01
0237430,2020,0,0,0,0,f,f,2021-01-01
0215430,2020,0,0,0,0,f,f,2021-01-01
0265800,2020,0,0,0,0,f,f,2021-01-01
0202080,2020,0,0,0,0,f,f,2021-01-01
0214330,2020,0,0,0,0,f,f,2021-01-01
0261080,2020,0,0,0,0,f,f,2021-01-01
0237650,2020,0,0,0,0,f,f,2021-01-01
0203880,2020,0,0,0,0,f,f,2021-01-01
0233030,2020,0,0,0,0,f,f,2021-01-01
0221810,2020,0,0,0,0,f,f,2021-01-01
0284000,2020,0,0,0,0,f,f,2021-01-01
0229180,2020,0,0,0,0,f,f,2021-01-01
0229290,2020,0,0,0,0,f,f,2021-01-01
0256320,2020,0,0,0,0,f,f,2021-01-01
0233910,2020,0,0,0,0,f,f,2021-01-01
0282750,2020,0,0,0,0,f,f,2021-01-01
0254150,2020,0,0,0,0,f,f,2021-01-01
0220970,2020,0,0,0,0,f,f,2021-01-01
0253930,2020,0,0,0,0,f,f,2021-01-01
0219060,2020,0,0,0,0,f,f,2021-01-01
0201200,2020,0,0,0,0,f,f,2021-01-01
0267460,2020,0,0,0,0,f,f,2021-01-01
0281320,2020,0,0,0,0,f,f,2021-01-01
0265590,2020,0,0,0,0,f,f,2021-01-01
0201860,2020,0,0,0,0,f,f,2021-01-01
0253710,2020,0,0,0,0,f,f,2021-01-01
0230060,2020,0,0,0,0,f,f,2021-01-01
0245460,2020,0,0,0,0,f,f,2021-01-01
0218620,2020,0,0,0,0,f,f,2021-01-01
0263610,2020,0,0,0,0,f,f,2021-01-01
0253270,2020,0,0,0,0,f,f,2021-01-01
0242050,2020,0,0,0,0,f,f,2021-01-01
0218510,2020,0,0,0,0,f,f,2021-01-01
0203000,2019,687274112,0,549646929,79872372,t,f,2020-01-01
0236400,2019,113439795,50693173,51106286,5820168,t,f,2020-01-01
0282200,2019,45572317,0,44672851,449733,t,f,2020-01-01
0224230,2019,34442266,0,19533488,7454389,t,f,2020-01-01
0280770,2019,27371866,10911874,6379040,5040476,t,f,2020-01-01
0270540,2019,22925362,12710614,6681724,1766512,t,f,2020-01-01
0283080,2019,20989922,20989922,0,0,t,f,2020-01-01
0238970,2019,18656089,12489754,5696627,234854,t,f,2020-01-01
0240950,2019,14710606,13068105,1187013,227744,t,f,2020-01-01
0233140,2019,11283567,8062653,3220914,0,t,f,2020-01-01
0270760,2019,11023234,8882220,1951208,189806,t,f,2020-01-01
0238420,2019,10939776,7120952,3818824,0,t,f,2020-01-01
0206520,2019,10281161,6593004,0,1868800,t,f,2020-01-01
0254920,2019,9651953,5742795,3638860,135149,t,f,2020-01-01
0258660,2019,8574582,7279716,1294866,0,t,f,2020-01-01
0271640,2019,8163916,7851446,312470,0,t,f,2020-01-01
0268560,2019,7904627,5326437,1466060,556065,t,f,2020-01-01
0218950,2019,6636693,2684535,2596292,717833,t,f,2020-01-01
0217410,2019,6254676,3127512,2547144,298337,t,f,2020-01-01
0255910,2019,5546415,3864533,602892,539495,t,f,2020-01-01
0286380,2019,5427827,3532025,1802428,46687,t,f,2020-01-01
0241830,2019,3271881,2099262,0,681564,t,f,2020-01-01
0239410,2019,3043296,758638,0,1335516,t,f,2020-01-01
0266470,2019,2584833,342997,0,1120918,t,f,2020-01-01
0217740,2019,2581329,1641745,649596,144994,t,f,2020-01-01
0221150,2019,2097956,0,0,1048978,t,f,2020-01-01
0286490,2019,2075214,1176770,381951,302036,t,f,2020-01-01
0201090,2019,1985328,1985328,0,0,t,f,2020-01-01
0233360,2019,1969285,1705089,0,132098,t,f,2020-01-01
0267020,2019,1689433,742071,0,473681,t,f,2020-01-01
0284510,2019,1612661,591889,615409,405363,t,f,2020-01-01
0200065,2019,1273214,550992,0,361111,t,f,2020-01-01
0260640,2019,1080509,1080509,0,0,t,f,2020-01-01
0233800,2019,1063223,329076,408005,170467,t,f,2020-01-01
0224660,2019,828937,69847,0,379545,t,f,2020-01-01
0240400,2019,795908,763238,0,16335,t,f,2020-01-01
0230940,2019,583926,418216,0,82855,t,f,2020-01-01
0277140,2019,450977,423099,0,13939,t,f,2020-01-01
0280660,2019,443766,420356,0,11705,t,f,2020-01-01
0233470,2019,436819,396869,0,19975,t,f,2020-01-01
0256320,2019,416688,0,0,208344,f,f,2020-01-01
0268340,2019,410939,144738,266201,0,t,f,2020-01-01
0277690,2019,407955,141477,0,133239,t,f,2020-01-01
0201420,2019,384349,105931,0,139209,f,f,2020-01-01
0222910,2019,349523,349523,0,0,t,f,2020-01-01
0253050,2019,338295,94277,244018,0,t,f,2020-01-01
0236770,2019,227773,166097,0,30838,t,f,2020-01-01
0246890,2019,204424,3466,0,100479,t,f,2020-01-01
0241720,2019,190972,114864,0,38054,t,f,2020-01-01
0266140,2019,189894,149500,0,20197,f,f,2020-01-01
0227530,2019,173026,173026,0,0,t,f,2020-01-01
0209600,2019,170677,170677,0,0,t,f,2020-01-01
0261630,2019,162421,162421,0,0,t,f,2020-01-01
0268230,2019,158210,158210,0,0,t,f,2020-01-01
0251180,2019,154575,154575,0,0,t,f,2020-01-01
0267680,2019,147785,147785,0,0,t,f,2020-01-01
0226760,2019,146673,146673,0,0,t,f,2020-01-01
0201200,2019,146535,146535,0,0,f,f,2020-01-01
0264600,2019,130140,130140,0,0,t,f,2020-01-01
0266360,2019,124223,124223,0,0,t,f,2020-01-01
0265700,2019,123753,123753,0,0,t,f,2020-01-01
0259650,2019,120368,45430,74938,0,t,f,2020-01-01
0203550,2019,119809,51935,0,33937,t,f,2020-01-01
0255140,2019,116043,116043,0,0,t,f,2020-01-01
0260750,2019,114625,114625,0,0,t,f,2020-01-01
0213230,2019,113669,113669,0,0,f,f,2020-01-01
0267570,2019,107556,107556,0,0,f,f,2020-01-01
0242380,2019,107073,107073,0,0,t,f,2020-01-01
0247000,2019,95514,95514,0,0,t,f,2020-01-01
0213550,2019,92322,0,0,55453,f,f,2020-01-01
0272960,2019,90724,90724,0,0,t,f,2020-01-01
0267460,2019,90000,90000,0,0,f,f,2020-01-01
0222250,2019,87143,87143,0,0,t,f,2020-01-01
0268890,2019,87037,87037,0,0,t,f,2020-01-01
0236540,2019,84904,0,84904,0,t,f,2020-01-01
0275930,2019,83335,82945,0,390,t,f,2020-01-01
0252390,2019,75142,75142,0,0,f,f,2020-01-01
0269770,2019,74744,74744,0,0,f,f,2020-01-01
0227640,2019,67330,67330,0,0,t,f,2020-01-01
0208740,2019,66496,66496,0,0,t,f,2020-01-01
0247990,2019,64667,24667,0,20000,t,f,2020-01-01
0243040,2019,56609,48233,0,4188,t,f,2020-01-01
0234460,2019,49156,49156,0,0,t,f,2020-01-01
0203440,2019,44053,43939,0,57,t,f,2020-01-01
0239960,2019,41438,41438,0,0,t,f,2020-01-01
0241940,2019,39981,39981,0,0,t,f,2020-01-01
0257340,2019,36599,24233,0,6183,t,f,2020-01-01
0221040,2019,35000,35000,0,0,t,f,2020-01-01
0201970,2019,30887,30887,0,0,f,f,2020-01-01
0218510,2019,29344,29344,0,0,f,f,2020-01-01
0270100,2019,25496,25496,0,0,f,f,2020-01-01
0239300,2019,25058,25058,0,0,f,f,2020-01-01
0262510,2019,24948,19934,0,2507,t,f,2020-01-01
0275160,2019,23770,23770,0,0,t,f,2020-01-01
0256600,2019,22699,22699,0,0,t,f,2020-01-01
0216530,2019,22323,0,0,15715,t,f,2020-01-01
0278240,2019,22265,22265,0,0,f,f,2020-01-01
0203220,2019,21749,0,0,21749,t,f,2020-01-01
0246010,2019,21712,0,0,10856,t,f,2020-01-01
0284070,2019,20078,20078,0,0,t,f,2020-01-01
0282860,2019,19478,19478,0,0,t,f,2020-01-01
0252720,2019,19281,19281,0,0,t,f,2020-01-01
0212680,2019,14725,14725,0,0,t,f,2020-01-01
0276260,2019,14047,12599,0,724,t,f,2020-01-01
0219060,2019,13048,13048,0,0,t,f,2020-01-01
0240840,2019,8987,8987,0,0,t,f,2020-01-01
0258550,2019,6733,6733,0,0,t,f,2020-01-01
0202080,2019,4680,0,0,2340,f,f,2020-01-01
0206630,2019,4284,0,0,4284,t,f,2020-01-01
0253930,2019,769,769,0,0,f,f,2020-01-01
0255030,2019,272,272,0,0,f,f,2020-01-01
0220970,2019,0,0,0,0,f,f,2020-01-01
0200870,2019,0,0,0,0,f,f,2020-01-01
0242160,2019,0,0,0,0,f,f,2020-01-01
0253270,2019,0,0,0,0,f,f,2020-01-01
0220380,2019,0,0,0,0,f,f,2020-01-01
0204500,2019,0,0,0,0,f,f,2020-01-01
0245460,2019,0,0,0,0,f,f,2020-01-01
0216360,2019,0,0,0,0,f,f,2020-01-01
0200650,2019,0,0,0,0,f,f,2020-01-01
0281320,2019,0,0,0,0,f,f,2020-01-01
0256350,2019,0,0,0,0,f,f,2020-01-01
0268670,2019,0,0,0,0,f,f,2020-01-01
0242050,2019,0,0,0,0,f,f,2020-01-01
0248870,2019,0,0,0,0,f,f,2020-01-01
0233030,2019,0,0,0,0,f,f,2020-01-01
0282750,2019,0,0,0,0,f,f,2020-01-01
0281920,2019,0,0,0,0,f,f,2020-01-01
0265590,2019,0,0,0,0,f,f,2020-01-01
0256680,2019,0,0,0,0,f,f,2020-01-01
0284000,2019,0,0,0,0,f,f,2020-01-01
0253710,2019,0,0,0,0,f,f,2020-01-01
0215430,2019,0,0,0,0,f,f,2020-01-01
0263610,2019,0,0,0,0,f,f,2020-01-01
0204210,2019,0,0,0,0,f,f,2020-01-01
0214330,2019,0,0,0,0,f,f,2020-01-01
0263390,2019,0,0,0,0,f,f,2020-01-01
0237650,2019,0,0,0,0,f,f,2020-01-01
0254150,2019,0,0,0,0,f,f,2020-01-01
0218620,2019,0,0,0,0,f,f,2020-01-01
0230060,2019,0,0,0,0,f,f,2020-01-01
0265800,2019,0,0,0,0,f,f,2020-01-01
0261080,2019,0,0,0,0,f,f,2020-01-01
0236990,2019,0,0,0,0,f,f,2020-01-01
0201860,2019,0,0,0,0,f,f,2020-01-01
0233910,2019,0,0,0,0,f,f,2020-01-01
0221810,2019,0,0,0,0,f,f,2020-01-01
0237430,2019,0,0,0,0,f,f,2020-01-01
0229180,2019,0,0,0,0,f,f,2020-01-01
0203880,2019,0,0,0,0,f,f,2020-01-01
0229290,2019,0,0,0,0,f,f,2020-01-01
0234350,2019,0,0,0,0,f,f,2020-01-01
0203000,2018,676733116,0,559708860,64781919,t,f,2019-01-01
0236400,2018,109947742,48145921,50551911,5703955,t,f,2019-01-01
0282200,2018,44663620,0,43867096,398262,t,f,2019-01-01
0224230,2018,28266441,0,15365211,6466784,t,f,2019-01-01
0280770,2018,26519867,10754944,6594967,4584978,t,f,2019-01-01
0270540,2018,20984684,11592306,6499704,1446337,t,f,2019-01-01
0238970,2018,18184800,11950853,5583928,650019,t,f,2019-01-01
0283080,2018,16013165,16013165,0,0,t,f,2019-01-01
0240950,2018,13400079,11886157,1103470,205226,t,f,2019-01-01
0233140,2018,11385512,7848136,3537376,0,t,f,2019-01-01
0238420,2018,10658008,6873397,3784611,0,t,f,2019-01-01
0270760,2018,10362234,8109415,1894669,179075,t,f,2019-01-01
0206520,2018,10068143,6275835,0,1896154,t,f,2019-01-01
0254920,2018,8695367,5449449,2926828,159545,t,f,2019-01-01
0258660,2018,8301989,6999693,1302296,0,t,f,2019-01-01
0271640,2018,7730181,7730181,0,0,t,f,2019-01-01
0268560,2018,7416955,5160344,1214797,520907,t,f,2019-01-01
0217410,2018,6139622,3118848,2642964,188905,t,f,2019-01-01
0218950,2018,5847454,2273753,2865469,385260,t,f,2019-01-01
0241830,2018,5291587,3886457,0,702565,t,f,2019-01-01
0255910,2018,5017575,3626352,382057,504583,t,f,2019-01-01
0286380,2018,4970335,3111485,1761736,48557,t,f,2019-01-01
0221150,2018,4781640,0,0,2390820,t,f,2019-01-01
0266470,2018,3731046,344276,0,1693385,f,f,2019-01-01
0201090,2018,3337019,3337019,0,0,f,f,2019-01-01
0239410,2018,2656922,758638,0,949142,f,f,2019-01-01
0217740,2018,2407946,1548306,626016,116812,t,f,2019-01-01
0267020,2018,1886481,683075,0,601703,t,f,2019-01-01
0286490,2018,1778992,1029421,377863,185854,t,f,2019-01-01
0284510,2018,1754004,591887,779866,382251,t,f,2019-01-01
0233360,2018,1753169,1526515,0,113327,t,f,2019-01-01
0200065,2018,1164338,522804,0,320767,t,f,2019-01-01
0260640,2018,1080508,1080508,0,0,t,f,2019-01-01
0233800,2018,798243,341254,390156,64324,t,f,2019-01-01
0281920,2018,724190,0,0,362095,f,f,2019-01-01
0240400,2018,689394,661952,0,13721,f,f,2019-01-01
0230940,2018,539201,361827,0,88687,t,f,2019-01-01
0234460,2018,464682,464682,0,0,t,f,2019-01-01
0277140,2018,454642,430416,0,12113,t,f,2019-01-01
0268340,2018,417306,134881,282425,0,t,f,2019-01-01
0256320,2018,416688,0,0,208344,f,f,2019-01-01
0280660,2018,412625,396943,0,7841,t,f,2019-01-01
0201420,2018,384349,105931,0,139209,f,f,2019-01-01
0253050,2018,382958,179368,197356,6234,f,f,2019-01-01
0233470,2018,345665,310899,0,17383,f,f,2019-01-01
0222910,2018,257655,257655,0,0,f,f,2019-01-01
0227530,2018,240000,240000,0,0,f,f,2019-01-01
0224660,2018,215889,30077,0,92906,f,f,2019-01-01
0266140,2018,189894,149500,0,20197,t,f,2019-01-01
0261630,2018,188126,188126,0,0,t,f,2019-01-01
0277690,2018,186775,121579,0,32598,f,f,2019-01-01
0236770,2018,176500,166234,0,5133,f,f,2019-01-01
0268230,2018,153934,153934,0,0,f,f,2019-01-01
0264600,2018,148539,148539,0,0,t,f,2019-01-01
0201200,2018,146535,146535,0,0,f,f,2019-01-01
0226760,2018,145557,145557,0,0,t,f,2019-01-01
0259650,2018,142021,39814,63379,19414,t,f,2019-01-01
0251180,2018,141307,141307,0,0,t,f,2019-01-01
0246890,2018,137647,137647,0,0,f,f,2019-01-01
0267680,2018,132868,132868,0,0,f,f,2019-01-01
0266360,2018,127429,127429,0,0,t,f,2019-01-01
0203550,2018,125088,50978,0,37055,t,f,2019-01-01
0255140,2018,116042,116042,0,0,t,f,2019-01-01
0213230,2018,113669,113669,0,0,f,f,2019-01-01
0213550,2018,110906,0,0,55453,f,f,2019-01-01
0260750,2018,110221,110221,0,0,t,f,2019-01-01
0267570,2018,107556,107556,0,0,f,f,2019-01-01
0204210,2018,102888,0,0,51444,f,f,2019-01-01
0227640,2018,100316,100316,0,0,f,f,2019-01-01
0209600,2018,99802,99802,0,0,f,f,2019-01-01
0216530,2018,99401,0,0,75875,f,f,2019-01-01
0247000,2018,95513,95513,0,0,f,f,2019-01-01
0241720,2018,92782,92782,0,0,f,f,2019-01-01
0267460,2018,90000,90000,0,0,f,f,2019-01-01
0236540,2018,86443,0,86443,0,t,f,2019-01-01
0236990,2018,84254,0,0,42127,t,f,2019-01-01
0222250,2018,75799,75799,0,0,t,f,2019-01-01
0252390,2018,75142,75142,0,0,t,f,2019-01-01
0269770,2018,74744,74744,0,0,f,f,2019-01-01
0265700,2018,72496,72496,0,0,f,f,2019-01-01
0272960,2018,68492,68492,0,0,f,f,2019-01-01
0203440,2018,66730,54036,0,6347,f,f,2019-01-01
0256680,2018,65831,55955,0,4938,t,f,2019-01-01
0268890,2018,59256,59256,0,0,t,f,2019-01-01
0243040,2018,56351,45725,0,5313,t,f,2019-01-01
0208740,2018,48201,48201,0,0,f,f,2019-01-01
0256600,2018,48060,48060,0,0,t,f,2019-01-01
0241940,2018,44847,44847,0,0,f,f,2019-01-01
0212680,2018,44588,44588,0,0,f,f,2019-01-01
0239960,2018,38174,38174,0,0,t,f,2019-01-01
0221040,2018,36000,36000,0,0,t,f,2019-01-01
0247990,2018,35821,16483,0,9669,f,f,2019-01-01
0246010,2018,33364,0,0,16682,f,f,2019-01-01
0282860,2018,33176,33176,0,0,f,f,2019-01-01
0257340,2018,32857,23417,0,4720,t,f,2019-01-01
0201970,2018,30887,30887,0,0,f,f,2019-01-01
0218510,2018,29344,29344,0,0,f,f,2019-01-01
0275930,2018,26267,26267,0,0,f,f,2019-01-01
0270100,2018,25496,25496,0,0,f,f,2019-01-01
0239300,2018,25058,25058,0,0,f,f,2019-01-01
0262510,2018,23867,18953,0,2457,t,f,2019-01-01
0203220,2018,23401,0,0,23401,f,f,2019-01-01
0278240,2018,22265,22265,0,0,t,f,2019-01-01
0275160,2018,21497,21497,0,0,t,f,2019-01-01
0252720,2018,19280,19280,0,0,f,f,2019-01-01
0242380,2018,17270,17270,0,0,f,f,2019-01-01
0276260,2018,16098,14442,0,828,t,f,2019-01-01
0263610,2018,13074,0,0,6537,t,f,2019-01-01
0219060,2018,13047,13047,0,0,f,f,2019-01-01
0284070,2018,11925,11925,0,0,t,f,2019-01-01
0240840,2018,10740,10740,0,0,t,f,2019-01-01
0258550,2018,6832,6832,0,0,t,f,2019-01-01
0202080,2018,4680,0,0,2340,f,f,2019-01-01
0206630,2018,4283,0,0,4283,f,f,2019-01-01
0253930,2018,769,769,0,0,f,f,2019-01-01
0255030,2018,272,272,0,0,f,f,2019-01-01
0220970,2018,0,0,0,0,f,f,2019-01-01
0229290,2018,0,0,0,0,f,f,2019-01-01
0203880,2018,0,0,0,0,f,f,2019-01-01
0229180,2018,0,0,0,0,f,f,2019-01-01
0254150,2018,0,0,0,0,f,f,2019-01-01
0242050,2018,0,0,0,0,f,f,2019-01-01
0237430,2018,0,0,0,0,f,f,2019-01-01
0201860,2018,0,0,0,0,f,f,2019-01-01
0261080,2018,0,0,0,0,f,f,2019-01-01
0234350,2018,0,0,0,0,f,f,2019-01-01
0218620,2018,0,0,0,0,f,f,2019-01-01
0265800,2018,0,0,0,0,f,f,2019-01-01
0242160,2018,0,0,0,0,f,f,2019-01-01
0230060,2018,0,0,0,0,f,f,2019-01-01
0263390,2018,0,0,0,0,f,f,2019-01-01
0284000,2018,0,0,0,0,f,f,2019-01-01
0215430,2018,0,0,0,0,f,f,2019-01-01
0265590,2018,0,0,0,0,f,f,2019-01-01
0237650,2018,0,0,0,0,f,f,2019-01-01
0233910,2018,0,0,0,0,f,f,2019-01-01
0253710,2018,0,0,0,0,f,f,2019-01-01
0248870,2018,0,0,0,0,f,f,2019-01-01
0282750,2018,0,0,0,0,f,f,2019-01-01
0214330,2018,0,0,0,0,f,f,2019-01-01
0233030,2018,0,0,0,0,f,f,2019-01-01
0256350,2018,0,0,0,0,f,f,2019-01-01
0268670,2018,0,0,0,0,f,f,2019-01-01
0281320,2018,0,0,0,0,f,f,2019-01-01
0245460,2018,0,0,0,0,f,f,2019-01-01
0200650,2018,0,0,0,0,f,f,2019-01-01
0253270,2018,0,0,0,0,f,f,2019-01-01
0220380,2018,0,0,0,0,f,f,2019-01-01
0216360,2018,0,0,0,0,f,f,2019-01-01
0221810,2018,0,0,0,0,f,f,2019-01-01
0204500,2018,0,0,0,0,f,f,2019-01-01
0200870,2018,0,0,0,0,f,f,2019-01-01
0203000,2017,648806737,0,530776804,64866050,t,f,2018-01-01
0236400,2017,106688764,46811936,49048770,5414029,t,f,2018-01-01
0282200,2017,44515415,0,43662317,426549,t,f,2018-01-01
0224230,2017,42992603,0,30091373,6466784,t,f,2018-01-01
0280770,2017,27177270,11026953,6228017,4961150,t,f,2018-01-01
0270540,2017,20160614,10794431,6398721,1483731,t,f,2018-01-01
0238970,2017,18046766,11486448,5565570,497374,t,f,2018-01-01
0283080,2017,13361686,13361686,0,0,t,f,2018-01-01
0240950,2017,12379835,10896295,1089650,196945,t,f,2018-01-01
0238420,2017,11124844,7375543,3749301,0,t,f,2018-01-01
0233140,2017,10853617,7674256,3179361,0,t,f,2018-01-01
0270760,2017,9649855,7462383,1845732,170870,t,f,2018-01-01
0206520,2017,9508094,5845400,0,2029304,t,f,2018-01-01
0254920,2017,8598842,5081041,3218999,149401,t,f,2018-01-01
0258660,2017,7799314,6583847,1215467,0,t,f,2018-01-01
0271640,2017,7355882,7058408,297474,0,t,f,2018-01-01
0268560,2017,7171404,5004992,1154722,505845,t,f,2018-01-01
0217410,2017,5926847,3398095,2254974,136889,t,f,2018-01-01
0218950,2017,5599463,2528395,2256826,446394,t,f,2018-01-01
0255910,2017,4780668,2878740,819590,541169,t,f,2018-01-01
0286380,2017,4455438,2616936,1730112,54195,t,f,2018-01-01
0241830,2017,4336689,3101293,0,617698,t,f,2018-01-01
0266470,2017,3731046,344276,0,1693385,t,f,2018-01-01
0201090,2017,3337019,3337019,0,0,t,f,2018-01-01
0239410,2017,2656922,758638,0,949142,t,f,2018-01-01
0217740,2017,2148826,1529061,619765,0,t,f,2018-01-01
0267020,2017,1929804,730258,0,599773,t,f,2018-01-01
0286490,2017,1763770,1027371,367978,193226,t,f,2018-01-01
0233360,2017,1418802,1418802,0,0,t,f,2018-01-01
0284510,2017,1326401,570361,363897,392143,t,f,2018-01-01
0281920,2017,724190,0,0,362095,t,f,2018-01-01
0240400,2017,689394,661952,0,13721,t,f,2018-01-01
0260640,2017,642583,642583,0,0,t,f,2018-01-01
0233800,2017,598374,198165,385539,14670,t,f,2018-01-01
0200065,2017,578237,322433,0,127902,t,f,2018-01-01
0230940,2017,528022,357448,0,85287,t,f,2018-01-01
0268340,2017,498179,243479,254700,0,t,f,2018-01-01
0277140,2017,439502,417606,0,10948,t,f,2018-01-01
0256320,2017,416688,0,0,208344,t,f,2018-01-01
0280660,2017,393168,393168,0,0,t,f,2018-01-01
0201420,2017,384349,105931,0,139209,t,f,2018-01-01
0253050,2017,382958,179368,197356,6234,t,f,2018-01-01
0233470,2017,345665,310899,0,17383,t,f,2018-01-01
0222910,2017,257655,257655,0,0,t,f,2018-01-01
0227530,2017,240000,240000,0,0,t,f,2018-01-01
0224660,2017,215889,30077,0,92906,t,f,2018-01-01
0266140,2017,208552,129602,0,39475,t,f,2018-01-01
0277690,2017,186775,121579,0,32598,t,f,2018-01-01
0264600,2017,179014,178696,0,159,t,f,2018-01-01
0236770,2017,176500,166234,0,5133,t,f,2018-01-01
0261630,2017,163410,163410,0,0,t,f,2018-01-01
0226760,2017,154342,154342,0,0,t,f,2018-01-01
0268230,2017,153934,153934,0,0,t,f,2018-01-01
0259650,2017,147126,44236,73854,14518,t,f,2018-01-01
0201200,2017,146535,146535,0,0,t,f,2018-01-01
0246890,2017,137647,137647,0,0,t,f,2018-01-01
0267680,2017,132868,132868,0,0,t,f,2018-01-01
0251180,2017,129147,129147,0,0,t,f,2018-01-01
0266360,2017,118109,118109,0,0,t,f,2018-01-01
0203550,2017,116599,52259,0,32170,t,f,2018-01-01
0255140,2017,116043,116043,0,0,t,f,2018-01-01
0213230,2017,113669,113669,0,0,t,f,2018-01-01
0213550,2017,110906,0,0,55453,t,f,2018-01-01
0267570,2017,107556,107556,0,0,t,f,2018-01-01
0260750,2017,107154,107154,0,0,t,f,2018-01-01
0204210,2017,102888,0,0,51444,t,f,2018-01-01
0227640,2017,100316,100316,0,0,t,f,2018-01-01
0209600,2017,99802,99802,0,0,t,f,2018-01-01
0216530,2017,99401,0,0,75875,t,f,2018-01-01
0247000,2017,95513,95513,0,0,t,f,2018-01-01
0241720,2017,92782,92782,0,0,t,f,2018-01-01
0267460,2017,90000,90000,0,0,t,f,2018-01-01
0252390,2017,82439,82439,0,0,t,f,2018-01-01
0269770,2017,74744,74744,0,0,t,f,2018-01-01
0222250,2017,74029,74029,0,0,t,f,2018-01-01
0265700,2017,72496,72496,0,0,t,f,2018-01-01
0268890,2017,70710,70710,0,0,t,f,2018-01-01
0272960,2017,68492,68492,0,0,t,f,2018-01-01
0236540,2017,68238,0,68238,0,t,f,2018-01-01
0203440,2017,66730,54036,0,6347,t,f,2018-01-01
0243040,2017,61418,14344,0,24952,t,f,2018-01-01
0256680,2017,53647,45709,0,3969,t,f,2018-01-01
0208740,2017,48201,48201,0,0,t,f,2018-01-01
0241940,2017,44847,44847,0,0,t,f,2018-01-01
0212680,2017,44588,44588,0,0,t,f,2018-01-01
0234460,2017,41331,41331,0,0,t,f,2018-01-01
0239960,2017,37243,37243,0,0,t,f,2018-01-01
0247990,2017,35821,16483,0,9669,t,f,2018-01-01
0236990,2017,35686,0,0,17843,t,f,2018-01-01
0246010,2017,33364,0,0,16682,t,f,2018-01-01
0282860,2017,33176,33176,0,0,t,f,2018-01-01
0257340,2017,31685,24275,0,3705,t,f,2018-01-01
0221040,2017,31000,31000,0,0,t,f,2018-01-01
0201970,2017,30887,30887,0,0,t,f,2018-01-01
0218510,2017,29344,29344,0,0,t,f,2018-01-01
0278240,2017,28284,28284,0,0,t,f,2018-01-01
0275930,2017,26267,26267,0,0,t,f,2018-01-01
0275160,2017,25510,25510,0,0,t,f,2018-01-01
0270100,2017,25496,25496,0,0,t,f,2018-01-01
0239300,2017,25058,25058,0,0,t,f,2018-01-01
0203220,2017,23401,0,0,23401,t,f,2018-01-01
0262510,2017,20989,17173,0,1908,t,f,2018-01-01
0252720,2017,19280,19280,0,0,t,f,2018-01-01
0256600,2017,17836,17836,0,0,t,f,2018-01-01
0242380,2017,17270,17270,0,0,t,f,2018-01-01
0276260,2017,14722,11632,0,1545,t,f,2018-01-01
0219060,2017,13047,13047,0,0,t,f,2018-01-01
0284070,2017,12549,12549,0,0,t,f,2018-01-01
0263610,2017,11824,0,0,5912,t,f,2018-01-01
0240840,2017,5887,5887,0,0,t,f,2018-01-01
0258550,2017,5594,5594,0,0,t,f,2018-01-01
0202080,2017,4680,0,0,2340,t,f,2018-01-01
0206630,2017,4283,0,0,4283,t,f,2018-01-01
0253930,2017,769,769,0,0,t,f,2018-01-01
0255030,2017,272,272,0,0,t,f,2018-01-01
0245460,2017,0,0,0,0,f,f,2018-01-01
0204500,2017,0,0,0,0,f,f,2018-01-01
0242160,2017,0,0,0,0,f,f,2018-01-01
0200650,2017,0,0,0,0,f,f,2018-01-01
0242050,2017,0,0,0,0,f,f,2018-01-01
0233030,2017,0,0,0,0,t,f,2018-01-01
0282750,2017,0,0,0,0,f,f,2018-01-01
0265590,2017,0,0,0,0,f,f,2018-01-01
0254150,2017,0,0,0,0,f,f,2018-01-01
0263390,2017,0,0,0,0,f,f,2018-01-01
0234350,2017,0,0,0,0,f,f,2018-01-01
0253710,2017,0,0,0,0,f,f,2018-01-01
0230060,2017,0,0,0,0,f,f,2018-01-01
0218620,2017,0,0,0,0,f,f,2018-01-01
0233910,2017,0,0,0,0,f,f,2018-01-01
0201860,2017,0,0,0,0,f,f,2018-01-01
0203880,2017,0,0,0,0,f,f,2018-01-01
0220970,2017,0,0,0,0,f,f,2018-01-01
0237430,2017,0,0,0,0,f,f,2018-01-01
0229290,2017,0,0,0,0,f,f,2018-01-01
0229180,2017,0,0,0,0,f,f,2018-01-01
0261080,2017,0,0,0,0,f,f,2018-01-01
0265800,2017,0,0,0,0,f,f,2018-01-01
0221150,2017,0,0,0,0,f,f,2018-01-01
0237650,2017,0,0,0,0,f,f,2018-01-01
0215430,2017,0,0,0,0,f,f,2018-01-01
0284000,2017,0,0,0,0,f,f,2018-01-01
0214330,2017,0,0,0,0,f,f,2018-01-01
0221810,2017,0,0,0,0,f,f,2018-01-01
0248870,2017,0,0,0,0,f,f,2018-01-01
0256350,2017,0,0,0,0,f,f,2018-01-01
0268670,2017,0,0,0,0,f,f,2018-01-01
0253270,2017,0,0,0,0,f,f,2018-01-01
0281320,2017,0,0,0,0,f,f,2018-01-01
0220380,2017,0,0,0,0,f,f,2018-01-01
0216360,2017,0,0,0,0,f,f,2018-01-01
0200870,2017,0,0,0,0,f,f,2018-01-01
