fips_code,name,start_year,end_year,estimated_pop_age_total,estimated_pop_age_under_5,estimated_pop_age_5_9,estimated_pop_age_10_14,estimated_pop_age_15_19,estimated_pop_age_20_24,estimated_pop_age_25_34,estimated_pop_age_35_44,estimated_pop_age_45_54,estimated_pop_age_55_59,estimated_pop_age_60_64,estimated_pop_age_65_74,estimated_pop_age_75_84,estimated_pop_age_85_plus,estimated_pop_age_median_age,estimated_pop_age_under_18,estimated_pop_age_18_plus,estimated_pop_age_21_plus,estimated_pop_age_62_plus,estimated_pop_age_65_plus,estimated_pop_total,estimated_pop_male,estimated_pop_female
0200650,Akhiok,2020,2024,160,10,7,2,1,3,65,18,10,34,7,0,0,3,29,20,140,140,5,3,160,93,67
0200760,Akiachak,2020,2024,736,115,108,80,34,45,106,77,49,24,13,70,15,0,24.3,331,405,394,94,85,736,369,367
0201090,Akutan,2020,2024,694,9,6,12,3,48,143,178,162,37,54,40,2,0,41.6,29,665,664,51,42,694,509,185
0201200,Alakanuk,2020,2024,864,119,75,106,107,52,137,94,59,53,21,31,10,0,21.6,373,491,442,46,41,864,490,374
0201305,Alatna,2020,2024,11,0,0,0,1,0,0,8,0,0,0,1,1,0,43.6,0,11,10,2,2,11,2,9
0201390,Alcan Border,2020,2024,3,0,0,0,0,0,1,0,0,2,0,0,0,0,,0,3,3,0,0,3,3,0
0201420,Aleknagik,2020,2024,92,0,2,7,0,7,11,12,1,16,9,22,3,2,56.5,9,83,82,36,27,92,49,43
0201560,Aleneva,2020,2024,0,0,0,0,0,0,0,0,0,0,0,0,0,0,,0,0,0,0,0,0,0,0
0201970,Ambler,2020,2024,182,21,26,9,2,9,34,13,14,4,11,21,12,6,33.3,58,124,118,49,39,182,93,89
0202080,Anaktuvuk Pass,2020,2024,329,25,27,46,34,15,61,34,24,14,31,15,3,0,27.2,116,213,194,43,18,329,206,123
0203000,Anchorage,2020,2024,288976,18335,19834,18656,18024,21263,47629,42390,32785,15625,17252,24263,10137,2783,35.2,67997,220979,209750,47015,37183,288976,147639,141337
0203110,Anchor Point,2020,2024,2243,44,129,108,125,69,149,322,361,152,190,396,144,54,50.6,377,1866,1826,706,594,2243,1231,1012
0203220,Anderson,2020,2024,140,7,15,10,19,13,7,22,11,7,11,17,1,0,34.8,41,99,88,26,18,140,73,67
0203880,Anvik,2020,2024,79,7,10,8,5,7,4,11,8,4,2,4,9,0,34.5,28,51,48,15,13,79,41,38
0204430,Atmautluak,2020,2024,88,7,6,10,12,12,9,19,9,0,0,0,4,0,23.4,29,59,49,4,4,88,36,52
0204500,Atqasuk,2020,2024,288,22,32,38,20,25,55,50,20,12,4,10,0,0,27.3,101,187,172,10,10,288,161,127
0205000,Badger,2020,2024,18677,1032,1074,1576,1169,1312,3115,2889,1820,1522,905,1289,788,186,35.1,4430,14247,13430,2859,2263,18677,10708,7969
0205585,Bear Creek,2020,2024,1732,68,48,216,88,49,129,165,276,213,312,168,0,0,49.7,420,1312,1263,440,168,1732,909,823
0206245,Beluga,2020,2024,4,0,0,0,0,0,3,0,0,0,0,0,1,0,,0,4,4,1,1,4,4,0
0206520,Bethel,2020,2024,6312,493,555,474,464,478,965,883,727,465,353,354,52,49,32.4,1827,4485,4257,665,455,6312,3521,2791
0206630,Bettles,2020,2024,16,1,2,0,1,0,0,12,0,0,0,0,0,0,36.8,4,12,12,0,0,16,7,9
0206850,Big Delta,2020,2024,565,27,26,81,78,37,51,27,65,48,25,100,0,0,30,199,366,353,125,100,565,346,219
0207070,Big Lake,2020,2024,3585,220,238,233,177,109,599,504,302,287,356,402,144,14,38.8,813,2772,2684,747,560,3585,1823,1762
0207620,Birch Creek,2020,2024,0,0,0,0,0,0,0,0,0,0,0,0,0,0,,0,0,0,0,0,0,0,0
0208740,Brevig Mission,2020,2024,718,97,91,101,33,51,119,74,30,44,27,40,11,0,22.2,313,405,388,60,51,718,341,377
0209600,Buckland,2020,2024,533,53,54,66,52,52,87,54,39,15,21,12,24,4,23.6,213,320,288,55,40,533,305,228
0209657,Buffalo Soapstone,2020,2024,739,17,35,29,43,35,85,54,105,83,75,153,25,0,54.1,120,619,593,226,178,739,369,370
0209710,Butte,2020,2024,4085,203,221,364,291,254,373,475,639,299,313,395,162,96,42.2,967,3118,2974,809,653,4085,2038,2047
0210150,Cantwell,2020,2024,128,6,1,2,2,0,15,15,8,10,5,21,36,7,65,10,118,117,67,64,128,77,51
0211690,Central,2020,2024,108,0,11,6,6,0,0,10,6,15,24,18,12,0,59,23,85,85,44,30,108,58,50
0211800,Chalkyitsik,2020,2024,80,10,6,13,0,0,21,23,0,7,0,0,0,0,32.5,29,51,51,0,0,80,47,33
0212350,Chase,2020,2024,29,0,0,0,0,0,0,0,0,0,0,29,0,0,,0,29,29,29,29,29,15,14
0212680,Chefornak,2020,2024,620,84,86,61,51,26,81,67,24,22,34,63,18,3,25.5,265,355,330,104,84,620,333,287
0212920,Chena Ridge,2020,2024,5881,424,331,527,245,185,1031,850,835,119,695,458,181,0,37.5,1470,4411,4320,1043,639,5881,3006,2875
0212970,Chenega,2020,2024,37,3,2,2,14,4,3,2,7,0,0,0,0,0,19.2,18,19,16,0,0,37,16,21
0213230,Chevak,2020,2024,494,57,57,79,33,15,98,55,30,9,35,21,5,0,26,205,289,263,55,26,494,258,236
0213340,Chickaloon,2020,2024,333,44,7,16,0,19,74,11,8,28,19,72,31,4,42.6,67,266,266,126,107,333,163,170
0213450,Chicken,2020,2024,0,0,0,0,0,0,0,0,0,0,0,0,0,0,,0,0,0,0,0,0,0,0
0213550,Chignik,2020,2024,27,0,0,2,2,0,3,3,4,2,3,6,2,0,53.8,4,23,23,8,8,27,14,13
0213670,Chignik Lagoon,2020,2024,29,0,0,0,0,4,2,0,4,6,8,5,0,0,55.8,0,29,27,13,5,29,14,15
0213890,Chisana,2020,2024,0,0,0,0,0,0,0,0,0,0,0,0,0,0,,0,0,0,0,0,0,0,0
0214000,Chistochina,2020,2024,58,0,7,0,0,2,0,7,10,6,8,8,3,7,59.4,7,51,49,18,18,58,14,44
0214110,Chitina,2020,2024,100,11,18,10,4,3,11,9,7,1,14,10,2,0,29.8,42,58,57,17,12,100,59,41
0214330,Chuathbaluk,2020,2024,82,3,14,3,3,17,6,4,10,2,12,8,0,0,25.5,20,62,59,15,8,82,34,48
0214880,Circle,2020,2024,54,0,4,12,0,0,0,4,4,0,0,5,18,7,67.6,16,38,38,30,30,54,20,34
0215320,Clam Gulch,2020,2024,238,0,5,18,0,38,9,31,29,7,19,59,19,4,51,23,215,215,97,82,238,147,91
0216360,Coffman Cove,2020,2024,269,33,14,19,6,2,27,27,20,39,15,50,17,0,50.1,70,199,197,76,67,269,167,102
0216420,Cohoe,2020,2024,1598,105,65,90,172,57,101,170,246,135,172,205,75,5,48.4,366,1232,1160,399,285,1598,812,786
0216530,Cold Bay,2020,2024,145,17,6,0,1,50,21,29,6,6,8,1,0,0,23.9,23,122,121,3,1,145,68,77
0216630,Coldfoot,2020,2024,211,0,0,0,0,0,114,0,49,48,0,0,0,0,33.8,0,211,211,0,0,211,150,61
0216750,College,2020,2024,11924,873,515,834,869,1244,1996,1679,1038,320,479,1475,423,179,32.7,2602,9322,8499,2358,2077,11924,6688,5236
0217190,Cooper Landing,2020,2024,227,20,24,0,0,0,45,5,74,32,0,27,0,0,46.4,44,183,183,27,27,227,102,125
0217300,Copper Center,2020,2024,346,3,34,30,25,9,32,40,50,21,38,48,13,3,44.5,84,262,248,87,64,346,197,149
0217410,Cordova,2020,2024,2453,178,127,117,116,195,338,284,186,232,183,354,105,38,37.8,462,1991,1850,631,497,2453,1218,1235
0217670,Covenant Life,2020,2024,15,0,0,0,0,0,0,0,15,0,0,0,0,0,,0,15,15,0,0,15,8,7
0217740,Craig,2020,2024,1131,41,57,58,70,41,140,148,157,87,104,173,50,5,45.5,197,934,899,265,228,1131,596,535
0217850,Crooked Creek,2020,2024,17,0,3,0,3,0,3,0,3,0,2,3,0,0,27.8,3,14,11,5,3,17,9,8
0217960,Crown Point,2020,2024,65,0,0,0,0,0,0,18,0,13,20,14,0,0,62.1,0,65,65,34,14,65,21,44
0218510,Deering,2020,2024,227,29,16,29,24,15,46,17,22,8,8,10,3,0,29.2,93,134,126,19,13,227,121,106
0218620,Delta Junction,2020,2024,1217,111,51,116,49,57,262,251,118,38,47,61,45,11,34.2,295,922,873,140,117,1217,753,464
0218675,Deltana,2020,2024,1997,115,91,145,144,74,238,186,347,87,135,263,145,27,45.1,456,1541,1463,486,435,1997,1031,966
0218805,Denali Park,2020,2024,819,6,15,3,0,18,115,499,71,52,3,32,5,0,44.4,24,795,777,40,37,819,716,103
0218925,Diamond Ridge,2020,2024,1329,69,68,138,38,93,155,186,118,123,79,191,53,18,41.5,309,1020,989,314,262,1329,676,653
0218950,Dillingham,2020,2024,2109,133,181,156,143,117,313,309,165,110,233,169,59,21,35.5,564,1545,1492,391,249,2109,1075,1034
0219060,Diomede,2020,2024,27,4,6,2,0,0,12,3,0,0,0,0,0,0,27.2,12,15,15,0,0,27,11,16
0219720,Dot Lake,2020,2024,0,0,0,0,0,0,0,0,0,0,0,0,0,0,,0,0,0,0,0,0,0,0
0219750,Dot Lake Village,2020,2024,0,0,0,0,0,0,0,0,0,0,0,0,0,0,,0,0,0,0,0,0,0,0
0220020,Dry Creek,2020,2024,162,44,0,0,0,40,0,0,21,57,0,0,0,0,24.8,44,118,118,0,0,162,104,58
0220380,Eagle,2020,2024,95,0,0,3,3,0,5,7,1,11,13,29,19,4,69.5,6,89,89,52,52,95,63,32
0220600,Eagle Village,2020,2024,24,0,0,0,4,3,0,0,0,0,7,10,0,0,62.5,0,24,17,14,10,24,24,0
0220716,Eareckson Station,2020,2024,129,0,0,0,0,30,21,30,15,3,21,9,0,0,40,0,129,122,17,9,129,104,25
0220970,Edna Bay,2020,2024,25,0,0,0,0,0,0,16,0,0,3,6,0,0,43.7,0,25,25,9,6,25,19,6
0221040,Eek,2020,2024,174,9,24,27,13,9,14,17,31,8,9,13,0,0,27.5,69,105,100,17,13,174,95,79
0221150,Egegik,2020,2024,54,0,0,0,2,0,23,11,10,6,2,0,0,0,42.2,2,52,52,0,0,54,48,6
0221370,Eielson AFB,2020,2024,3155,368,670,119,85,685,661,492,41,20,0,0,0,14,22.3,1174,1981,1770,14,14,3155,1904,1251
0221810,Ekwok,2020,2024,36,2,4,2,7,0,4,6,2,0,2,2,5,0,30.5,12,24,21,9,7,36,18,18
0222140,Elfin Cove,2020,2024,28,0,0,0,0,0,0,0,0,0,0,22,6,0,73.1,0,28,28,28,28,28,15,13
0222250,Elim,2020,2024,383,25,48,50,51,37,45,42,33,23,10,16,3,0,22.3,160,223,200,26,19,383,226,157
0222910,Emmonak,2020,2024,966,131,123,60,54,83,125,132,68,35,27,124,2,2,28,351,615,591,144,128,966,534,432
0223460,Ester,2020,2024,2752,66,159,68,139,128,688,308,384,91,362,354,5,0,38,361,2391,2319,643,359,2752,1707,1045
0223720,Eureka Roadhouse,2020,2024,0,0,0,0,0,0,0,0,0,0,0,0,0,0,,0,0,0,0,0,0,0,0
0223790,Evansville,2020,2024,17,0,0,0,0,0,0,11,0,0,2,4,0,0,37.7,0,17,17,6,4,17,6,11
0223900,Excursion Inlet,2020,2024,62,0,0,0,0,0,25,0,13,18,6,0,0,0,53.5,0,62,62,6,0,62,29,33
0224230,Fairbanks,2020,2024,32083,2590,2202,1885,1883,4208,6911,3684,2806,1201,902,2505,1004,302,29,7888,24195,23105,4354,3811,32083,17373,14710
0224660,False Pass,2020,2024,151,22,10,2,4,35,13,12,0,40,0,13,0,0,32.8,38,113,113,13,13,151,77,74
0224980,Farmers Loop,2020,2024,4954,244,513,229,334,195,874,712,542,302,378,335,278,18,36.6,1199,3755,3634,783,631,4954,2463,2491
0225000,Farm Loop,2020,2024,2894,161,166,201,298,83,301,561,318,205,175,324,77,24,40.2,708,2186,2011,512,425,2894,1493,1401
0225220,Ferry,2020,2024,22,5,0,0,0,0,2,0,0,3,0,4,0,8,65.3,5,17,17,12,12,22,14,8
0225880,Flat,2020,2024,0,0,0,0,0,0,0,0,0,0,0,0,0,0,,0,0,0,0,0,0,0,0
0226760,Fort Yukon,2020,2024,656,54,39,58,29,90,54,75,82,16,30,94,30,5,35.3,178,478,474,151,129,656,304,352
0226835,Four Mile Road,2020,2024,0,0,0,0,0,0,0,0,0,0,0,0,0,0,,0,0,0,0,0,0,0,0
0226870,Fox,2020,2024,80,0,0,0,0,0,24,0,0,0,17,20,19,0,64.9,0,80,80,56,39,80,39,41
0226910,Fox River,2020,2024,741,120,73,84,48,94,119,57,57,19,26,27,12,5,22.7,309,432,398,58,44,741,383,358
0227090,Fritz Creek,2020,2024,2383,143,131,134,86,35,238,339,410,179,202,339,131,16,47.1,476,1907,1889,602,486,2383,1148,1235
0227145,Funny River,2020,2024,1081,0,0,32,0,0,80,52,126,198,221,305,67,0,60.6,32,1049,1049,450,372,1081,593,488
0227420,Gakona,2020,2024,181,20,16,15,4,1,30,13,17,15,7,37,1,5,37.5,55,126,126,50,43,181,95,86
0227530,Galena,2020,2024,611,49,42,78,19,16,98,116,77,29,19,53,15,0,35.3,183,428,423,78,68,611,285,326
0227640,Gambell,2020,2024,569,47,57,45,45,51,116,45,54,35,24,30,17,3,27.7,180,389,356,66,50,569,295,274
0227700,Game Creek,2020,2024,0,0,0,0,0,0,0,0,0,0,0,0,0,0,,0,0,0,0,0,0,0,0
0228590,Glacier View,2020,2024,308,17,0,25,11,10,39,67,20,24,45,42,8,0,41.4,53,255,255,84,50,308,136,172
0229130,Goldstream,2020,2024,3294,207,198,58,218,268,182,807,408,202,116,421,110,99,41.2,611,2683,2500,696,630,3294,1574,1720
0229180,Golovin,2020,2024,181,11,10,33,18,9,11,32,14,11,8,20,4,0,31.9,67,114,104,30,24,181,105,76
0229290,Goodnews Bay,2020,2024,115,17,16,4,3,3,21,18,15,12,3,3,0,0,32.8,40,75,75,6,3,115,50,65
0230060,Grayling,2020,2024,173,20,5,18,7,2,15,40,9,7,21,17,8,4,38.4,50,123,123,34,29,173,101,72
0230500,Gulkana,2020,2024,47,0,0,0,4,0,5,6,5,3,7,11,6,0,60.2,3,44,43,21,17,47,32,15
0231050,Haines,2020,2024,1757,51,93,134,155,32,96,191,275,173,164,228,147,18,50.1,424,1333,1324,482,393,1757,889,868
0231270,Halibut Cove,2020,2024,167,0,13,31,3,0,27,22,14,46,0,11,0,0,40.2,47,120,120,11,11,167,100,67
0231710,Happy Valley,2020,2024,775,24,32,58,34,22,35,96,33,49,80,180,101,31,60.9,130,645,622,365,312,775,393,382
0231765,Harding-Birch Lakes,2020,2024,277,0,0,0,7,0,39,8,61,44,84,34,0,0,59.5,7,270,270,98,34,277,156,121
0232150,Healy,2020,2024,670,44,23,79,62,40,92,74,94,32,27,97,6,0,33.9,196,474,462,118,103,670,335,335
0232310,Healy Lake,2020,2024,24,3,0,0,2,0,0,2,2,7,8,0,0,0,55.6,5,19,19,4,0,24,9,15
0232550,Hobart Bay,2020,2024,0,0,0,0,0,0,0,0,0,0,0,0,0,0,,0,0,0,0,0,0,0,0
0232810,Hollis,2020,2024,66,0,0,0,0,0,0,0,0,0,19,47,0,0,70,0,66,66,66,47,66,47,19
0233030,Holy Cross,2020,2024,205,12,3,28,34,1,14,18,25,25,20,21,1,3,38.4,77,128,127,43,25,205,140,65
0233140,Homer,2020,2024,5877,252,329,365,400,336,778,778,680,309,354,856,341,99,40,1162,4715,4440,1502,1296,5877,3067,2810
0233360,Hoonah,2020,2024,862,17,36,47,17,34,158,127,109,65,45,146,53,8,44.6,102,760,742,240,207,862,468,394
0233470,Hooper Bay,2020,2024,903,128,113,79,89,32,104,68,100,86,45,36,23,0,27.8,389,514,486,80,59,903,465,438
0233580,Hope,2020,2024,0,0,0,0,0,0,0,0,0,0,0,0,0,0,,0,0,0,0,0,0,0,0
0233800,Houston,2020,2024,1834,69,74,87,131,139,322,147,244,135,176,237,65,8,40.2,297,1537,1429,422,310,1834,1099,735
0233910,Hughes,2020,2024,40,0,0,6,13,1,0,0,3,0,4,6,7,0,39,19,21,21,13,13,40,11,29
0234350,Huslia,2020,2024,51,0,11,11,1,0,0,9,10,2,6,1,0,0,41.2,22,29,28,7,1,51,40,11
0234460,Hydaburg,2020,2024,375,36,17,36,17,11,58,57,23,6,26,54,32,2,37.5,106,269,266,106,88,375,189,186
0234570,Hyder,2020,2024,14,0,0,0,0,0,0,0,0,0,0,14,0,0,,0,14,14,14,14,14,8,6
0234790,Igiugig,2020,2024,53,2,6,4,2,2,4,11,6,6,3,5,0,2,41.7,14,39,39,10,7,53,20,33
0235890,Ivanof Bay,2020,2024,0,0,0,0,0,0,0,0,0,0,0,0,0,0,,0,0,0,0,0,0,0,0
0236400,Juneau,2020,2024,31794,1510,1866,2053,1902,1715,4466,4763,4030,1765,2640,3418,1484,182,40,6497,25297,24062,6913,5084,31794,16141,15653
0236540,Kachemak,2020,2024,805,55,59,51,38,15,104,101,71,43,41,145,80,2,39.6,183,622,597,261,227,805,362,443
0236770,Kake,2020,2024,624,61,63,29,50,20,62,77,58,53,38,73,36,4,38.3,182,442,412,144,113,624,320,304
0236990,Kaktovik,2020,2024,124,10,10,9,6,4,26,22,15,2,6,7,7,0,32.7,34,90,89,15,14,124,73,51
0237250,Kalifornsky,2020,2024,8663,497,522,691,638,369,1045,1232,1019,432,697,1092,284,145,40.7,2122,6541,6158,1862,1521,8663,4430,4233
0237430,Kaltag,2020,2024,68,0,9,3,0,1,0,23,3,13,3,13,0,0,44.5,12,56,56,15,13,68,33,35
0237540,Karluk,2020,2024,33,0,0,0,4,9,3,8,1,0,0,8,0,0,38.1,0,33,29,8,8,33,23,10
0237975,Kasigluk,2020,2024,698,85,67,94,61,27,80,91,55,33,33,29,34,9,27.6,285,413,379,86,72,698,349,349
0238090,Kasilof,2020,2024,313,0,0,0,0,77,0,70,40,0,22,104,0,0,49.3,0,313,313,104,104,313,166,147
0238420,Kenai,2020,2024,7641,515,339,703,454,619,1301,991,981,411,372,632,288,35,34.4,1877,5764,5515,1201,955,7641,3887,3754
0238910,Kenny Lake,2020,2024,289,37,31,36,22,35,0,29,16,8,18,38,19,0,24.5,126,163,158,69,57,289,140,149
0239300,Kiana,2020,2024,437,21,39,44,38,48,54,53,30,34,18,38,17,3,29.9,124,313,285,64,58,437,270,167
0239630,King Salmon,2020,2024,323,38,15,12,16,7,59,47,33,22,28,31,13,2,37.8,77,246,240,49,46,323,168,155
0239740,Kipnuk,2020,2024,706,83,78,83,51,47,114,63,53,36,48,42,5,3,25.7,275,431,402,62,50,706,378,328
0239960,Kivalina,2020,2024,809,71,119,127,76,59,79,82,73,53,17,32,17,4,21.9,372,437,410,61,53,809,467,342
0240400,Klawock,2020,2024,749,30,53,42,37,25,71,80,151,46,73,76,54,11,47.3,150,599,587,193,141,749,422,327
0240510,Klukwan,2020,2024,82,0,0,6,6,0,4,14,21,5,0,12,11,3,50.2,12,70,70,26,26,82,49,33
0240670,Knik River,2020,2024,883,59,62,33,34,72,125,125,89,47,90,116,31,0,40.5,178,705,690,211,147,883,505,378
0240840,Kobuk,2020,2024,101,14,14,10,8,7,11,8,16,0,3,5,5,0,22.8,42,59,55,13,10,101,55,46
0240950,Kodiak,2020,2024,5447,176,323,444,404,512,500,780,472,587,191,664,279,115,40.2,1095,4352,3972,1221,1058,5447,2865,2582
0241210,Kodiak Station,2020,2024,1823,133,264,114,66,390,587,255,12,0,2,0,0,0,23.9,546,1277,1179,2,0,1823,1072,751
0241280,Kokhanok,2020,2024,39,3,8,4,3,0,2,7,4,0,6,2,0,0,26.5,16,23,21,5,2,39,12,27
0241500,Koliganek,2020,2024,193,15,24,35,25,8,16,19,9,11,16,11,2,2,18.9,92,101,94,29,15,193,95,98
0241610,Kongiganak,2020,2024,316,37,42,20,36,21,50,35,12,13,28,15,4,3,27,126,190,179,38,22,316,211,105
0241720,Kotlik,2020,2024,976,141,144,144,90,62,122,70,110,24,34,21,14,0,18,487,489,452,51,35,976,535,441
0241830,Kotzebue,2020,2024,2984,309,222,256,279,147,478,414,294,136,218,164,45,22,31,972,2012,1904,352,231,2984,1429,1555
0241940,Koyuk,2020,2024,348,23,43,38,33,30,46,31,27,11,23,38,5,0,26.5,129,219,200,57,43,348,217,131
0242050,Koyukuk,2020,2024,29,0,0,5,0,0,0,7,8,0,9,0,0,0,47.3,5,24,24,9,0,29,13,16
0242160,Kupreanof,2020,2024,10,0,0,0,0,0,0,0,0,0,0,8,2,0,71.3,0,10,10,10,10,10,5,5
0242490,Kwigillingok,2020,2024,545,64,49,43,38,65,74,51,42,33,39,28,19,0,26.8,183,362,326,70,47,545,290,255
0242805,Lake Louise,2020,2024,0,0,0,0,0,0,0,0,0,0,0,0,0,0,,0,0,0,0,0,0,0,0
0242820,Lake Minchumina,2020,2024,7,0,0,0,0,0,0,0,0,2,1,0,4,0,82.1,0,7,7,5,4,7,5,2
0243040,Larsen Bay,2020,2024,145,4,4,4,0,24,11,19,27,4,28,14,6,0,47.3,12,133,133,24,20,145,65,80
0243260,Lazy Mountain,2020,2024,1459,58,78,140,84,63,204,138,157,105,162,178,63,29,41.6,320,1139,1084,330,270,1459,673,786
0243810,Levelock,2020,2024,8,0,0,0,0,0,1,3,0,2,0,2,0,0,51,0,8,8,2,2,8,5,3
0244580,Livengood,2020,2024,0,0,0,0,0,0,0,0,0,0,0,0,0,0,,0,0,0,0,0,0,0,0
0245295,Lowell Point,2020,2024,0,0,0,0,0,0,0,0,0,0,0,0,0,0,,0,0,0,0,0,0,0,0
0245460,Lower Kalskag,2020,2024,239,32,40,25,6,4,41,33,20,4,6,21,7,0,30.3,101,138,132,30,28,239,146,93
0245700,Lutak,2020,2024,24,0,0,0,0,0,0,0,0,0,0,0,24,0,80.5,0,24,24,24,24,24,10,14
0246780,Manley Hot Springs,2020,2024,32,0,0,0,0,0,0,0,0,0,0,12,16,4,75.8,0,32,32,32,32,32,22,10
0246890,Manokotak,2020,2024,679,65,73,53,66,53,99,57,45,45,26,74,23,0,27.6,230,449,412,110,97,679,336,343
0247000,Marshall,2020,2024,386,41,38,66,26,29,76,13,28,29,15,16,9,0,23.3,160,226,207,33,25,386,200,186
0245790,McCarthy,2020,2024,3,0,0,0,0,0,2,0,1,0,0,0,0,0,34.5,0,3,3,0,0,3,2,1
0246010,McGrath,2020,2024,255,5,9,22,10,36,28,28,17,20,18,49,11,2,39.1,46,209,202,71,62,255,115,140
0247735,Meadow Lakes,2020,2024,8689,451,671,669,625,623,1039,1170,1113,581,634,819,282,12,38.1,2254,6435,6106,1434,1113,8689,4667,4022
0247990,Mekoryuk,2020,2024,287,11,17,28,13,6,26,26,30,28,51,35,13,3,50.4,63,224,216,72,51,287,159,128
0248200,Mendeltna,2020,2024,41,0,0,0,0,0,0,0,13,0,19,0,9,0,62.4,0,41,41,28,9,41,15,26
0248540,Mentasta Lake,2020,2024,96,0,10,6,2,2,4,6,4,4,7,48,3,0,65.2,18,78,78,55,51,96,55,41
0248590,Mertarvik,2020,2024,12,5,0,0,0,0,4,0,0,0,0,0,3,0,30,5,7,7,3,3,12,11,1
0248870,Metlakatla,2020,2024,1235,59,72,84,111,71,128,177,108,122,78,146,68,11,40.6,287,948,901,258,225,1235,711,524
0249200,Mill Bay,2020,2024,3654,321,314,378,33,44,597,778,351,195,263,246,100,34,35.4,1046,2608,2569,504,380,3654,1875,1779
0250190,Moose Pass,2020,2024,202,0,0,31,66,0,0,53,30,0,21,0,1,0,42.2,65,137,105,22,1,202,101,101
0250800,Mosquito Lake,2020,2024,116,0,9,15,0,0,0,4,75,6,7,0,0,0,50.5,24,92,92,0,0,116,50,66
0251180,Mountain Village,2020,2024,949,88,132,110,138,43,128,86,40,65,76,22,21,0,20.5,414,535,468,95,43,949,493,456
0251455,Mud Bay,2020,2024,79,0,0,0,0,0,0,0,10,0,30,25,14,0,64,0,79,79,62,39,79,40,39
0251960,Nabesna,2020,2024,0,0,0,0,0,0,0,0,0,0,0,0,0,0,,0,0,0,0,0,0,0,0
0252060,Naknek,2020,2024,522,16,25,14,7,30,148,19,53,15,91,77,23,4,45.7,60,462,460,126,104,522,378,144
0252210,Nanwalek,2020,2024,199,9,18,15,65,25,9,12,17,6,8,15,0,0,19.6,68,131,74,18,15,199,84,115
0252390,Napakiak,2020,2024,556,45,70,95,59,25,55,70,59,29,25,18,6,0,21.3,250,306,284,37,24,556,278,278
0252720,Napaskiak,2020,2024,447,58,44,80,41,14,61,40,15,12,4,74,4,0,21.1,205,242,224,78,78,447,249,198
0252845,Naukati Bay,2020,2024,66,0,0,0,0,13,32,0,0,0,11,10,0,0,25.9,0,66,66,21,10,66,45,21
0252915,Nelchina,2020,2024,149,0,0,41,26,0,0,17,40,0,0,25,0,0,39.4,67,82,82,25,25,149,54,95
0252940,Nelson Lagoon,2020,2024,78,0,0,0,0,14,8,0,18,9,3,8,14,4,53.7,0,78,78,29,26,78,40,38
0253050,Nenana,2020,2024,479,42,33,27,16,53,48,51,34,24,22,100,24,5,41.1,118,361,361,144,129,479,223,256
0253710,New Stuyahok,2020,2024,474,38,34,47,36,31,82,37,96,21,4,35,13,0,30.9,140,334,311,48,48,474,285,189
0253820,Newtok,2020,2024,36,3,0,3,3,2,6,8,0,0,0,8,3,0,38.3,9,27,27,11,11,36,20,16
0253930,Nightmute,2020,2024,93,6,15,12,3,10,11,11,9,3,10,3,0,0,25.2,33,60,57,10,3,93,42,51
0254050,Nikiski,2020,2024,4773,404,422,451,215,154,554,658,377,277,324,535,360,42,36.5,1440,3333,3281,1177,937,4773,2619,2154
0254085,Nikolaevsk,2020,2024,245,0,25,14,14,0,16,45,29,22,23,41,12,4,48.1,53,192,192,69,57,245,130,115
0254150,Nikolai,2020,2024,44,0,0,5,0,1,14,2,2,5,5,1,5,4,45.5,5,39,39,14,10,44,29,15
0254260,Nikolski,2020,2024,1,0,0,0,0,0,0,0,0,0,1,0,0,0,,0,1,1,0,0,1,0,1
0254480,Ninilchik,2020,2024,965,33,43,47,80,46,83,91,86,77,134,160,85,0,52.7,161,804,756,334,245,965,517,448
0254700,Noatak,2020,2024,786,89,72,112,63,58,102,55,68,48,46,29,24,20,24.9,313,473,439,90,73,786,449,337
0254920,Nome,2020,2024,3653,306,240,347,291,269,551,490,447,215,189,200,89,19,31.4,1076,2577,2431,402,308,3653,1759,1894
0255030,Nondalton,2020,2024,103,10,1,10,8,10,8,12,14,7,11,10,0,2,36.8,26,77,74,18,12,103,51,52
0255140,Noorvik,2020,2024,748,61,101,106,59,32,67,65,41,37,124,44,11,0,26.7,313,435,412,175,55,748,371,377
0255745,North Lakes,2020,2024,10223,555,675,901,812,623,1391,1502,1276,585,582,986,275,60,36.2,2735,7488,7182,1717,1321,10223,5347,4876
0255910,North Pole,2020,2024,2370,319,333,172,84,148,532,423,90,45,40,140,31,13,28.2,887,1483,1451,198,184,2370,1326,1044
0256220,Northway,2020,2024,192,10,27,31,10,0,4,20,11,22,7,28,12,10,43.4,78,114,114,57,50,192,115,77
0256350,Nulato,2020,2024,255,28,10,33,18,4,8,32,31,9,28,36,18,0,39.6,88,167,165,76,54,255,139,116
0256600,Nunam Iqua,2020,2024,0,0,0,0,0,0,0,0,0,0,0,0,0,0,,0,0,0,0,0,0,0,0
0258330,Oscarville,2020,2024,42,6,12,0,3,5,7,0,6,3,0,0,0,0,20,18,24,20,0,0,42,22,20
0258550,Ouzinkie,2020,2024,86,0,8,0,3,0,14,14,6,12,7,14,8,0,53.3,11,75,75,29,22,86,36,50
0258660,Palmer,2020,2024,6268,330,332,372,651,618,1008,801,617,270,283,599,305,82,32.9,1346,4922,4427,1128,986,6268,3058,3210
0260200,Perryville,2020,2024,82,15,8,12,9,0,5,19,2,2,4,4,2,0,18.3,40,42,38,10,6,82,41,41
0260310,Petersburg,2020,2024,3227,163,154,207,175,187,272,415,403,221,264,495,229,42,46.1,612,2615,2467,960,766,3227,1713,1514
0260640,Pilot Point,2020,2024,48,5,3,6,5,0,5,3,3,4,1,13,0,0,35,15,33,29,14,13,48,29,19
0260860,Pitkas Point,2020,2024,169,16,15,33,13,19,18,21,11,4,6,10,3,0,22.3,77,92,86,19,13,169,91,78
0261120,Pleasant Valley,2020,2024,790,0,0,103,128,0,0,96,345,33,0,41,44,0,46.5,231,559,559,85,85,790,382,408
0261190,Point Baker,2020,2024,0,0,0,0,0,0,0,0,0,0,0,0,0,0,,0,0,0,0,0,0,0,0
0261630,Point Hope,2020,2024,832,110,68,110,83,24,135,119,75,20,27,34,20,7,26.2,364,468,446,85,61,832,423,409
0261700,Point Lay,2020,2024,390,36,54,84,56,13,48,50,23,17,1,8,0,0,16.5,213,177,154,9,8,390,190,200
0261788,Point MacKenzie,2020,2024,1668,0,0,39,46,118,146,468,386,140,174,106,45,0,46.1,75,1593,1571,276,151,1668,1505,163
0261825,Point Possession,2020,2024,0,0,0,0,0,0,0,0,0,0,0,0,0,0,,0,0,0,0,0,0,0,0
0262125,Pope-Vannoy Landing,2020,2024,0,0,0,0,0,0,0,0,0,0,0,0,0,0,,0,0,0,0,0,0,0,0
0262285,Portage Creek,2020,2024,1,0,0,0,0,0,0,0,0,0,1,0,0,0,,0,1,1,1,0,1,1,0
0262510,Port Alexander,2020,2024,50,0,7,6,0,0,0,14,7,4,4,3,5,0,42.3,13,37,37,12,8,50,33,17
0262620,Port Alsworth,2020,2024,199,9,4,1,7,24,126,8,6,8,1,3,2,0,33.4,16,183,178,6,5,199,148,51
0263170,Port Clarence,2020,2024,16,0,0,0,4,9,0,3,0,0,0,0,0,0,21.3,0,16,9,0,0,16,16,0
0263280,Port Graham,2020,2024,83,8,9,1,4,5,11,10,9,0,12,11,0,3,40.3,22,61,61,21,14,83,50,33
0263610,Port Lions,2020,2024,150,14,14,3,1,2,16,12,7,13,18,28,14,8,58.7,32,118,118,64,50,150,79,71
0263870,Port Protection,2020,2024,27,0,0,0,0,0,0,0,0,27,0,0,0,0,,0,27,27,0,0,27,0,27
0264240,Primrose,2020,2024,89,2,2,0,0,0,0,29,0,0,21,27,0,8,62.1,4,85,85,45,35,89,26,63
0264600,Quinhagak,2020,2024,1311,167,93,141,123,103,143,142,105,90,61,91,47,5,27.7,487,824,762,178,143,1311,698,613
0264820,Rampart,2020,2024,0,0,0,0,0,0,0,0,0,0,0,0,0,0,,0,0,0,0,0,0,0,0
0264930,Red Devil,2020,2024,3,0,0,0,0,0,0,0,0,0,0,3,0,0,,0,3,3,3,3,3,0,3
0264980,Red Dog Mine,2020,2024,0,0,0,0,0,0,0,0,0,0,0,0,0,0,,0,0,0,0,0,0,0,0
0265345,Ridgeway,2020,2024,1997,88,24,137,121,20,257,232,269,83,279,261,208,18,53,370,1627,1627,613,487,1997,1038,959
0265590,Ruby,2020,2024,237,14,18,22,8,2,18,34,12,19,13,55,17,5,50.6,61,176,173,86,77,237,135,102
0265700,Russian Mission,2020,2024,314,37,21,43,19,37,42,37,18,20,6,28,4,2,26,112,202,190,36,34,314,161,153
0265800,Saint George,2020,2024,70,13,0,4,11,0,24,3,1,0,5,9,0,0,27.6,25,45,42,12,9,70,42,28
0266140,Saint Mary's,2020,2024,810,93,51,69,73,67,154,83,80,38,40,42,16,4,28.1,261,549,515,95,62,810,407,403
0266360,Saint Michael,2020,2024,177,28,12,22,30,18,22,17,6,6,6,8,2,0,19.4,83,94,83,16,10,177,113,64
0266470,Saint Paul,2020,2024,378,25,4,15,19,25,114,10,89,27,9,39,2,0,32.8,55,323,309,48,41,378,306,72
0266550,Salcha,2020,2024,829,35,46,28,10,38,143,107,72,82,119,117,11,21,45.8,119,710,705,248,149,829,463,366
0267020,Sand Point,2020,2024,1064,29,32,68,43,95,168,127,128,102,94,91,80,7,42.3,163,901,892,197,178,1064,605,459
0267460,Savoonga,2020,2024,868,56,79,87,68,66,275,67,28,44,21,53,16,8,31.6,267,601,561,85,77,868,572,296
0267570,Saxman,2020,2024,324,9,17,19,19,22,21,33,55,13,22,40,52,2,48.5,50,274,259,109,94,324,180,144
0267680,Scammon Bay,2020,2024,440,90,60,49,39,28,54,56,15,5,12,20,10,2,17.6,224,216,199,37,32,440,229,211
0268230,Selawik,2020,2024,412,43,55,64,58,20,28,79,9,10,8,32,6,0,17.9,208,204,181,44,38,412,251,161
0268340,Seldovia,2020,2024,202,9,6,10,14,0,14,6,28,3,22,51,33,6,61.4,28,174,163,97,90,202,100,102
0268560,Seward,2020,2024,2794,197,189,184,115,54,586,448,294,81,227,351,44,24,37.7,645,2149,2090,559,419,2794,1638,1156
0268670,Shageluk,2020,2024,34,2,12,0,0,0,0,11,2,2,0,5,0,0,37.4,14,20,20,5,5,34,20,14
0268890,Shaktoolik,2020,2024,283,9,35,33,35,21,39,27,40,7,15,19,1,2,27.3,94,189,167,29,22,283,142,141
0270100,Shungnak,2020,2024,147,29,13,21,10,3,18,17,6,6,7,11,6,0,23.2,69,78,74,19,17,147,76,71
0270320,Silver Springs,2020,2024,71,7,3,2,0,0,6,5,8,8,17,15,0,0,59.1,12,59,59,15,15,71,38,33
0270540,Sitka,2020,2024,8368,368,478,431,489,477,1315,1152,979,488,712,871,461,147,39.7,1604,6764,6580,1824,1479,8368,4261,4107
0270760,Skagway,2020,2024,1174,57,64,43,43,57,200,197,208,85,40,107,64,9,40.5,193,981,967,198,180,1174,443,731
0270870,Skwentna,2020,2024,97,7,0,8,6,0,8,8,7,0,32,21,0,0,61,21,76,76,32,21,97,47,50
0270930,Slana,2020,2024,119,0,0,0,0,0,0,0,0,0,19,36,55,9,76.1,0,119,119,119,100,119,54,65
0271090,Sleetmute,2020,2024,48,3,6,5,3,6,5,6,9,0,0,2,3,0,27.3,17,31,31,5,5,48,25,23
0271640,Soldotna,2020,2024,4485,282,420,256,284,274,790,459,448,253,145,419,282,173,33.1,1154,3331,3241,909,874,4485,2063,2422
0272135,South Lakes,2020,2024,6180,452,348,400,546,526,921,812,776,344,327,525,166,37,34.2,1521,4659,4343,981,728,6180,3059,3121
0272230,South Van Horn,2020,2024,572,9,84,0,37,11,49,91,92,27,27,107,38,0,46.2,104,468,442,152,145,572,289,283
0272960,Stebbins,2020,2024,596,79,74,59,45,36,85,87,31,26,25,39,8,2,26,240,356,333,65,49,596,295,301
0272985,Steele Creek,2020,2024,5928,434,327,261,491,368,596,692,1000,490,542,543,148,36,39.7,1272,4656,4331,1229,727,5928,2912,3016
0273070,Sterling,2020,2024,6323,327,450,209,320,297,634,818,634,286,597,1116,577,58,46.8,1172,5151,4943,2085,1751,6323,3219,3104
0273290,Stevens Village,2020,2024,0,0,0,0,0,0,0,0,0,0,0,0,0,0,,0,0,0,0,0,0,0,0
0273400,Stony River,2020,2024,29,2,5,7,2,0,3,4,0,3,1,2,0,0,15.3,16,13,13,3,2,29,15,14
0273950,Sunrise,2020,2024,23,0,0,0,0,0,0,0,0,0,0,23,0,0,,0,23,23,23,23,23,14,9
0274340,Susitna,2020,2024,31,0,0,0,0,0,0,0,0,0,9,22,0,0,69.9,0,31,31,31,22,31,16,15
0274350,Susitna North,2020,2024,1566,69,129,87,49,65,209,212,178,140,146,244,38,0,41.6,297,1269,1213,374,282,1566,848,718
0274610,Takotna,2020,2024,15,0,0,0,0,0,5,0,2,0,2,6,0,0,62.3,0,15,15,8,6,15,10,5
0274830,Talkeetna,2020,2024,944,26,81,76,63,27,78,153,171,43,64,135,14,13,42.3,244,700,698,197,162,944,510,434
0275050,Tanacross,2020,2024,155,12,20,8,3,30,19,14,11,20,10,6,1,1,32.5,43,112,112,8,8,155,97,58
0275077,Tanaina,2020,2024,9646,672,686,800,588,706,1367,1460,1230,675,498,594,342,28,35,2511,7135,6748,1295,964,9646,5100,4546
0275160,Tanana,2020,2024,334,14,11,23,16,63,16,26,28,36,26,51,23,1,41.7,63,271,269,101,75,334,166,168
0275380,Tatitlek,2020,2024,20,0,0,2,5,0,2,8,0,2,0,0,1,0,40.3,6,14,13,1,1,20,7,13
0275930,Teller,2020,2024,255,10,19,18,37,30,31,19,21,14,10,23,23,0,31.3,73,182,168,50,46,255,134,121
0276260,Tenakee Springs,2020,2024,163,0,5,6,5,0,0,5,34,3,14,75,13,3,65.4,16,147,147,102,91,163,90,73
0276590,Tetlin,2020,2024,123,9,7,19,14,22,4,16,13,0,6,8,4,1,22.4,38,85,68,19,13,123,85,38
0277140,Thorne Bay,2020,2024,519,38,31,26,51,58,51,25,67,36,31,96,9,0,37.2,120,399,335,136,105,519,253,266
0277690,Togiak,2020,2024,963,125,87,78,69,70,187,69,108,42,22,84,16,6,27.6,338,625,594,117,106,963,498,465
0277800,Tok,2020,2024,1649,126,178,168,41,78,176,216,209,72,123,176,69,17,38.6,502,1147,1136,325,262,1649,840,809
0278240,Toksook Bay,2020,2024,833,137,111,46,114,31,80,69,102,23,35,52,27,6,21.7,359,474,425,109,85,833,443,390
0278297,Tolsona,2020,2024,76,0,0,0,0,0,0,0,0,0,38,38,0,0,65,0,76,76,49,38,76,38,38
0278350,Tonsina,2020,2024,47,19,0,0,0,0,19,9,0,0,0,0,0,0,32.2,19,28,28,0,0,47,19,28
0278680,Trapper Creek,2020,2024,491,7,22,0,27,9,18,40,64,25,78,156,31,14,60.9,45,446,435,220,201,491,295,196
0278790,Tuluksak,2020,2024,118,17,15,12,13,3,25,8,12,8,0,0,5,0,20.7,54,64,58,5,5,118,53,65
0279120,Tuntutuliak,2020,2024,514,30,24,19,33,23,313,19,18,15,10,7,3,0,29.4,90,424,408,20,10,514,120,394
0279230,Tununak,2020,2024,384,46,49,30,39,47,64,21,31,19,20,12,3,3,23.9,150,234,212,24,18,384,229,155
0279780,Twin Hills,2020,2024,87,13,9,8,5,7,11,9,3,12,2,8,0,0,25.8,35,52,50,10,8,87,34,53
0279830,Two Rivers,2020,2024,451,0,0,49,50,0,25,87,0,40,38,119,43,0,55.7,99,352,352,179,162,451,255,196
0279890,Tyonek,2020,2024,291,4,18,29,22,59,48,37,31,16,22,4,1,0,29.1,68,223,215,15,5,291,168,123
0280100,Ugashik,2020,2024,4,0,0,0,0,0,0,0,0,0,4,0,0,0,,0,4,4,2,0,4,2,2
0280660,Unalakleet,2020,2024,519,34,52,46,26,47,37,62,67,45,32,53,13,5,36.8,149,370,355,83,71,519,266,253
0280770,Unalaska,2020,2024,4556,90,120,131,249,296,902,914,950,409,261,217,8,9,40.4,399,4157,3917,330,234,4556,3181,1375
0281320,Upper Kalskag,2020,2024,239,38,36,20,17,19,38,21,13,8,13,11,5,0,22.6,101,138,127,26,16,239,126,113
0281920,Utqiagvik,2020,2024,4778,262,427,479,502,293,465,545,568,311,374,428,118,6,34.4,1451,3327,3047,712,552,4778,2588,2190
0282200,Valdez,2020,2024,3847,202,256,242,238,193,610,718,517,264,225,278,77,27,38.4,839,3008,2848,502,382,3847,2171,1676
0282420,Venetie,2020,2024,76,10,9,10,0,23,6,8,2,0,1,1,6,0,22.6,29,47,47,8,7,76,36,40
0282750,Wainwright,2020,2024,718,85,62,62,71,47,112,104,51,34,40,36,4,10,28.4,268,450,425,76,50,718,392,326
0283080,Wasilla,2020,2024,9720,586,794,602,485,629,1796,1512,708,501,448,941,387,331,34.8,2268,7452,7112,1948,1659,9720,4860,4860
0284120,Whitestone,2020,2024,18,0,0,0,0,0,18,0,0,0,0,0,0,0,,0,18,18,0,0,18,0,18
0284200,Whitestone Logging Camp,2020,2024,0,0,0,0,0,0,0,0,0,0,0,0,0,0,,0,0,0,0,0,0,0,0
0284510,Whittier,2020,2024,411,58,18,24,8,35,102,40,18,7,42,38,17,4,31.8,106,305,302,84,59,411,167,244
0285280,Willow,2020,2024,1815,69,100,141,161,21,118,262,254,141,169,285,83,11,45.9,455,1360,1330,467,379,1815,913,902
0285290,Willow Creek,2020,2024,144,0,0,0,0,0,0,0,5,32,29,67,11,0,70.5,0,144,144,91,78,144,79,65
0285610,Wiseman,2020,2024,0,0,0,0,0,0,0,0,0,0,0,0,0,0,,0,0,0,0,0,0,0,0
0285680,Womens Bay,2020,2024,788,43,33,35,40,21,156,178,76,18,82,106,0,0,37,144,644,623,163,106,788,425,363
0286380,Wrangell,2020,2024,2088,133,111,93,119,84,243,205,237,112,179,334,210,28,48.1,411,1677,1622,688,572,2088,1034,1054
0286490,Yakutat,2020,2024,527,19,16,10,22,35,57,112,58,23,34,98,34,9,43.7,64,463,454,162,141,527,325,202
0200650,Akhiok,2019,2023,117,3,0,0,0,8,35,8,14,46,0,0,0,3,50.3,3,114,114,3,3,117,72,45
0200760,Akiachak,2019,2023,629,104,93,66,32,58,82,47,55,30,10,44,8,0,22.6,292,337,329,62,52,629,295,334
0201090,Akutan,2019,2023,737,13,9,4,4,60,177,203,125,47,56,37,2,0,40.4,28,709,707,46,39,737,563,174
0201200,Alakanuk,2019,2023,997,133,93,136,112,58,158,112,61,64,24,36,10,0,21.5,438,559,506,52,46,997,566,431
0201305,Alatna,2019,2023,22,0,0,0,1,1,1,11,0,0,0,7,1,0,43.6,0,22,20,8,8,22,9,13
0201390,Alcan Border,2019,2023,5,0,0,0,0,0,2,0,2,1,0,0,0,0,47.3,0,5,5,0,0,5,5,0
0201420,Aleknagik,2019,2023,109,2,4,7,3,7,17,9,4,19,12,21,2,2,55.4,16,93,92,37,25,109,51,58
0201560,Aleneva,2019,2023,0,0,0,0,0,0,0,0,0,0,0,0,0,0,,0,0,0,0,0,0,0,0
0201970,Ambler,2019,2023,201,21,28,12,4,10,30,16,15,8,6,32,14,5,33.8,65,136,130,54,51,201,100,101
0202080,Anaktuvuk Pass,2019,2023,277,37,35,27,32,12,61,23,16,10,6,15,3,0,23.2,120,157,141,19,18,277,163,114
0203000,Anchorage,2019,2023,289069,18776,20339,18403,17885,21171,48210,41120,33555,16784,16890,23679,9768,2489,34.9,68654,220415,209556,45864,35936,289069,147620,141449
0203110,Anchor Point,2019,2023,2291,65,117,133,104,63,173,284,354,198,195,397,168,40,51.4,391,1900,1866,701,605,2291,1254,1037
0203220,Anderson,2019,2023,160,2,13,13,17,24,14,23,13,8,11,21,1,0,33,35,125,114,28,22,160,93,67
0203880,Anvik,2019,2023,85,7,8,8,5,27,3,6,6,3,2,5,5,0,24.3,26,59,56,12,10,85,34,51
0204430,Atmautluak,2019,2023,38,3,4,6,0,2,7,12,0,4,0,0,0,0,26,13,25,25,0,0,38,21,17
0204500,Atqasuk,2019,2023,139,8,15,20,11,5,41,19,10,3,4,3,0,0,28.8,53,86,83,3,3,139,96,43
0205000,Badger,2019,2023,19033,1223,1073,1568,1289,1327,3137,3078,1743,1567,902,1230,752,144,34.3,4656,14377,13520,2685,2126,19033,10592,8441
0205585,Bear Creek,2019,2023,1360,55,26,159,120,0,210,116,252,104,184,134,0,0,44.9,360,1000,1000,271,134,1360,735,625
0206245,Beluga,2019,2023,5,0,0,0,0,0,3,0,0,0,0,0,2,0,,0,5,5,2,2,5,5,0
0206520,Bethel,2019,2023,6313,555,569,445,430,500,1079,773,639,501,348,335,61,78,30.9,1861,4452,4230,678,474,6313,3509,2804
0206630,Bettles,2019,2023,0,0,0,0,0,0,0,0,0,0,0,0,0,0,,0,0,0,0,0,0,0,0
0206850,Big Delta,2019,2023,646,45,47,78,98,39,47,39,72,63,23,95,0,0,29.7,239,407,378,118,95,646,411,235
0207070,Big Lake,2019,2023,3291,176,244,189,215,171,533,419,333,269,285,330,104,23,36.9,734,2557,2395,585,457,3291,1793,1498
0207620,Birch Creek,2019,2023,5,0,0,0,0,0,0,5,0,0,0,0,0,0,,0,5,5,0,0,5,5,0
0208740,Brevig Mission,2019,2023,691,91,93,102,27,49,110,73,31,40,25,40,10,0,22,307,384,370,59,50,691,345,346
0209600,Buckland,2019,2023,629,71,75,75,68,52,115,56,39,20,20,10,25,3,21.6,271,358,322,51,38,629,363,266
0209657,Buffalo Soapstone,2019,2023,799,34,52,40,47,37,80,84,103,57,79,154,32,0,48.2,168,631,603,246,186,799,412,387
0209710,Butte,2019,2023,3905,233,273,330,217,260,427,489,516,311,263,352,156,78,40.1,1015,2890,2803,741,586,3905,2033,1872
0210150,Cantwell,2019,2023,121,4,2,3,4,0,18,15,4,9,2,25,30,5,64.5,10,111,108,61,60,121,73,48
0211690,Central,2019,2023,93,0,11,10,10,0,0,6,11,3,20,22,0,0,47.9,31,62,62,26,22,93,51,42
0211800,Chalkyitsik,2019,2023,103,9,13,14,0,0,33,23,2,5,0,4,0,0,29.9,36,67,67,4,4,103,57,46
0212350,Chase,2019,2023,25,0,0,0,0,0,0,0,0,0,0,25,0,0,,0,25,25,25,25,25,13,12
0212680,Chefornak,2019,2023,530,64,90,40,40,17,91,52,21,15,31,57,12,0,27,221,309,296,87,69,530,292,238
0212920,Chena Ridge,2019,2023,5927,384,261,609,282,315,879,846,968,192,577,399,215,0,38.5,1435,4492,4368,917,614,5927,3053,2874
0212970,Chenega,2019,2023,54,3,4,3,14,7,6,4,4,0,0,9,0,0,21.5,16,38,30,9,9,54,26,28
0213230,Chevak,2019,2023,464,45,56,81,31,14,92,51,32,12,25,20,5,0,25.7,195,269,246,46,25,464,253,211
0213340,Chickaloon,2019,2023,318,41,4,14,0,18,63,14,11,27,17,82,23,4,49.1,59,259,259,121,109,318,150,168
0213450,Chicken,2019,2023,0,0,0,0,0,0,0,0,0,0,0,0,0,0,,0,0,0,0,0,0,0,0
0213550,Chignik,2019,2023,28,2,0,2,2,0,5,3,2,1,3,6,2,0,44.5,6,22,22,8,8,28,10,18
0213670,Chignik Lagoon,2019,2023,31,2,0,2,5,0,1,5,0,4,6,6,0,0,55.1,6,25,22,12,6,31,12,19
0213890,Chisana,2019,2023,0,0,0,0,0,0,0,0,0,0,0,0,0,0,,0,0,0,0,0,0,0,0
0214000,Chistochina,2019,2023,52,0,8,0,0,4,0,3,9,6,10,4,6,2,58.5,8,44,40,12,12,52,14,38
0214110,Chitina,2019,2023,100,21,12,4,4,8,5,11,7,2,12,12,2,0,31.5,40,60,59,19,14,100,59,41
0214330,Chuathbaluk,2019,2023,89,2,9,8,9,15,4,3,7,2,20,10,0,0,31.2,22,67,61,22,10,89,48,41
0214880,Circle,2019,2023,48,0,5,13,0,0,0,5,5,0,6,4,6,4,52.2,18,30,30,20,14,48,13,35
0215320,Clam Gulch,2019,2023,294,12,12,12,10,43,33,31,24,10,22,63,18,4,42.5,46,248,248,98,85,294,166,128
0216360,Coffman Cove,2019,2023,249,37,13,35,4,0,17,39,7,28,8,46,15,0,38.4,89,160,160,64,61,249,163,86
0216420,Cohoe,2019,2023,1619,130,53,106,153,52,125,198,220,155,174,204,48,1,44.6,394,1225,1177,359,253,1619,790,829
0216530,Cold Bay,2019,2023,153,10,4,0,1,38,18,27,13,30,6,6,0,0,35.9,14,139,138,8,6,153,56,97
0216630,Coldfoot,2019,2023,300,0,0,0,0,37,122,0,52,89,0,0,0,0,33.8,0,300,300,0,0,300,234,66
0216750,College,2019,2023,11730,1036,587,459,755,1181,2126,1471,962,375,662,1546,420,150,32.9,2481,9249,8606,2507,2116,11730,6429,5301
0217190,Cooper Landing,2019,2023,231,19,21,0,0,0,60,3,64,42,0,22,0,0,46.3,40,191,191,22,22,231,89,142
0217300,Copper Center,2019,2023,312,2,29,32,16,17,38,34,29,29,23,49,11,3,41.1,74,238,224,75,63,312,177,135
0217410,Cordova,2019,2023,2405,161,150,132,145,150,351,254,205,214,206,342,76,19,37.8,526,1879,1780,586,437,2405,1210,1195
0217670,Covenant Life,2019,2023,19,0,0,0,0,0,0,0,19,0,0,0,0,0,,0,19,19,0,0,19,11,8
0217740,Craig,2019,2023,1063,50,55,51,80,56,137,126,151,65,91,153,44,4,42.5,201,862,821,237,201,1063,571,492
0217850,Crooked Creek,2019,2023,18,0,2,0,4,0,3,0,5,0,1,3,0,0,36.5,2,16,12,4,3,18,9,9
0217960,Crown Point,2019,2023,76,0,0,0,0,0,0,28,0,0,32,16,0,0,62.4,0,76,76,48,16,76,23,53
0218510,Deering,2019,2023,205,29,22,18,19,14,47,15,18,5,6,10,2,0,28.1,82,123,112,17,12,205,103,102
0218620,Delta Junction,2019,2023,1154,104,65,98,50,48,187,269,113,41,56,66,41,16,36.1,301,853,827,148,123,1154,717,437
0218675,Deltana,2019,2023,2064,171,190,157,135,89,259,234,295,68,132,187,118,29,36.3,614,1450,1369,397,334,2064,1019,1045
0218805,Denali Park,2019,2023,787,6,11,0,0,0,89,481,86,91,0,23,0,0,44.4,17,770,770,23,23,787,674,113
0218925,Diamond Ridge,2019,2023,1338,89,67,139,44,94,160,156,134,113,78,198,51,15,40.5,336,1002,965,311,264,1338,653,685
0218950,Dillingham,2019,2023,2084,183,190,165,131,135,347,263,151,115,217,140,33,14,31.3,618,1466,1405,348,187,2084,1016,1068
0219060,Diomede,2019,2023,25,3,5,1,0,0,10,2,4,0,0,0,0,0,27.9,9,16,16,0,0,25,11,14
0219720,Dot Lake,2019,2023,0,0,0,0,0,0,0,0,0,0,0,0,0,0,,0,0,0,0,0,0,0,0
0219750,Dot Lake Village,2019,2023,0,0,0,0,0,0,0,0,0,0,0,0,0,0,,0,0,0,0,0,0,0,0
0220020,Dry Creek,2019,2023,147,44,0,0,0,18,0,0,19,66,0,0,0,0,50.6,44,103,103,0,0,147,100,47
0220380,Eagle,2019,2023,94,0,0,0,3,0,4,9,4,7,11,35,20,1,70.8,3,91,91,56,56,94,59,35
0220600,Eagle Village,2019,2023,64,8,7,4,5,5,0,6,0,0,12,17,0,0,35.5,19,45,35,21,17,64,55,9
0220716,Eareckson Station,2019,2023,144,0,0,0,0,30,16,35,16,12,28,7,0,0,40.8,0,144,137,19,7,144,126,18
0220970,Edna Bay,2019,2023,13,0,0,0,0,0,0,13,0,0,0,0,0,0,,0,13,13,0,0,13,13,0
0221040,Eek,2019,2023,332,18,44,42,34,24,36,24,65,8,14,16,7,0,25.3,130,202,190,32,23,332,179,153
0221150,Egegik,2019,2023,50,0,0,0,2,0,11,21,9,5,2,0,0,0,42.3,2,48,48,0,0,50,44,6
0221370,Eielson AFB,2019,2023,3133,403,666,178,69,545,831,392,25,5,0,0,8,11,21.9,1263,1870,1679,19,19,3133,1809,1324
0221810,Ekwok,2019,2023,35,2,0,4,2,2,7,0,3,6,1,3,5,0,52.5,8,27,27,8,8,35,14,21
0222140,Elfin Cove,2019,2023,13,0,0,0,0,0,0,0,0,0,0,13,0,0,,0,13,13,13,13,13,6,7
0222250,Elim,2019,2023,278,20,29,41,41,27,23,29,26,17,10,14,1,0,20.9,113,165,138,22,15,278,167,111
0222910,Emmonak,2019,2023,945,138,115,49,48,79,132,129,51,32,45,115,11,1,28.1,341,604,595,145,127,945,520,425
0223460,Ester,2019,2023,2784,85,157,67,144,86,737,374,343,177,274,335,5,0,36.9,371,2413,2330,582,340,2784,1818,966
0223720,Eureka Roadhouse,2019,2023,0,0,0,0,0,0,0,0,0,0,0,0,0,0,,0,0,0,0,0,0,0,0
0223790,Evansville,2019,2023,15,0,0,0,0,0,8,1,0,0,2,4,0,0,28.9,0,15,15,6,4,15,13,2
0223900,Excursion Inlet,2019,2023,66,0,0,0,0,0,12,0,19,28,7,0,0,0,58.1,0,66,66,7,0,66,44,22
0224230,Fairbanks,2019,2023,32242,2624,2542,1859,1730,4401,6751,3509,2795,1284,1017,2544,918,268,28.6,7994,24248,22898,4274,3730,32242,17299,14943
0224660,False Pass,2019,2023,95,20,7,1,15,4,13,16,0,11,0,8,0,0,32.1,36,59,52,8,8,95,55,40
0224980,Farmers Loop,2019,2023,4887,288,428,302,330,125,882,740,566,353,307,294,256,16,36.5,1194,3693,3539,711,566,4887,2629,2258
0225000,Farm Loop,2019,2023,2940,188,165,183,276,73,330,545,329,193,165,312,158,23,40.6,718,2222,2098,588,493,2940,1477,1463
0225220,Ferry,2019,2023,33,8,0,0,0,0,5,0,0,6,0,6,0,8,56.6,8,25,25,14,14,33,19,14
0225880,Flat,2019,2023,0,0,0,0,0,0,0,0,0,0,0,0,0,0,,0,0,0,0,0,0,0,0
0226760,Fort Yukon,2019,2023,583,28,34,56,32,37,38,79,67,31,38,96,30,17,43.7,145,438,433,169,143,583,268,315
0226835,Four Mile Road,2019,2023,0,0,0,0,0,0,0,0,0,0,0,0,0,0,,0,0,0,0,0,0,0,0
0226870,Fox,2019,2023,13,0,0,0,0,0,0,0,0,0,0,13,0,0,,0,13,13,13,13,13,13,0
0226910,Fox River,2019,2023,605,111,62,73,37,70,97,42,40,23,17,20,8,5,22.1,270,335,315,45,33,605,310,295
0227090,Fritz Creek,2019,2023,2432,180,129,123,82,63,282,317,364,186,220,356,108,22,45.8,488,1944,1918,605,486,2432,1240,1192
0227145,Funny River,2019,2023,1127,0,0,28,0,0,70,46,155,225,268,297,29,9,60.4,28,1099,1099,427,335,1127,614,513
0227420,Gakona,2019,2023,200,23,17,15,6,0,33,19,21,16,9,32,4,5,36.4,61,139,139,50,41,200,106,94
0227530,Galena,2019,2023,565,57,32,43,22,37,91,104,70,31,11,36,31,0,36.1,152,413,411,72,67,565,250,315
0227640,Gambell,2019,2023,464,37,38,36,42,47,85,46,51,23,25,19,13,2,27.6,139,325,294,47,34,464,247,217
0227700,Game Creek,2019,2023,0,0,0,0,0,0,0,0,0,0,0,0,0,0,,0,0,0,0,0,0,0,0
0228590,Glacier View,2019,2023,209,20,0,0,5,9,24,55,3,33,10,29,21,0,41.8,25,184,184,50,50,209,104,105
0229130,Goldstream,2019,2023,3238,105,184,171,209,305,83,627,540,149,220,537,108,0,44.5,637,2601,2418,727,645,3238,1450,1788
0229180,Golovin,2019,2023,205,14,13,33,21,10,14,34,17,13,10,23,3,0,31.6,75,130,121,34,26,205,129,76
0229290,Goodnews Bay,2019,2023,113,17,15,3,3,5,21,18,14,11,3,3,0,0,32.6,38,75,75,6,3,113,48,65
0230060,Grayling,2019,2023,171,18,9,20,12,2,16,35,10,8,18,7,13,3,36.4,58,113,112,29,23,171,93,78
0230500,Gulkana,2019,2023,73,0,0,4,5,0,4,7,6,7,7,22,11,0,64.1,9,64,64,37,33,73,39,34
0231050,Haines,2019,2023,1781,61,133,165,107,30,98,192,233,116,172,298,152,24,49.4,456,1325,1315,547,474,1781,881,900
0231270,Halibut Cove,2019,2023,214,0,16,35,4,0,81,22,14,10,0,15,0,17,32.1,55,159,159,32,32,214,124,90
0231710,Happy Valley,2019,2023,773,24,23,51,32,37,29,76,36,56,97,172,108,32,61.5,113,660,637,373,312,773,395,378
0231765,Harding-Birch Lakes,2019,2023,206,0,0,0,16,0,0,13,68,43,46,20,0,0,59.1,16,190,190,46,20,206,143,63
0232150,Healy,2019,2023,723,46,23,82,55,30,85,86,99,41,29,133,14,0,39.8,185,538,517,161,147,723,339,384
0232310,Healy Lake,2019,2023,31,5,0,0,3,0,0,3,5,8,7,0,0,0,53.8,8,23,23,4,0,31,17,14
0232550,Hobart Bay,2019,2023,0,0,0,0,0,0,0,0,0,0,0,0,0,0,,0,0,0,0,0,0,0,0
0232810,Hollis,2019,2023,147,0,25,0,0,0,0,0,0,42,17,63,0,0,63.4,25,122,122,80,63,147,107,40
0233030,Holy Cross,2019,2023,229,16,3,32,31,3,26,20,20,26,25,23,1,3,35.5,82,147,146,44,27,229,161,68
0233140,Homer,2019,2023,5750,278,298,335,358,331,773,768,606,308,403,856,297,139,40,1108,4642,4403,1525,1292,5750,3021,2729
0233360,Hoonah,2019,2023,894,40,40,28,15,63,170,80,107,92,54,152,49,4,46.5,110,784,767,245,205,894,555,339
0233470,Hooper Bay,2019,2023,1008,126,123,83,95,35,112,125,169,42,52,34,12,0,30.1,406,602,572,72,46,1008,516,492
0233580,Hope,2019,2023,28,0,0,0,0,0,9,8,11,0,0,0,0,0,40.6,0,28,28,0,0,28,19,9
0233800,Houston,2019,2023,1693,75,71,95,113,94,246,174,245,126,174,211,61,8,42.4,313,1380,1318,366,280,1693,1010,683
0233910,Hughes,2019,2023,32,0,3,4,0,1,2,0,2,0,3,14,3,0,70.2,7,25,25,17,17,32,13,19
0234350,Huslia,2019,2023,136,10,25,16,7,24,18,7,8,9,5,7,0,0,23.4,56,80,78,8,7,136,78,58
0234460,Hydaburg,2019,2023,297,18,7,26,22,10,42,39,32,8,22,45,20,6,39.8,72,225,219,86,71,297,156,141
0234570,Hyder,2019,2023,16,0,0,0,0,0,0,0,0,0,0,16,0,0,,0,16,16,16,16,16,8,8
0234790,Igiugig,2019,2023,68,2,6,8,13,3,5,10,6,4,7,0,0,4,28,19,49,39,11,4,68,24,44
0235890,Ivanof Bay,2019,2023,0,0,0,0,0,0,0,0,0,0,0,0,0,0,,0,0,0,0,0,0,0,0
0236400,Juneau,2019,2023,31969,1586,1968,1850,2060,1607,4542,4847,4145,2077,2447,3296,1406,138,39.8,6497,25472,24125,6474,4840,31969,16350,15619
0236540,Kachemak,2019,2023,835,74,78,60,30,16,97,124,78,49,49,116,62,2,37.6,226,609,588,215,180,835,373,462
0236770,Kake,2019,2023,598,50,66,27,33,22,75,69,67,43,38,63,40,5,38,166,432,413,141,108,598,301,297
0236990,Kaktovik,2019,2023,153,12,12,15,10,8,27,24,25,2,6,5,7,0,32.4,46,107,104,13,12,153,94,59
0237250,Kalifornsky,2019,2023,8136,418,543,635,674,320,874,1217,1099,386,662,959,182,167,40.6,2004,6132,5759,1652,1308,8136,4136,4000
0237430,Kaltag,2019,2023,146,0,13,3,6,18,0,39,42,12,6,7,0,0,43,20,126,124,9,7,146,92,54
0237540,Karluk,2019,2023,26,0,0,0,4,9,0,8,1,0,0,4,0,0,30.5,0,26,22,4,4,26,16,10
0237975,Kasigluk,2019,2023,692,87,68,91,72,47,75,85,53,30,32,26,20,6,21.6,293,399,356,62,52,692,339,353
0238090,Kasilof,2019,2023,404,0,0,46,0,104,0,87,39,0,27,101,0,0,44.2,46,358,358,101,101,404,204,200
0238420,Kenai,2019,2023,7562,535,490,569,446,590,1278,954,1000,471,398,580,218,33,34.1,1839,5723,5424,1102,831,7562,3869,3693
0238910,Kenny Lake,2019,2023,232,27,15,15,23,16,0,45,13,9,9,38,22,0,41.4,80,152,136,69,60,232,123,109
0239300,Kiana,2019,2023,471,39,60,45,44,51,55,49,28,27,18,36,15,4,24.8,168,303,276,67,55,471,269,202
0239630,King Salmon,2019,2023,354,45,15,9,8,7,80,57,31,23,30,33,14,2,37,75,279,276,53,49,354,183,171
0239740,Kipnuk,2019,2023,488,50,53,58,48,27,79,38,52,23,27,19,6,8,25.9,189,299,276,39,33,488,252,236
0239960,Kivalina,2019,2023,813,83,124,138,53,61,86,94,69,41,17,29,15,3,20.7,384,429,403,56,47,813,474,339
0240400,Klawock,2019,2023,744,24,56,44,30,27,85,67,130,46,60,97,62,16,47.8,146,598,587,210,175,744,431,313
0240510,Klukwan,2019,2023,89,1,3,6,10,0,6,19,12,2,4,16,8,2,44.8,20,69,69,28,26,89,48,41
0240670,Knik River,2019,2023,858,55,67,41,30,73,147,88,89,56,83,113,13,3,37.1,183,675,660,188,129,858,510,348
0240840,Kobuk,2019,2023,125,16,20,16,8,9,14,17,14,0,2,3,6,0,22.1,57,68,65,11,9,125,72,53
0240950,Kodiak,2019,2023,5497,173,316,321,504,448,425,971,614,495,300,582,209,139,40.8,1057,4440,4031,1096,930,5497,2940,2557
0241210,Kodiak Station,2019,2023,1941,152,274,132,108,297,650,244,74,7,3,0,0,0,25.1,629,1312,1225,3,0,1941,1134,807
0241280,Kokhanok,2019,2023,91,17,9,12,1,0,20,19,3,5,3,2,0,0,28.4,38,53,52,5,2,91,32,59
0241500,Koliganek,2019,2023,224,16,23,39,30,15,21,19,15,11,17,13,2,3,21.4,94,130,115,29,18,224,112,112
0241610,Kongiganak,2019,2023,262,26,32,32,27,17,41,27,16,17,15,12,0,0,23.4,108,154,145,18,12,262,161,101
0241720,Kotlik,2019,2023,1166,177,155,171,101,89,146,94,107,41,38,32,15,0,18.6,567,599,557,65,47,1166,621,545
0241830,Kotzebue,2019,2023,3046,293,250,268,268,146,516,416,352,124,196,147,50,20,31,986,2060,1946,330,217,3046,1520,1526
0241940,Koyuk,2019,2023,306,21,35,27,23,41,47,15,22,12,20,39,4,0,26.7,100,206,191,52,43,306,189,117
0242050,Koyukuk,2019,2023,44,0,0,4,0,0,8,4,6,0,17,0,0,5,55,4,40,40,22,5,44,18,26
0242160,Kupreanof,2019,2023,7,0,0,0,0,0,0,0,0,0,0,5,2,0,71.5,0,7,7,7,7,7,4,3
0242490,Kwigillingok,2019,2023,461,60,46,41,33,52,58,38,37,31,30,14,14,7,24.9,168,293,268,53,35,461,209,252
0242805,Lake Louise,2019,2023,0,0,0,0,0,0,0,0,0,0,0,0,0,0,,0,0,0,0,0,0,0,0
0242820,Lake Minchumina,2019,2023,14,0,0,0,0,0,0,0,0,2,3,4,5,0,72.3,0,14,14,12,9,14,8,6
0243040,Larsen Bay,2019,2023,108,4,3,3,0,3,10,2,26,7,30,11,9,0,56,10,98,98,27,20,108,34,74
0243260,Lazy Mountain,2019,2023,1472,47,53,140,125,113,115,134,194,111,171,174,75,20,45.2,298,1174,1090,328,269,1472,698,774
0243810,Levelock,2019,2023,18,0,0,2,0,5,1,5,0,2,0,3,0,0,44.2,2,16,16,3,3,18,12,6
0244580,Livengood,2019,2023,11,0,0,0,0,0,0,0,0,4,7,0,0,0,,0,11,11,0,0,11,4,7
0245295,Lowell Point,2019,2023,0,0,0,0,0,0,0,0,0,0,0,0,0,0,,0,0,0,0,0,0,0,0
0245460,Lower Kalskag,2019,2023,234,29,38,22,10,5,40,25,15,10,12,22,6,0,30.1,93,141,132,38,28,234,134,100
0245700,Lutak,2019,2023,13,0,0,0,0,0,0,0,0,0,0,0,13,0,,0,13,13,13,13,13,6,7
0246780,Manley Hot Springs,2019,2023,20,0,0,0,0,0,0,0,0,3,0,3,10,4,76,0,20,20,17,17,20,11,9
0246890,Manokotak,2019,2023,693,61,78,50,61,55,109,68,55,45,22,71,18,0,28.1,229,464,438,96,89,693,341,352
0247000,Marshall,2019,2023,426,51,43,68,29,30,81,16,28,30,18,22,10,0,23.3,178,248,228,41,32,426,223,203
0245790,McCarthy,2019,2023,2,0,0,0,0,0,1,0,1,0,0,0,0,0,,0,2,2,0,0,2,2,0
0246010,McGrath,2019,2023,195,6,9,14,9,8,25,18,14,23,9,47,11,2,53.3,38,157,157,66,60,195,78,117
0247735,Meadow Lakes,2019,2023,8994,425,758,675,571,732,1031,1218,1107,685,627,835,314,16,37.9,2230,6764,6367,1538,1165,8994,4858,4136
0247990,Mekoryuk,2019,2023,290,15,21,28,13,6,32,23,23,48,35,28,18,0,50.1,73,217,211,60,46,290,150,140
0248200,Mendeltna,2019,2023,58,0,0,0,0,0,0,0,33,0,17,0,8,0,53.7,0,58,58,25,8,58,21,37
0248540,Mentasta Lake,2019,2023,94,7,11,13,4,3,8,3,11,5,5,21,3,0,36.3,31,63,59,26,24,94,54,40
0248590,Mertarvik,2019,2023,0,0,0,0,0,0,0,0,0,0,0,0,0,0,,0,0,0,0,0,0,0,0
0248870,Metlakatla,2019,2023,1338,80,98,104,104,81,131,200,114,136,84,146,48,12,38.5,342,996,946,254,206,1338,743,595
0249200,Mill Bay,2019,2023,3541,299,324,412,63,58,476,761,207,165,364,286,100,26,35.5,1035,2506,2388,641,412,3541,1925,1616
0250190,Moose Pass,2019,2023,79,0,0,0,5,0,49,0,0,0,19,0,6,0,26.5,0,79,74,25,6,79,48,31
0250800,Mosquito Lake,2019,2023,137,0,0,0,0,0,0,0,74,7,9,47,0,0,54.4,0,137,137,47,47,137,72,65
0251180,Mountain Village,2019,2023,872,62,128,97,127,46,117,78,40,59,83,11,24,0,21.2,365,507,438,92,35,872,468,404
0251455,Mud Bay,2019,2023,58,0,0,0,0,0,0,0,10,0,25,9,14,0,63.8,0,58,58,48,23,58,34,24
0251960,Nabesna,2019,2023,0,0,0,0,0,0,0,0,0,0,0,0,0,0,,0,0,0,0,0,0,0,0
0252060,Naknek,2019,2023,458,19,21,19,14,23,119,23,58,27,85,24,21,5,40.7,71,387,385,68,50,458,317,141
0252210,Nanwalek,2019,2023,208,20,16,7,76,5,12,13,10,11,18,20,0,0,19,80,128,89,23,20,208,81,127
0252390,Napakiak,2019,2023,595,56,72,88,63,26,58,85,62,30,24,18,13,0,22.2,261,334,316,43,31,595,298,297
0252720,Napaskiak,2019,2023,563,63,51,90,60,18,66,79,21,19,10,83,3,0,23.9,244,319,299,86,86,563,302,261
0252845,Naukati Bay,2019,2023,97,0,0,0,0,12,28,0,0,40,9,8,0,0,58.2,0,97,97,17,8,97,60,37
0252915,Nelchina,2019,2023,106,0,0,24,16,0,0,17,34,0,0,15,0,0,39.8,40,66,66,15,15,106,40,66
0252940,Nelson Lagoon,2019,2023,83,0,0,0,0,19,5,0,22,9,11,6,11,0,52.5,0,83,83,24,17,83,49,34
0253050,Nenana,2019,2023,527,55,60,27,22,61,72,48,51,11,18,78,19,5,31.5,164,363,363,117,102,527,223,304
0253710,New Stuyahok,2019,2023,466,42,36,49,40,26,78,35,90,17,6,32,12,3,30,150,316,293,51,47,466,280,186
0253820,Newtok,2019,2023,40,4,0,3,4,2,6,8,0,0,0,9,4,0,38.3,11,29,29,13,13,40,21,19
0253930,Nightmute,2019,2023,67,0,6,3,11,8,6,7,15,7,0,4,0,0,25.9,16,51,42,4,4,67,37,30
0254050,Nikiski,2019,2023,4656,290,376,427,225,180,632,652,272,271,347,576,341,67,37.1,1269,3387,3338,1222,984,4656,2478,2178
0254085,Nikolaevsk,2019,2023,202,6,6,21,11,0,25,29,19,23,10,39,8,5,45.6,44,158,158,57,52,202,117,85
0254150,Nikolai,2019,2023,89,4,2,4,0,1,26,6,12,7,12,5,6,4,49.8,10,79,79,21,15,89,45,44
0254260,Nikolski,2019,2023,1,0,0,0,0,0,0,0,0,0,1,0,0,0,,0,1,1,0,0,1,0,1
0254480,Ninilchik,2019,2023,1009,97,37,50,73,25,91,71,90,87,134,162,88,4,52.7,218,791,752,338,254,1009,542,467
0254700,Noatak,2019,2023,700,81,59,113,54,63,106,42,61,27,36,32,14,12,23.7,289,411,381,74,58,700,407,293
0254920,Nome,2019,2023,3668,307,243,337,270,276,566,488,505,219,169,195,75,18,31.6,1066,2602,2485,372,288,3668,1809,1859
0255030,Nondalton,2019,2023,73,5,2,11,8,3,5,12,6,3,6,12,0,0,36.2,24,49,47,12,12,73,38,35
0255140,Noorvik,2019,2023,722,65,78,87,55,26,67,58,55,29,146,34,18,4,32.4,274,448,428,199,56,722,340,382
0255745,North Lakes,2019,2023,10583,617,768,946,859,544,1407,1549,1356,624,630,942,265,76,36.4,2924,7659,7292,1717,1283,10583,5477,5106
0255910,North Pole,2019,2023,2663,304,367,235,70,149,679,430,110,70,43,163,32,11,29.2,967,1696,1673,216,206,2663,1550,1113
0256220,Northway,2019,2023,202,12,23,55,16,0,8,17,15,13,0,21,10,12,16.2,106,96,96,43,43,202,104,98
0256350,Nulato,2019,2023,284,31,9,35,23,8,12,41,30,20,25,35,15,0,39.7,97,187,185,69,50,284,149,135
0256600,Nunam Iqua,2019,2023,0,0,0,0,0,0,0,0,0,0,0,0,0,0,,0,0,0,0,0,0,0,0
0258330,Oscarville,2019,2023,56,3,9,4,10,6,4,7,6,4,0,0,0,3,20.5,16,40,26,3,3,56,27,29
0258550,Ouzinkie,2019,2023,97,0,3,0,8,3,16,18,7,16,5,12,9,0,51.3,11,86,86,26,21,97,47,50
0258660,Palmer,2019,2023,6141,418,330,378,543,546,1067,730,623,296,278,543,292,97,32.9,1398,4743,4343,1077,932,6141,3070,3071
0260200,Perryville,2019,2023,95,18,11,14,10,0,11,20,3,3,3,2,0,0,17.6,50,45,42,5,2,95,43,52
0260310,Petersburg,2019,2023,3346,154,181,218,168,190,322,420,415,281,258,486,210,43,45.5,652,2694,2565,925,739,3346,1682,1664
0260640,Pilot Point,2019,2023,54,6,5,7,4,0,5,6,5,3,1,10,2,0,35,20,34,32,13,12,54,33,21
0260860,Pitkas Point,2019,2023,221,17,24,41,25,17,31,26,12,5,4,17,2,0,22.1,103,118,111,23,19,221,117,104
0261120,Pleasant Valley,2019,2023,507,0,0,89,64,0,61,46,174,32,0,22,19,0,42.9,153,354,354,41,41,507,224,283
0261190,Point Baker,2019,2023,0,0,0,0,0,0,0,0,0,0,0,0,0,0,,0,0,0,0,0,0,0,0
0261630,Point Hope,2019,2023,721,116,78,81,56,23,105,98,56,20,25,30,20,13,25.3,320,401,375,85,63,721,360,361
0261700,Point Lay,2019,2023,288,25,30,50,49,18,53,26,19,10,1,7,0,0,18,144,144,131,8,7,288,142,146
0261788,Point MacKenzie,2019,2023,1728,0,0,32,83,123,239,401,375,148,168,86,73,0,44.2,99,1629,1605,281,159,1728,1492,236
0261825,Point Possession,2019,2023,0,0,0,0,0,0,0,0,0,0,0,0,0,0,,0,0,0,0,0,0,0,0
0262125,Pope-Vannoy Landing,2019,2023,0,0,0,0,0,0,0,0,0,0,0,0,0,0,,0,0,0,0,0,0,0,0
0262285,Portage Creek,2019,2023,5,0,0,0,0,2,0,0,0,0,3,0,0,0,61.3,0,5,3,1,0,5,5,0
0262510,Port Alexander,2019,2023,26,0,3,1,0,0,0,7,3,4,3,3,2,0,46.7,4,22,22,8,5,26,17,9
0262620,Port Alsworth,2019,2023,174,0,5,9,17,16,96,12,1,6,1,4,2,5,33.4,16,158,143,12,11,174,123,51
0263170,Port Clarence,2019,2023,17,0,0,0,3,11,0,3,0,0,0,0,0,0,21.5,0,17,11,0,0,17,17,0
0263280,Port Graham,2019,2023,125,17,8,9,4,17,21,21,8,0,8,10,0,2,26.8,38,87,87,18,12,125,85,40
0263610,Port Lions,2019,2023,151,2,8,5,2,19,4,19,11,22,23,22,7,7,56.4,17,134,129,55,36,151,76,75
0263870,Port Protection,2019,2023,18,0,0,0,0,0,0,0,0,18,0,0,0,0,,0,18,18,0,0,18,0,18
0264240,Primrose,2019,2023,125,9,11,0,0,0,26,35,0,0,28,16,0,0,38.1,20,105,105,34,16,125,31,94
0264600,Quinhagak,2019,2023,1302,185,120,144,116,82,158,147,90,89,44,81,46,0,25.4,539,763,713,149,127,1302,659,643
0264820,Rampart,2019,2023,0,0,0,0,0,0,0,0,0,0,0,0,0,0,,0,0,0,0,0,0,0,0
0264930,Red Devil,2019,2023,3,0,0,0,0,0,0,0,0,0,0,3,0,0,,0,3,3,3,3,3,0,3
0264980,Red Dog Mine,2019,2023,0,0,0,0,0,0,0,0,0,0,0,0,0,0,,0,0,0,0,0,0,0,0
0265345,Ridgeway,2019,2023,2174,112,88,115,129,42,171,238,309,165,298,250,232,25,54,444,1730,1711,614,507,2174,1158,1016
0265590,Ruby,2019,2023,180,24,13,9,5,4,12,16,9,10,13,57,4,4,52,48,132,127,69,65,180,107,73
0265700,Russian Mission,2019,2023,202,30,14,20,17,20,32,23,14,16,3,13,0,0,26,74,128,117,13,13,202,108,94
0265800,Saint George,2019,2023,59,6,0,5,6,0,13,14,1,0,4,10,0,0,34.5,15,44,42,12,10,59,30,29
0266140,Saint Mary's,2019,2023,788,102,49,84,60,73,127,73,69,51,38,45,12,5,26.2,268,520,478,96,62,788,382,406
0266360,Saint Michael,2019,2023,220,30,19,30,35,26,27,24,7,5,6,8,3,0,19.3,102,118,102,17,11,220,131,89
0266470,Saint Paul,2019,2023,362,18,12,16,48,20,59,26,79,19,19,41,5,0,39.3,86,276,265,60,46,362,285,77
0266550,Salcha,2019,2023,1076,62,31,71,29,28,261,155,113,86,141,84,13,2,38.9,193,883,883,202,99,1076,618,458
0267020,Sand Point,2019,2023,1146,27,22,45,42,92,171,109,248,128,91,109,62,0,46.8,124,1022,1010,186,171,1146,683,463
0267460,Savoonga,2019,2023,766,62,88,88,89,62,140,70,41,43,17,45,13,8,24.5,297,469,423,74,66,766,431,335
0267570,Saxman,2019,2023,354,13,13,20,16,23,39,33,59,15,29,46,46,2,48.4,52,302,292,108,94,354,202,152
0267680,Scammon Bay,2019,2023,491,110,64,49,37,31,68,50,17,10,18,20,14,3,18.3,243,248,228,42,37,491,268,223
0268230,Selawik,2019,2023,403,56,54,54,40,24,37,74,9,8,21,21,5,0,19.4,195,208,192,42,26,403,222,181
0268340,Seldovia,2019,2023,174,15,3,4,15,0,12,0,11,7,27,43,37,0,62.4,26,148,137,89,80,174,82,92
0268560,Seward,2019,2023,2735,121,155,232,103,45,502,443,271,112,234,351,42,124,42.6,589,2146,2110,678,517,2735,1746,989
0268670,Shageluk,2019,2023,36,1,13,0,0,0,0,13,3,1,0,5,0,0,37.6,14,22,22,5,5,36,22,14
0268890,Shaktoolik,2019,2023,293,7,48,34,27,17,48,25,40,10,17,18,2,0,28.9,103,190,173,28,20,293,145,148
0270100,Shungnak,2019,2023,211,34,16,30,18,10,25,23,11,7,10,21,6,0,23.4,90,121,108,30,27,211,107,104
0270320,Silver Springs,2019,2023,66,5,3,3,0,0,11,2,3,14,18,7,0,0,56.3,11,55,55,11,7,66,37,29
0270540,Sitka,2019,2023,8393,385,472,495,464,476,1249,1187,1000,460,756,875,400,174,39.6,1647,6746,6541,1792,1449,8393,4367,4026
0270760,Skagway,2019,2023,1212,59,34,49,35,78,214,195,227,67,70,103,76,5,40.8,162,1050,1032,232,184,1212,478,734
0270870,Skwentna,2019,2023,73,8,0,6,0,0,9,8,0,8,13,21,0,0,55.7,14,59,59,27,21,73,46,27
0270930,Slana,2019,2023,88,0,0,0,0,0,0,0,0,0,17,27,44,0,73,0,88,88,88,71,88,46,42
0271090,Sleetmute,2019,2023,61,6,7,8,3,9,10,4,10,0,2,2,0,0,23.5,24,37,35,2,2,61,30,31
0271640,Soldotna,2019,2023,4448,336,407,216,309,166,816,450,537,252,189,406,220,144,34.2,1137,3311,3178,834,770,4448,1992,2456
0272135,South Lakes,2019,2023,6132,506,336,360,560,481,991,760,741,396,307,533,140,21,33,1548,4584,4284,911,694,6132,3014,3118
0272230,South Van Horn,2019,2023,354,5,38,0,11,10,42,59,58,23,10,80,18,0,46.4,50,304,300,103,98,354,204,150
0272960,Stebbins,2019,2023,666,86,87,87,41,35,96,87,43,24,19,55,4,2,24.6,286,380,362,76,61,666,349,317
0272985,Steele Creek,2019,2023,5861,225,322,334,595,478,340,905,980,423,595,470,159,35,41.7,1186,4675,4317,1123,664,5861,2866,2995
0273070,Sterling,2019,2023,6776,340,548,299,412,327,696,752,777,334,585,1135,500,71,45.1,1469,5307,5021,1982,1706,6776,3455,3321
0273290,Stevens Village,2019,2023,7,0,0,0,0,0,1,0,3,3,0,0,0,0,52.8,0,7,7,0,0,7,4,3
0273400,Stony River,2019,2023,16,0,2,4,0,0,0,3,3,2,1,1,0,0,41.7,6,10,10,2,1,16,9,7
0273950,Sunrise,2019,2023,20,0,0,0,0,0,0,0,0,0,0,20,0,0,,0,20,20,20,20,20,13,7
0274340,Susitna,2019,2023,30,0,0,0,0,0,0,0,0,0,8,22,0,0,71,0,30,30,30,22,30,15,15
0274350,Susitna North,2019,2023,1506,77,70,116,60,42,201,203,174,127,148,237,51,0,44.2,285,1221,1170,375,288,1506,839,667
0274610,Takotna,2019,2023,67,7,11,11,0,0,27,1,4,1,1,4,0,0,28.9,29,38,38,5,4,67,30,37
0274830,Talkeetna,2019,2023,997,26,127,125,74,15,46,191,194,38,62,95,3,1,41.3,352,645,645,131,99,997,491,506
0275050,Tanacross,2019,2023,173,13,14,12,15,29,12,30,14,7,13,11,2,1,32.6,49,124,119,18,14,173,107,66
0275077,Tanaina,2019,2023,9738,668,732,843,662,646,1374,1532,1147,625,607,585,282,35,34.6,2637,7101,6676,1313,902,9738,5066,4672
0275160,Tanana,2019,2023,309,25,28,27,15,16,11,24,29,48,21,41,23,1,46,94,215,212,86,65,309,166,143
0275380,Tatitlek,2019,2023,23,0,0,5,0,0,7,0,1,3,0,4,3,0,33.8,5,18,18,7,7,23,12,11
0275930,Teller,2019,2023,309,5,27,33,46,25,40,27,25,20,12,25,24,0,31.2,97,212,195,55,49,309,167,142
0276260,Tenakee Springs,2019,2023,172,0,6,5,4,0,0,7,27,11,17,76,9,10,65.3,15,157,157,108,95,172,96,76
0276590,Tetlin,2019,2023,208,22,15,22,16,21,17,33,21,4,5,24,7,1,26.4,65,143,128,37,32,208,150,58
0277140,Thorne Bay,2019,2023,475,35,20,23,41,46,38,22,78,38,51,80,3,0,45.4,103,372,327,116,83,475,236,239
0277690,Togiak,2019,2023,993,96,83,75,54,77,141,77,109,66,20,145,38,12,33.3,296,697,669,207,195,993,559,434
0277800,Tok,2019,2023,1490,64,115,90,0,51,220,126,257,81,158,225,55,48,48,269,1221,1221,415,328,1490,766,724
0278240,Toksook Bay,2019,2023,999,157,125,56,123,40,117,108,123,24,29,57,34,6,24.6,407,592,535,120,97,999,515,484
0278297,Tolsona,2019,2023,51,0,0,0,0,0,0,0,0,0,24,27,0,0,65.2,0,51,51,27,27,51,27,24
0278350,Tonsina,2019,2023,41,12,0,0,0,0,19,10,0,0,0,0,0,0,32.4,12,29,29,0,0,41,19,22
0278680,Trapper Creek,2019,2023,514,7,20,6,31,8,10,38,81,29,78,156,38,12,61.8,53,461,450,256,206,514,301,213
0278790,Tuluksak,2019,2023,324,4,0,0,3,3,304,0,3,4,0,0,3,0,33.5,7,317,314,3,3,324,310,14
0279120,Tuntutuliak,2019,2023,616,71,60,45,68,34,209,36,31,24,14,15,9,0,27.8,214,402,367,31,24,616,241,375
0279230,Tununak,2019,2023,405,55,52,20,43,50,78,20,30,29,13,12,3,0,23.7,150,255,227,21,15,405,225,180
0279780,Twin Hills,2019,2023,68,8,5,10,0,6,8,1,5,9,2,14,0,0,32,23,45,44,16,14,68,32,36
0279830,Two Rivers,2019,2023,571,0,0,27,19,0,102,44,109,19,49,178,24,0,54.6,46,525,525,251,202,571,362,209
0279890,Tyonek,2019,2023,291,5,17,19,19,68,36,43,33,18,27,5,0,1,29.6,52,239,227,21,6,291,182,109
0280100,Ugashik,2019,2023,3,0,0,0,0,0,0,0,0,0,3,0,0,0,,0,3,3,2,0,3,2,1
0280660,Unalakleet,2019,2023,800,84,56,59,33,42,91,144,99,69,43,50,24,6,38.7,219,581,562,87,80,800,368,432
0280770,Unalaska,2019,2023,4430,88,198,138,325,311,849,801,871,459,144,220,24,2,38.7,564,3866,3643,320,246,4430,3035,1395
0281320,Upper Kalskag,2019,2023,232,36,35,24,23,17,30,23,14,11,14,3,2,0,19.6,102,130,107,12,5,232,127,105
0281920,Utqiagvik,2019,2023,4850,279,453,502,522,363,576,599,497,305,280,364,110,0,30.7,1555,3295,3034,572,474,4850,2496,2354
0282200,Valdez,2019,2023,3911,221,209,293,210,204,617,668,496,264,337,267,81,44,39.3,829,3082,2945,583,392,3911,2192,1719
0282420,Venetie,2019,2023,102,4,0,9,0,37,10,10,0,0,4,28,0,0,25.1,13,89,89,32,28,102,60,42
0282750,Wainwright,2019,2023,612,72,57,74,57,22,81,108,50,15,30,30,6,10,29,247,365,345,60,46,612,316,296
0283080,Wasilla,2019,2023,9435,590,768,554,493,598,1661,1246,854,480,516,1004,381,290,35.3,2251,7184,6944,2007,1675,9435,4810,4625
0284120,Whitestone,2019,2023,16,0,0,0,0,0,8,0,0,0,0,8,0,0,,0,16,16,8,8,16,8,8
0284200,Whitestone Logging Camp,2019,2023,0,0,0,0,0,0,0,0,0,0,0,0,0,0,,0,0,0,0,0,0,0,0
0284510,Whittier,2019,2023,471,77,22,35,19,23,86,62,28,15,46,40,14,4,29.8,144,327,317,80,58,471,211,260
0285280,Willow,2019,2023,1769,87,114,118,106,16,133,250,260,114,169,266,113,23,46.7,399,1370,1344,493,402,1769,920,849
0285290,Willow Creek,2019,2023,126,0,0,0,0,0,0,0,8,34,10,61,13,0,71.5,0,126,126,74,74,126,76,50
0285610,Wiseman,2019,2023,22,0,0,0,0,0,0,0,14,0,8,0,0,0,,0,22,22,0,0,22,8,14
0285680,Womens Bay,2019,2023,994,71,41,46,132,29,141,168,108,0,126,111,21,0,35.5,209,785,688,217,132,994,511,483
0286380,Wrangell,2019,2023,2106,137,124,106,103,121,290,187,256,132,147,288,193,22,44.3,433,1673,1620,590,503,2106,1083,1023
0286490,Yakutat,2019,2023,506,29,17,6,16,40,61,56,65,35,41,92,38,10,53.2,66,440,430,168,140,506,333,173
0200650,Akhiok,2018,2022,98,3,1,0,7,9,15,7,16,37,0,0,0,3,50.4,8,90,82,3,3,98,64,34
0200760,Akiachak,2018,2022,415,73,54,29,20,33,62,37,41,19,9,31,7,0,24.9,170,245,237,47,38,415,186,229
0201090,Akutan,2018,2022,911,16,9,6,0,70,222,244,188,42,63,44,7,0,40.8,31,880,880,66,51,911,695,216
0201200,Alakanuk,2018,2022,1138,153,86,141,164,64,193,107,71,62,45,39,13,0,21.8,483,655,587,64,52,1138,653,485
0201305,Alatna,2018,2022,36,0,0,0,4,4,1,16,4,0,0,5,2,0,44,0,36,28,7,7,36,15,21
0201390,Alcan Border,2018,2022,178,0,0,115,38,3,3,0,17,2,0,0,0,0,13.9,138,40,25,0,0,178,102,76
0201420,Aleknagik,2018,2022,121,8,7,8,8,5,21,10,4,15,8,19,6,2,36.2,31,90,90,35,27,121,58,63
0201560,Aleneva,2018,2022,0,0,0,0,0,0,0,0,0,0,0,0,0,0,,0,0,0,0,0,0,0,0
0201970,Ambler,2018,2022,277,26,33,15,8,13,64,21,19,8,18,34,15,3,29.9,80,197,190,65,52,277,127,150
0202080,Anaktuvuk Pass,2018,2022,222,33,35,15,19,9,58,20,11,10,3,9,0,0,24,102,120,117,12,9,222,135,87
0203000,Anchorage,2018,2022,290674,19434,20387,18419,18328,21652,48906,40272,34222,17449,16837,22832,9338,2598,34.5,69388,221286,209919,44247,34768,290674,149144,141530
0203110,Anchor Point,2018,2022,2260,70,108,121,139,79,214,221,319,162,242,385,153,47,51.2,396,1864,1822,728,585,2260,1224,1036
0203220,Anderson,2018,2022,173,2,14,14,23,29,16,22,15,9,10,18,1,0,30.4,38,135,119,26,19,173,114,59
0203880,Anvik,2018,2022,74,8,8,0,9,16,4,4,5,4,7,3,6,0,24.5,17,57,47,14,9,74,38,36
0204430,Atmautluak,2018,2022,34,3,3,5,0,2,7,10,0,4,0,0,0,0,26,11,23,23,0,0,34,18,16
0204500,Atqasuk,2018,2022,119,12,16,10,8,22,23,3,14,3,0,2,6,0,23.6,38,81,70,8,8,119,63,56
0205000,Badger,2018,2022,19182,1344,1175,1486,1503,1194,2938,3250,2007,1215,795,1353,842,80,34.7,4888,14294,13261,2737,2275,19182,10636,8546
0205585,Bear Creek,2018,2022,1283,82,26,182,71,0,109,179,246,86,103,199,0,0,44.9,361,922,922,292,199,1283,699,584
0206245,Beluga,2018,2022,4,0,0,0,0,0,2,0,0,0,0,0,2,0,,0,4,4,2,2,4,4,0
0206520,Bethel,2018,2022,6312,547,622,416,497,570,953,846,630,403,368,348,65,47,30.8,1886,4426,4135,696,460,6312,3434,2878
0206630,Bettles,2018,2022,0,0,0,0,0,0,0,0,0,0,0,0,0,0,,0,0,0,0,0,0,0,0
0206850,Big Delta,2018,2022,545,22,23,28,78,39,10,29,78,77,47,103,11,0,54.4,123,422,394,139,114,545,336,209
0207070,Big Lake,2018,2022,3232,209,231,172,160,184,608,364,323,295,228,323,107,28,35.8,709,2523,2385,574,458,3232,1695,1537
0207620,Birch Creek,2018,2022,3,0,0,0,0,0,0,3,0,0,0,0,0,0,,0,3,3,0,0,3,3,0
0208740,Brevig Mission,2018,2022,625,86,93,81,24,44,102,52,26,39,32,31,15,0,22,279,346,335,61,46,625,296,329
0209600,Buckland,2018,2022,644,89,70,73,64,51,117,58,35,23,19,17,25,3,22.2,277,367,334,58,45,644,365,279
0209657,Buffalo Soapstone,2018,2022,959,38,86,58,76,45,110,128,106,92,53,134,33,0,41.4,249,710,680,194,167,959,499,460
0209710,Butte,2018,2022,3752,186,208,289,222,250,363,513,491,339,310,352,149,80,42.3,856,2896,2799,761,581,3752,1954,1798
0210150,Cantwell,2018,2022,117,0,0,3,4,0,8,13,13,11,4,19,37,5,65.4,4,113,110,63,61,117,75,42
0211690,Central,2018,2022,105,0,9,12,12,0,0,5,11,7,37,10,2,0,56.7,33,72,72,20,12,105,57,48
0211800,Chalkyitsik,2018,2022,95,7,10,10,0,0,23,20,6,8,0,3,8,0,32.8,27,68,68,11,11,95,66,29
0212350,Chase,2018,2022,26,0,0,0,0,0,0,0,0,0,0,26,0,0,,0,26,26,26,26,26,13,13
0212680,Chefornak,2018,2022,476,57,65,41,37,37,72,40,23,15,23,38,28,0,25.2,189,287,272,77,66,476,272,204
0212920,Chena Ridge,2018,2022,5321,309,280,466,188,287,875,798,780,257,601,399,81,0,37.7,1140,4181,4032,765,480,5321,2570,2751
0212970,Chenega,2018,2022,58,6,6,4,3,6,14,3,0,0,0,10,6,0,30.5,17,41,39,16,16,58,33,25
0213230,Chevak,2018,2022,432,23,48,45,28,6,59,33,93,20,58,19,0,0,35.9,136,296,288,77,19,432,320,112
0213340,Chickaloon,2018,2022,283,28,6,13,0,9,48,16,11,31,20,85,12,4,59,47,236,236,116,101,283,142,141
0213450,Chicken,2018,2022,0,0,0,0,0,0,0,0,0,0,0,0,0,0,,0,0,0,0,0,0,0,0
0213550,Chignik,2018,2022,54,4,3,4,2,0,10,4,1,10,12,4,0,0,44.5,13,41,41,4,4,54,25,29
0213670,Chignik Lagoon,2018,2022,39,5,0,2,6,0,5,6,0,4,6,5,0,0,40.8,9,30,26,11,5,39,14,25
0213890,Chisana,2018,2022,0,0,0,0,0,0,0,0,0,0,0,0,0,0,,0,0,0,0,0,0,0,0
0214000,Chistochina,2018,2022,45,0,0,5,0,3,0,0,11,2,10,3,6,5,60.2,5,40,37,14,14,45,11,34
0214110,Chitina,2018,2022,71,14,0,0,4,6,3,6,13,2,13,7,3,0,46.5,18,53,53,15,10,71,46,25
0214330,Chuathbaluk,2018,2022,92,7,12,8,6,12,4,3,6,5,22,7,0,0,28.5,30,62,59,20,7,92,51,41
0214880,Circle,2018,2022,45,0,4,12,0,0,0,3,5,0,3,5,8,5,52.7,16,29,29,21,18,45,15,30
0215320,Clam Gulch,2018,2022,279,11,12,6,17,38,35,33,36,12,7,60,8,4,42.1,40,239,233,74,72,279,158,121
0216360,Coffman Cove,2018,2022,201,36,9,29,0,6,10,32,6,25,9,30,9,0,38.2,74,127,127,45,39,201,122,79
0216420,Cohoe,2018,2022,1520,97,67,113,128,42,122,168,201,166,162,199,54,1,47.2,363,1157,1115,353,254,1520,778,742
0216530,Cold Bay,2018,2022,143,11,4,0,1,19,25,26,11,22,16,8,0,0,44.3,15,128,127,10,8,143,56,87
0216630,Coldfoot,2018,2022,270,0,0,0,0,32,106,0,0,33,0,99,0,0,33.9,0,270,270,99,99,270,213,57
0216750,College,2018,2022,12376,1072,696,429,680,1276,2283,1384,1076,462,678,1497,662,181,32.9,2541,9835,9135,2741,2340,12376,6821,5555
0217190,Cooper Landing,2018,2022,224,58,39,0,0,0,41,44,19,0,0,23,0,0,28.9,97,127,127,23,23,224,132,92
0217300,Copper Center,2018,2022,329,10,35,41,24,21,33,31,42,31,16,29,15,1,35.1,102,227,206,52,45,329,181,148
0217410,Cordova,2018,2022,2507,129,117,204,155,86,498,246,189,230,261,291,73,28,36.9,520,1987,1898,623,392,2507,1330,1177
0217670,Covenant Life,2018,2022,25,0,0,0,0,0,0,0,16,0,0,0,9,0,46.5,0,25,25,9,9,25,9,16
0217740,Craig,2018,2022,1073,58,54,51,83,64,175,130,150,65,77,124,38,4,38.5,207,866,820,198,166,1073,569,504
0217850,Crooked Creek,2018,2022,28,0,5,0,4,0,3,0,10,0,1,3,2,0,46,5,23,19,6,5,28,19,9
0217960,Crown Point,2018,2022,62,0,0,0,0,0,0,25,16,0,6,15,0,0,49.4,0,62,62,21,15,62,37,25
0218510,Deering,2018,2022,189,30,22,20,13,12,35,16,15,9,0,12,2,3,24.5,78,111,100,17,17,189,99,90
0218620,Delta Junction,2018,2022,1126,113,75,79,49,42,181,216,111,69,59,71,42,19,36,301,825,806,161,132,1126,691,435
0218675,Deltana,2018,2022,2059,165,240,211,142,50,285,286,285,65,106,173,32,19,33.2,726,1333,1280,283,224,2059,1001,1058
0218805,Denali Park,2018,2022,817,0,14,0,0,21,85,473,96,97,8,23,0,0,44.5,14,803,803,23,23,817,670,147
0218925,Diamond Ridge,2018,2022,1397,90,72,150,57,82,177,175,138,144,91,180,39,2,40.2,361,1036,1002,287,221,1397,663,734
0218950,Dillingham,2018,2022,2175,167,182,182,134,146,363,301,187,147,172,129,41,24,32.3,610,1565,1499,330,194,2175,1072,1103
0219060,Diomede,2018,2022,47,5,7,8,0,0,12,3,10,0,1,1,0,0,27.4,20,27,27,1,1,47,24,23
0219720,Dot Lake,2018,2022,0,0,0,0,0,0,0,0,0,0,0,0,0,0,,0,0,0,0,0,0,0,0
0219750,Dot Lake Village,2018,2022,0,0,0,0,0,0,0,0,0,0,0,0,0,0,,0,0,0,0,0,0,0,0
0220020,Dry Creek,2018,2022,202,47,0,0,16,32,0,0,30,65,12,0,0,0,50.4,47,155,139,12,0,202,119,83
0220380,Eagle,2018,2022,99,0,0,0,2,5,3,5,3,7,11,40,22,1,69.8,2,97,97,65,63,99,62,37
0220600,Eagle Village,2018,2022,68,10,7,5,4,4,0,6,0,0,17,13,2,0,35.7,22,46,38,20,15,68,56,12
0220716,Eareckson Station,2018,2022,166,0,0,0,0,21,10,45,25,28,32,5,0,0,51,0,166,166,24,5,166,151,15
0220970,Edna Bay,2018,2022,21,0,0,0,0,0,9,12,0,0,0,0,0,0,43.1,0,21,21,0,0,21,16,5
0221040,Eek,2018,2022,475,24,67,66,38,32,58,31,86,16,28,18,7,4,26,187,288,271,49,29,475,257,218
0221150,Egegik,2018,2022,46,0,0,0,2,0,11,11,11,2,7,2,0,0,44.7,2,44,44,9,2,46,37,9
0221370,Eielson AFB,2018,2022,3071,414,538,157,115,672,775,332,52,3,0,0,6,7,22.1,1124,1947,1662,13,13,3071,1754,1317
0221810,Ekwok,2018,2022,51,5,1,8,2,5,6,0,3,5,7,5,4,0,30.5,16,35,34,11,9,51,27,24
0222140,Elfin Cove,2018,2022,16,0,0,0,0,0,0,0,0,0,0,12,4,0,73.4,0,16,16,16,16,16,7,9
0222250,Elim,2018,2022,293,20,45,44,38,19,34,40,20,9,14,8,2,0,19.9,134,159,140,16,10,293,183,110
0222910,Emmonak,2018,2022,1293,171,154,90,94,108,189,170,80,50,47,123,15,2,26.8,480,813,773,162,140,1293,731,562
0223460,Ester,2018,2022,2989,69,155,66,153,105,772,339,528,226,304,267,5,0,38.8,347,2642,2545,544,272,2989,1851,1138
0223720,Eureka Roadhouse,2018,2022,0,0,0,0,0,0,0,0,0,0,0,0,0,0,,0,0,0,0,0,0,0,0
0223790,Evansville,2018,2022,27,0,0,0,0,0,10,1,7,1,5,3,0,0,49.6,0,27,27,8,3,27,20,7
0223900,Excursion Inlet,2018,2022,62,0,0,0,0,0,12,0,23,21,6,0,0,0,53.7,0,62,62,6,0,62,28,34
0224230,Fairbanks,2018,2022,32496,2755,2517,1881,2000,4193,7042,3395,2767,1367,1055,2348,842,334,28.1,8296,24200,22709,4025,3524,32496,17413,15083
0224660,False Pass,2018,2022,103,21,6,2,15,7,15,18,0,13,0,6,0,0,32.1,40,63,59,6,6,103,62,41
0224980,Farmers Loop,2018,2022,4179,223,324,227,351,178,772,558,497,334,316,331,68,0,35.2,1026,3153,3014,554,399,4179,2234,1945
0225000,Farm Loop,2018,2022,2561,164,133,183,170,98,303,427,330,231,138,285,87,12,40.9,593,1968,1881,475,384,2561,1284,1277
0225220,Ferry,2018,2022,26,7,0,0,0,0,5,0,0,5,0,4,0,5,56.2,7,19,19,9,9,26,14,12
0225880,Flat,2018,2022,0,0,0,0,0,0,0,0,0,0,0,0,0,0,,0,0,0,0,0,0,0,0
0226760,Fort Yukon,2018,2022,476,26,29,53,34,11,32,64,55,44,13,73,25,17,43.7,126,350,334,122,115,476,221,255
0226835,Four Mile Road,2018,2022,5,0,0,0,0,0,0,0,0,0,5,0,0,0,,0,5,5,0,0,5,5,0
0226870,Fox,2018,2022,195,0,0,0,0,0,0,0,0,134,0,0,0,61,59.7,0,195,195,61,61,195,128,67
0226910,Fox River,2018,2022,712,114,86,89,31,84,110,51,46,28,26,32,10,5,22,307,405,383,64,47,712,341,371
0227090,Fritz Creek,2018,2022,2163,136,112,98,95,51,185,326,315,238,165,315,109,18,47.4,408,1755,1718,522,442,2163,1100,1063
0227145,Funny River,2018,2022,1072,41,0,30,0,46,52,55,158,158,163,343,0,26,57.9,71,1001,1001,441,369,1072,513,559
0227420,Gakona,2018,2022,155,11,14,14,4,0,17,14,5,36,5,29,6,0,50.5,43,112,112,40,35,155,98,57
0227530,Galena,2018,2022,627,54,58,41,35,48,106,93,76,31,27,32,22,4,32.1,175,452,439,73,58,627,280,347
0227640,Gambell,2018,2022,426,33,35,36,48,46,74,48,35,14,28,21,8,0,25.8,139,287,266,42,29,426,224,202
0227700,Game Creek,2018,2022,0,0,0,0,0,0,0,0,0,0,0,0,0,0,,0,0,0,0,0,0,0,0
0228590,Glacier View,2018,2022,216,19,0,0,5,8,26,44,10,28,9,47,20,0,54.2,24,192,192,71,67,216,96,120
0229130,Goldstream,2018,2022,2798,91,237,95,104,262,118,529,525,301,203,223,110,0,41.7,526,2272,2079,391,333,2798,1158,1640
0229180,Golovin,2018,2022,185,10,10,24,23,19,13,30,14,13,7,18,4,0,28.8,59,126,113,27,22,185,115,70
0229290,Goodnews Bay,2018,2022,118,19,13,6,3,4,21,17,13,14,5,3,0,0,32.8,41,77,77,8,3,118,48,70
0230060,Grayling,2018,2022,210,21,13,26,16,8,28,37,9,10,20,6,11,5,31,69,141,134,28,22,210,116,94
0230500,Gulkana,2018,2022,69,0,0,8,4,0,6,4,18,3,2,17,7,0,47.1,12,57,57,24,24,69,36,33
0231050,Haines,2018,2022,1762,77,149,233,172,28,98,250,173,93,149,233,95,12,41.3,628,1134,1131,398,340,1762,898,864
0231270,Halibut Cove,2018,2022,211,0,17,37,4,0,30,22,14,10,0,72,0,5,40.7,58,153,153,77,77,211,130,81
0231710,Happy Valley,2018,2022,748,40,19,60,32,36,38,63,36,60,90,148,94,32,58.5,131,617,586,337,274,748,401,347
0231765,Harding-Birch Lakes,2018,2022,285,0,0,0,10,0,13,26,70,62,34,70,0,0,59.1,10,275,275,85,70,285,179,106
0232150,Healy,2018,2022,865,41,22,77,79,60,55,83,177,69,30,151,21,0,48.7,195,670,646,185,172,865,468,397
0232310,Healy Lake,2018,2022,26,6,0,0,3,0,0,2,4,7,4,0,0,0,52.7,9,17,17,2,0,26,16,10
0232550,Hobart Bay,2018,2022,0,0,0,0,0,0,0,0,0,0,0,0,0,0,,0,0,0,0,0,0,0,0
0232810,Hollis,2018,2022,138,0,16,0,0,0,0,0,0,37,13,47,25,0,65.2,16,122,122,85,72,138,97,41
0233030,Holy Cross,2018,2022,277,18,13,35,35,7,30,34,18,27,29,27,1,3,35,98,179,176,48,31,277,185,92
0233140,Homer,2018,2022,5623,260,282,347,342,320,737,762,515,367,441,817,287,146,40.8,1061,4562,4306,1509,1250,5623,2880,2743
0233360,Hoonah,2018,2022,896,37,42,40,16,64,153,74,107,103,69,142,46,3,47,124,772,756,233,191,896,565,331
0233470,Hooper Bay,2018,2022,801,111,94,79,41,21,129,118,104,30,37,35,2,0,30.2,304,497,467,54,37,801,365,436
0233580,Hope,2018,2022,133,44,0,0,0,0,18,26,45,0,0,0,0,0,39.4,44,89,89,0,0,133,59,74
0233800,Houston,2018,2022,1613,69,79,82,93,88,229,149,254,143,158,214,49,6,46.1,282,1331,1270,333,269,1613,908,705
0233910,Hughes,2018,2022,34,0,2,2,0,2,2,0,6,3,1,13,3,0,59,4,30,30,16,16,34,18,16
0234350,Huslia,2018,2022,182,7,37,16,27,9,12,15,23,5,14,12,5,0,20.8,76,106,90,21,17,182,85,97
0234460,Hydaburg,2018,2022,328,18,11,19,33,16,46,39,38,13,25,48,18,4,39,74,254,243,85,70,328,170,158
0234570,Hyder,2018,2022,16,0,0,0,0,0,0,0,0,0,0,16,0,0,,0,16,16,16,16,16,0,16
0234790,Igiugig,2018,2022,69,2,6,7,14,2,8,11,3,1,5,2,2,6,30.5,19,50,40,15,10,69,20,49
0235890,Ivanof Bay,2018,2022,0,0,0,0,0,0,0,0,0,0,0,0,0,0,,0,0,0,0,0,0,0,0
0236400,Juneau,2018,2022,32108,1679,1987,1868,1879,1748,4960,4617,4142,2121,2363,3345,1131,268,39,6625,25483,24327,6348,4744,32108,16461,15647
0236540,Kachemak,2018,2022,787,64,59,60,47,9,107,123,53,48,54,107,50,6,36.9,204,583,557,206,163,787,375,412
0236770,Kake,2018,2022,473,41,40,26,32,24,60,59,53,26,25,54,27,6,37.3,129,344,326,107,87,473,229,244
0236990,Kaktovik,2018,2022,201,15,14,16,24,21,28,24,31,5,12,5,6,0,27.8,59,142,132,12,11,201,115,86
0237250,Kalifornsky,2018,2022,8380,477,374,657,728,486,818,1298,1172,380,767,849,276,98,40.7,1921,6459,5979,1804,1223,8380,4441,3939
0237430,Kaltag,2018,2022,197,0,13,3,11,34,3,33,44,17,27,12,0,0,45.3,22,175,165,29,12,197,118,79
0237540,Karluk,2018,2022,27,0,0,0,2,12,0,6,2,0,0,5,0,0,23.8,0,27,25,5,5,27,18,9
0237975,Kasigluk,2018,2022,389,49,39,51,35,21,55,46,25,25,24,11,4,4,24.8,164,225,211,28,19,389,200,189
0238090,Kasilof,2018,2022,279,0,0,49,0,0,0,128,12,0,0,90,0,0,44.1,49,230,230,90,90,279,132,147
0238420,Kenai,2018,2022,7477,461,564,540,382,609,1338,881,937,590,313,551,217,94,34.2,1809,5668,5440,1059,862,7477,3810,3667
0238910,Kenny Lake,2018,2022,222,25,15,29,30,19,0,51,0,0,14,23,16,0,20.6,99,123,104,53,39,222,110,112
0239300,Kiana,2018,2022,422,38,56,36,41,46,42,44,25,22,20,31,19,2,24.6,153,269,248,64,52,422,219,203
0239630,King Salmon,2018,2022,383,47,16,10,24,22,67,56,37,27,31,32,14,0,36.1,91,292,285,51,46,383,202,181
0239740,Kipnuk,2018,2022,572,67,66,66,50,28,79,52,60,31,31,28,7,7,25.9,231,341,320,54,42,572,284,288
0239960,Kivalina,2018,2022,769,85,101,106,57,46,109,89,65,44,24,28,13,2,24.3,335,434,412,58,43,769,457,312
0240400,Klawock,2018,2022,804,27,63,64,38,31,107,76,130,57,45,99,56,11,44.2,182,622,607,190,166,804,485,319
0240510,Klukwan,2018,2022,67,1,2,4,8,0,2,17,8,4,5,12,3,1,44.9,15,52,52,19,16,67,38,29
0240670,Knik River,2018,2022,822,50,68,53,40,55,146,86,84,51,61,121,4,3,35,201,621,605,173,128,822,485,337
0240840,Kobuk,2018,2022,133,16,26,19,9,11,11,16,16,0,2,2,5,0,18.1,66,67,63,9,7,133,67,66
0240950,Kodiak,2018,2022,5584,249,332,259,458,472,509,822,702,401,478,573,189,140,41.1,1070,4514,4153,1149,902,5584,2976,2608
0241210,Kodiak Station,2018,2022,2113,186,296,155,60,308,730,282,52,6,0,38,0,0,25.4,694,1419,1348,38,38,2113,1170,943
0241280,Kokhanok,2018,2022,115,18,11,15,1,0,19,30,2,4,2,5,8,0,30.2,44,71,70,15,13,115,43,72
0241500,Koliganek,2018,2022,234,17,27,38,32,20,19,18,20,9,11,19,2,2,21,97,137,117,30,23,234,123,111
0241610,Kongiganak,2018,2022,353,42,47,27,30,29,58,31,17,23,24,15,10,0,25.3,134,219,197,38,25,353,215,138
0241720,Kotlik,2018,2022,1272,217,183,162,95,120,169,85,125,32,34,33,17,0,18.6,616,656,597,62,50,1272,674,598
0241830,Kotzebue,2018,2022,3088,289,274,268,247,159,460,378,406,164,210,156,57,20,31.2,990,2098,1988,350,233,3088,1504,1584
0241940,Koyuk,2018,2022,300,25,31,36,26,29,47,15,22,17,16,30,6,0,26,112,188,176,41,36,300,184,116
0242050,Koyukuk,2018,2022,74,0,0,4,6,3,6,9,13,0,19,10,0,4,52.3,4,70,64,29,14,74,33,41
0242160,Kupreanof,2018,2022,10,0,0,0,0,0,0,0,0,0,0,8,2,0,71.3,0,10,10,10,10,10,5,5
0242490,Kwigillingok,2018,2022,589,76,50,72,56,47,69,54,46,39,38,16,15,11,24.4,242,347,323,67,42,589,285,304
0242805,Lake Louise,2018,2022,0,0,0,0,0,0,0,0,0,0,0,0,0,0,,0,0,0,0,0,0,0,0
0242820,Lake Minchumina,2018,2022,14,0,0,0,0,0,0,0,0,2,5,4,3,0,64.5,0,14,14,12,7,14,7,7
0243040,Larsen Bay,2018,2022,46,2,2,2,0,2,10,2,2,10,2,6,6,0,55.3,6,40,40,14,12,46,27,19
0243260,Lazy Mountain,2018,2022,1639,87,65,147,132,146,140,159,212,133,174,181,56,7,41.2,369,1270,1189,314,244,1639,801,838
0243810,Levelock,2018,2022,28,3,2,3,0,6,1,10,1,2,0,0,0,0,27,8,20,20,0,0,28,16,12
0244580,Livengood,2018,2022,13,0,0,0,0,0,0,0,0,2,11,0,0,0,60.9,0,13,13,0,0,13,8,5
0245295,Lowell Point,2018,2022,0,0,0,0,0,0,0,0,0,0,0,0,0,0,,0,0,0,0,0,0,0,0
0245460,Lower Kalskag,2018,2022,261,36,43,25,17,6,40,28,16,11,15,19,5,0,26.9,110,151,138,35,24,261,146,115
0245700,Lutak,2018,2022,12,0,0,0,0,0,0,0,0,0,0,0,12,0,,0,12,12,12,12,12,6,6
0246780,Manley Hot Springs,2018,2022,17,0,0,0,0,0,0,0,8,3,6,0,0,0,55.5,0,17,17,1,0,17,5,12
0246890,Manokotak,2018,2022,629,58,66,43,54,51,106,56,57,34,16,64,24,0,28.5,202,427,401,95,88,629,307,322
0247000,Marshall,2018,2022,215,40,16,41,16,11,40,7,14,13,9,8,0,0,17.8,110,105,98,11,8,215,114,101
0245790,McCarthy,2018,2022,2,0,0,0,0,0,2,0,0,0,0,0,0,0,,0,2,2,0,0,2,2,0
0246010,McGrath,2018,2022,226,11,9,24,12,13,30,20,19,18,9,53,7,1,42.7,56,170,165,66,61,226,80,146
0247735,Meadow Lakes,2018,2022,8773,375,776,723,609,590,1140,1098,1053,622,592,845,291,59,36.9,2263,6510,6149,1587,1195,8773,4612,4161
0247990,Mekoryuk,2018,2022,315,28,26,29,12,5,36,21,29,50,36,24,19,0,46.2,91,224,219,56,43,315,166,149
0248200,Mendeltna,2018,2022,89,0,0,0,0,0,0,14,40,0,15,20,0,0,53.4,0,89,89,35,20,89,49,40
0248540,Mentasta Lake,2018,2022,165,16,26,13,6,12,21,3,11,8,18,29,2,0,26.7,55,110,101,49,31,165,98,67
0248590,Mertarvik,2018,2022,0,0,0,0,0,0,0,0,0,0,0,0,0,0,,0,0,0,0,0,0,0,0
0248870,Metlakatla,2018,2022,1437,65,100,126,105,78,173,174,157,139,94,158,56,12,38.6,358,1079,1041,292,226,1437,798,639
0249200,Mill Bay,2018,2022,3617,307,394,310,85,67,549,726,311,243,256,228,102,39,35.4,1011,2606,2514,543,369,3617,1908,1709
0250190,Moose Pass,2018,2022,199,0,0,0,21,0,72,0,29,25,0,20,32,0,46.5,0,199,178,52,52,199,128,71
0250800,Mosquito Lake,2018,2022,154,0,0,0,0,0,0,0,79,6,10,59,0,0,54.7,0,154,154,59,59,154,89,65
0251180,Mountain Village,2018,2022,884,60,144,94,112,36,134,76,55,64,72,8,27,2,22.6,376,508,455,92,37,884,459,425
0251455,Mud Bay,2018,2022,62,0,0,0,0,0,0,0,8,0,25,22,7,0,63.9,0,62,62,54,29,62,47,15
0251960,Nabesna,2018,2022,0,0,0,0,0,0,0,0,0,0,0,0,0,0,,0,0,0,0,0,0,0,0
0252060,Naknek,2018,2022,418,19,22,19,16,21,123,29,32,33,56,21,21,6,32.6,72,346,342,70,48,418,261,157
0252210,Nanwalek,2018,2022,172,0,6,19,39,11,7,12,9,13,35,21,0,0,39.3,44,128,108,34,21,172,58,114
0252390,Napakiak,2018,2022,692,67,75,98,74,34,72,84,80,36,31,29,12,0,23,292,400,378,61,41,692,343,349
0252720,Napaskiak,2018,2022,582,60,55,93,67,21,70,76,34,18,9,76,3,0,22.5,250,332,305,79,79,582,314,268
0252845,Naukati Bay,2018,2022,120,0,11,0,0,10,16,13,0,35,27,8,0,0,58.3,11,109,109,26,8,120,77,43
0252915,Nelchina,2018,2022,135,0,0,27,17,0,0,40,34,0,17,0,0,0,39.6,44,91,91,17,0,135,68,67
0252940,Nelson Lagoon,2018,2022,94,0,0,0,0,24,7,0,29,3,9,15,7,0,50.4,0,94,94,28,22,94,58,36
0253050,Nenana,2018,2022,508,75,60,35,24,12,61,58,42,28,20,65,17,11,31.8,194,314,314,105,93,508,213,295
0253710,New Stuyahok,2018,2022,603,43,48,61,55,31,86,40,94,18,71,41,13,2,32.9,183,420,389,126,56,603,325,278
0253820,Newtok,2018,2022,96,7,5,6,16,11,13,13,7,2,3,10,3,0,31.2,29,67,59,13,13,96,53,43
0253930,Nightmute,2018,2022,70,0,6,3,9,7,11,6,17,5,0,6,0,0,33.7,15,55,48,6,6,70,41,29
0254050,Nikiski,2018,2022,4405,367,356,349,237,275,605,577,187,170,342,591,297,52,35.2,1257,3148,3032,1182,940,4405,2355,2050
0254085,Nikolaevsk,2018,2022,204,4,6,22,11,0,23,31,15,24,19,36,8,5,47.5,43,161,161,63,49,204,115,89
0254150,Nikolai,2018,2022,87,5,6,0,0,0,31,7,19,3,7,3,3,3,36.4,11,76,76,13,9,87,48,39
0254260,Nikolski,2018,2022,12,0,4,2,3,0,2,0,0,0,1,0,0,0,14.5,9,3,3,0,0,12,5,7
0254480,Ninilchik,2018,2022,964,98,41,56,70,20,102,68,79,83,121,153,60,13,51.3,218,746,699,306,226,964,545,419
0254700,Noatak,2018,2022,536,43,41,92,36,49,86,32,57,31,32,24,6,7,25.8,200,336,313,56,37,536,317,219
0254920,Nome,2018,2022,3710,339,287,341,240,297,577,509,487,250,150,149,66,18,31,1127,2583,2475,303,233,3710,1858,1852
0255030,Nondalton,2018,2022,40,0,0,0,1,2,6,0,11,2,8,10,0,0,55,1,39,37,10,10,40,20,20
0255140,Noorvik,2018,2022,654,71,67,83,58,34,76,58,62,30,67,29,16,3,26.7,261,393,367,108,48,654,361,293
0255745,North Lakes,2018,2022,10262,564,828,821,784,719,1315,1479,1135,703,661,893,284,76,35.6,2681,7581,7107,1688,1253,10262,5400,4862
0255910,North Pole,2018,2022,2816,278,386,248,118,226,686,470,93,79,84,123,14,11,28.4,970,1846,1729,164,148,2816,1511,1305
0256220,Northway,2018,2022,252,30,30,43,16,0,4,23,25,6,0,40,18,17,37,119,133,133,75,75,252,136,116
0256350,Nulato,2018,2022,249,25,14,13,6,19,33,44,22,11,22,29,11,0,37.6,58,191,191,56,40,249,137,112
0256600,Nunam Iqua,2018,2022,59,9,7,0,11,10,0,3,3,6,0,10,0,0,21.8,22,37,32,10,10,59,33,26
0258330,Oscarville,2018,2022,88,14,11,5,12,8,13,13,6,3,0,0,0,3,20.5,30,58,42,3,3,88,43,45
0258550,Ouzinkie,2018,2022,90,1,6,1,7,2,8,17,5,14,9,14,6,0,54,15,75,75,26,20,90,44,46
0258660,Palmer,2018,2022,6091,458,353,376,547,545,1149,676,640,293,261,491,246,56,31.2,1447,4644,4226,925,793,6091,3110,2981
0259540,Pedro Bay,2018,2022,13,2,0,0,0,0,1,0,0,6,2,0,2,0,57.5,2,11,11,2,2,13,3,10
0260200,Perryville,2018,2022,85,12,6,11,13,5,6,12,6,5,4,5,0,0,20.3,36,49,41,9,5,85,33,52
0260310,Petersburg,2018,2022,3317,148,161,178,178,158,352,302,324,431,264,491,287,43,49.8,606,2711,2596,1008,821,3317,1641,1676
0260640,Pilot Point,2018,2022,72,9,5,6,8,0,8,8,8,5,1,10,4,0,35,22,50,44,15,14,72,44,28
0260860,Pitkas Point,2018,2022,239,21,29,35,28,18,35,24,15,8,11,13,2,0,22.4,109,130,123,26,15,239,134,105
0261120,Pleasant Valley,2018,2022,623,0,35,101,45,0,64,56,238,38,0,0,46,0,46.1,181,442,442,46,46,623,337,286
0261190,Point Baker,2018,2022,0,0,0,0,0,0,0,0,0,0,0,0,0,0,,0,0,0,0,0,0,0,0
0261630,Point Hope,2018,2022,649,95,81,62,61,28,113,73,38,21,21,27,19,10,24.7,273,376,333,64,56,649,359,290
0261700,Point Lay,2018,2022,172,14,19,21,22,11,44,19,12,4,0,6,0,0,23.8,75,97,96,6,6,172,98,74
0261788,Point MacKenzie,2018,2022,1707,11,0,19,106,161,244,303,511,121,141,57,33,0,45.2,107,1600,1571,199,90,1707,1430,277
0261825,Point Possession,2018,2022,0,0,0,0,0,0,0,0,0,0,0,0,0,0,,0,0,0,0,0,0,0,0
0262125,Pope-Vannoy Landing,2018,2022,0,0,0,0,0,0,0,0,0,0,0,0,0,0,,0,0,0,0,0,0,0,0
0262285,Portage Creek,2018,2022,3,0,0,0,0,1,0,0,0,0,2,0,0,0,,0,3,2,0,0,3,3,0
0262510,Port Alexander,2018,2022,39,0,2,1,0,0,0,10,3,4,8,10,1,0,57.8,3,36,36,19,11,39,23,16
0262620,Port Alsworth,2018,2022,158,11,9,8,9,15,74,20,1,5,0,2,0,4,33.3,30,128,118,6,6,158,104,54
0263170,Port Clarence,2018,2022,40,0,0,0,0,32,0,8,0,0,0,0,0,0,21.7,0,40,29,0,0,40,40,0
0263280,Port Graham,2018,2022,142,25,5,10,6,10,17,20,9,8,18,9,2,3,34.3,46,96,96,25,14,142,97,45
0263610,Port Lions,2018,2022,124,2,5,4,3,11,13,9,8,13,19,24,8,5,56.8,14,110,108,49,37,124,56,68
0263870,Port Protection,2018,2022,14,0,0,0,0,0,0,0,0,14,0,0,0,0,,0,14,14,0,0,14,0,14
0264240,Primrose,2018,2022,84,8,8,0,0,0,24,29,0,0,15,0,0,0,35.2,16,68,68,15,0,84,15,69
0264600,Quinhagak,2018,2022,1079,151,102,129,91,61,134,117,85,56,52,64,37,0,25.6,457,622,588,128,101,1079,532,547
0264820,Rampart,2018,2022,41,3,4,12,0,0,4,4,0,0,0,9,5,0,33.4,19,22,22,14,14,41,20,21
0264930,Red Devil,2018,2022,6,0,0,0,0,0,0,6,0,0,0,0,0,0,,0,6,6,0,0,6,0,6
0264980,Red Dog Mine,2018,2022,0,0,0,0,0,0,0,0,0,0,0,0,0,0,,0,0,0,0,0,0,0,0
0265345,Ridgeway,2018,2022,2749,235,191,230,184,50,308,266,399,193,244,260,163,26,42.8,826,1923,1901,530,449,2749,1383,1366
0265590,Ruby,2018,2022,194,26,19,10,16,20,9,19,10,7,9,37,8,4,27.8,58,136,120,51,49,194,106,88
0265700,Russian Mission,2018,2022,51,12,4,4,0,8,0,0,7,3,0,13,0,0,24.4,20,31,31,13,13,51,18,33
0265800,Saint George,2018,2022,57,3,0,4,4,0,15,14,1,0,4,12,0,0,39.2,9,48,46,14,12,57,27,30
0266140,Saint Mary's,2018,2022,992,130,65,125,79,109,145,83,109,53,28,39,18,9,24.6,365,627,564,84,66,992,502,490
0266360,Saint Michael,2018,2022,308,34,38,41,43,26,36,38,18,7,12,12,3,0,19.7,140,168,144,24,15,308,180,128
0266470,Saint Paul,2018,2022,349,18,15,14,40,11,60,27,75,16,20,45,8,0,44,81,268,259,66,53,349,257,92
0266550,Salcha,2018,2022,689,0,16,38,16,9,150,94,68,77,125,79,15,2,50.7,67,622,619,176,96,689,413,276
0267020,Sand Point,2018,2022,1048,23,28,41,39,48,137,150,185,120,99,132,46,0,48.3,125,923,917,201,178,1048,580,468
0267460,Savoonga,2018,2022,823,66,89,82,111,68,152,68,53,42,22,37,25,8,24.8,300,523,465,78,70,823,462,361
0267570,Saxman,2018,2022,361,18,21,17,16,23,36,28,74,17,25,37,49,0,48.2,58,303,289,102,86,361,199,162
0267680,Scammon Bay,2018,2022,506,87,71,52,35,51,76,61,16,11,17,18,11,0,21.2,236,270,258,34,29,506,281,225
0268230,Selawik,2018,2022,557,84,70,62,49,30,51,88,29,7,55,14,18,0,21.9,251,306,285,67,32,557,316,241
0268340,Seldovia,2018,2022,182,17,3,7,20,4,8,0,22,13,30,42,16,0,58.3,39,143,131,72,58,182,92,90
0268560,Seward,2018,2022,2768,103,164,225,93,83,417,440,339,201,228,333,55,87,43.8,574,2194,2171,578,475,2768,1807,961
0268670,Shageluk,2018,2022,65,5,21,2,4,0,1,13,10,0,4,5,0,0,29.5,28,37,33,5,5,65,37,28
0268890,Shaktoolik,2018,2022,312,20,49,41,26,12,52,26,37,12,10,23,4,0,28.4,128,184,172,32,27,312,157,155
0270100,Shungnak,2018,2022,244,30,22,33,14,15,44,30,15,11,9,21,0,0,27.1,92,152,140,25,21,244,125,119
0270320,Silver Springs,2018,2022,106,11,0,0,2,10,15,0,12,32,18,6,0,0,55.8,13,93,89,10,6,106,64,42
0270540,Sitka,2018,2022,8462,398,469,534,505,485,1222,1196,1015,542,721,814,436,125,39.5,1709,6753,6496,1779,1375,8462,4420,4042
0270760,Skagway,2018,2022,1179,75,46,46,59,91,251,187,188,32,83,80,35,6,35.8,191,988,939,182,121,1179,473,706
0270870,Skwentna,2018,2022,63,7,0,0,0,0,9,7,0,7,16,13,4,0,60.1,7,56,56,17,17,63,33,30
0270930,Slana,2018,2022,81,0,0,0,0,0,0,0,0,0,15,22,44,0,76.1,0,81,81,81,66,81,38,43
0271090,Sleetmute,2018,2022,73,5,10,6,5,7,12,4,16,0,2,6,0,0,27.5,24,49,45,6,6,73,36,37
0271640,Soldotna,2018,2022,4394,232,363,160,363,196,721,455,545,329,271,471,167,121,37.1,953,3441,3256,873,759,4394,1930,2464
0272135,South Lakes,2018,2022,6414,555,338,444,506,579,955,817,817,406,279,520,161,37,32.8,1647,4767,4459,914,718,6414,3155,3259
0272230,South Van Horn,2018,2022,478,12,62,56,26,8,40,108,53,23,6,70,14,0,37.7,156,322,322,90,84,478,260,218
0272960,Stebbins,2018,2022,654,75,70,72,45,42,85,72,65,54,17,54,3,0,27.5,246,408,388,72,57,654,334,320
0272985,Steele Creek,2018,2022,6542,221,298,401,749,636,396,978,1070,443,606,520,196,28,39.1,1251,5291,4841,1217,744,6542,3458,3084
0273070,Sterling,2018,2022,6307,184,533,193,399,406,650,541,889,400,686,883,478,65,47.6,1169,5138,4834,1678,1426,6307,3329,2978
0273290,Stevens Village,2018,2022,9,0,0,0,0,0,3,0,3,3,0,0,0,0,52.5,0,9,9,0,0,9,6,3
0273400,Stony River,2018,2022,41,5,9,6,0,0,9,3,3,3,1,2,0,0,26.1,20,21,21,3,2,41,24,17
0273950,Sunrise,2018,2022,14,0,0,0,0,0,0,0,0,0,0,14,0,0,,0,14,14,14,14,14,14,0
0274340,Susitna,2018,2022,0,0,0,0,0,0,0,0,0,0,0,0,0,0,,0,0,0,0,0,0,0,0
0274350,Susitna North,2018,2022,1543,78,57,124,74,50,216,185,186,148,145,229,51,0,44.2,297,1246,1194,367,280,1543,833,710
0274610,Takotna,2018,2022,58,9,13,13,0,0,14,3,3,1,0,2,0,0,11.5,35,23,23,2,2,58,20,38
0274830,Talkeetna,2018,2022,1044,42,128,132,61,18,68,165,171,76,60,112,11,0,41.5,363,681,681,154,123,1044,499,545
0275050,Tanacross,2018,2022,136,9,13,7,10,27,7,24,4,9,14,10,1,1,32.3,35,101,97,19,12,136,77,59
0275077,Tanaina,2018,2022,9682,574,745,839,702,628,1368,1571,1218,600,612,551,256,18,34.9,2556,7126,6677,1203,825,9682,5050,4632
0275160,Tanana,2018,2022,214,21,22,15,8,21,13,16,24,19,13,22,17,3,37.3,61,153,143,55,42,214,114,100
0275380,Tatitlek,2018,2022,40,0,0,5,6,0,5,3,6,4,0,9,2,0,48.3,5,35,29,11,11,40,16,24
0275930,Teller,2018,2022,279,6,18,39,40,24,31,20,26,16,12,19,28,0,28.9,92,187,174,54,47,279,146,133
0276260,Tenakee Springs,2018,2022,136,0,9,0,0,0,0,3,38,13,15,48,3,7,64,9,127,127,70,58,136,74,62
0276590,Tetlin,2018,2022,201,29,13,30,10,16,14,32,23,5,4,19,5,1,25.6,78,123,114,29,25,201,146,55
0277140,Thorne Bay,2018,2022,482,30,27,20,31,37,35,8,86,49,52,104,3,0,53.4,96,386,352,141,107,482,249,233
0277690,Togiak,2018,2022,842,93,70,50,48,77,139,68,73,47,20,121,28,8,30.5,247,595,566,171,157,842,483,359
0277800,Tok,2018,2022,1352,46,98,50,22,50,238,129,210,99,135,144,78,53,46.7,194,1158,1136,347,275,1352,711,641
0278240,Toksook Bay,2018,2022,914,153,106,47,120,35,109,78,105,38,25,59,33,6,24.3,366,548,486,119,98,914,453,461
0278297,Tolsona,2018,2022,29,0,0,0,0,0,0,0,0,0,21,8,0,0,,0,29,29,8,8,29,8,21
0278350,Tonsina,2018,2022,16,0,0,0,0,0,0,16,0,0,0,0,0,0,,0,16,16,0,0,16,0,16
0278680,Trapper Creek,2018,2022,303,0,6,7,14,0,8,12,45,25,76,81,24,5,63.4,23,280,276,162,110,303,181,122
0278790,Tuluksak,2018,2022,456,12,3,16,11,5,208,14,166,11,0,7,3,0,33.9,40,416,409,10,10,456,412,44
0279120,Tuntutuliak,2018,2022,820,98,75,63,85,47,253,56,58,27,18,21,19,0,28.2,284,536,495,53,40,820,326,494
0279230,Tununak,2018,2022,450,71,66,20,38,46,82,27,39,31,16,11,3,0,23.7,178,272,247,23,14,450,264,186
0279780,Twin Hills,2018,2022,53,6,5,6,0,2,8,4,4,8,1,9,0,0,34.8,17,36,35,10,9,53,31,22
0279830,Two Rivers,2018,2022,424,0,0,17,9,0,84,25,103,19,32,135,0,0,54.3,26,398,398,167,135,424,280,144
0279890,Tyonek,2018,2022,270,5,13,21,19,43,36,30,46,21,28,6,0,2,34.5,48,222,210,29,8,270,163,107
0280100,Ugashik,2018,2022,0,0,0,0,0,0,0,0,0,0,0,0,0,0,,0,0,0,0,0,0,0,0
0280660,Unalakleet,2018,2022,743,81,37,52,28,45,87,119,92,93,37,45,20,7,41.1,185,558,538,76,72,743,343,400
0280770,Unalaska,2018,2022,4342,193,245,160,284,264,734,735,957,350,174,212,32,2,38.7,741,3601,3435,318,246,4342,2840,1502
0281320,Upper Kalskag,2018,2022,253,40,43,25,24,15,30,24,17,12,17,4,2,0,18.9,118,135,116,16,6,253,137,116
0281920,Utqiagvik,2018,2022,4876,315,409,525,386,368,704,532,473,393,260,400,95,16,30.7,1538,3338,3152,605,511,4876,2504,2372
0282200,Valdez,2018,2022,3935,243,213,313,225,212,557,664,490,151,423,331,99,14,38.8,882,3053,2916,688,444,3935,2098,1837
0282420,Venetie,2018,2022,109,9,4,9,5,25,8,10,3,3,5,28,0,0,25.6,27,82,75,33,28,109,58,51
0282750,Wainwright,2018,2022,621,30,52,51,67,13,59,65,192,20,23,31,15,3,40.8,173,448,421,54,49,621,373,248
0283080,Wasilla,2018,2022,9267,596,660,640,487,495,1616,1239,971,447,587,911,373,245,35.9,2296,6971,6843,1951,1529,9267,4701,4566
0284120,Whitestone,2018,2022,38,0,0,0,0,0,19,0,7,0,0,12,0,0,40.5,0,38,38,12,12,38,26,12
0284200,Whitestone Logging Camp,2018,2022,0,0,0,0,0,0,0,0,0,0,0,0,0,0,,0,0,0,0,0,0,0,0
0284510,Whittier,2018,2022,377,34,16,26,19,33,56,42,34,34,29,38,11,5,36.5,91,286,280,74,54,377,176,201
0285280,Willow,2018,2022,1952,154,147,99,114,43,172,205,249,130,198,274,127,40,46.2,477,1475,1438,553,441,1952,1046,906
0285290,Willow Creek,2018,2022,123,0,0,0,0,0,0,0,30,28,9,47,9,0,60.4,0,123,123,56,56,123,85,38
0285610,Wiseman,2018,2022,19,0,0,0,0,0,0,0,14,0,5,0,0,0,,0,19,19,0,0,19,5,14
0285680,Womens Bay,2018,2022,1063,55,74,44,132,6,193,165,51,17,151,151,24,0,35.5,246,817,758,284,175,1063,555,508
0286380,Wrangell,2018,2022,2134,137,126,125,114,73,249,163,255,146,170,299,222,55,48.9,472,1662,1617,674,576,2134,1136,998
0286490,Yakutat,2018,2022,564,43,23,19,34,48,69,63,59,29,38,93,37,9,41.3,105,459,445,159,139,564,352,212
