grid_id,net_generation_mwh,fuel_type,year,month
1,20.3,DFO,2021,1
1,20.2,DFO,2021,2
1,20.8,DFO,2021,3
1,21.9,DFO,2021,4
1,14.1,DFO,2021,5
1,25.6,DFO,2021,6
1,20.9,DFO,2021,7
1,23.5,DFO,2021,8
1,22.5,DFO,2021,9
1,24.0,DFO,2021,10
1,30.0,DFO,2021,11
1,43.0,DFO,2021,12
2,223.2,DFO,2021,1
2,147.7,DFO,2021,2
2,177.7,DFO,2021,3
2,173.5,DFO,2021,4
2,149.5,DFO,2021,5
2,136.4,DFO,2021,6
2,131.8,DFO,2021,7
2,149.8,DFO,2021,8
2,148.2,DFO,2021,9
2,175.0,DFO,2021,10
2,198.5,DFO,2021,11
2,192.4,DFO,2021,12
3,113.6,DFO,2021,1
3,111.1,DFO,2021,2
4,54.9,DFO,2021,1
4,2.3,WAT,2021,1
4,38.2,DFO,2021,2
4,18.6,WAT,2021,2
4,60.5,DFO,2021,3
4,21.0,WAT,2021,3
4,39.8,DFO,2021,4
4,3.9,WAT,2021,4
4,29.9,DFO,2021,5
4,22.9,WAT,2021,5
4,33.3,DFO,2021,6
4,17.1,WAT,2021,6
4,44.6,DFO,2021,7
4,10.5,WAT,2021,7
4,37.9,DFO,2021,8
4,16.3,WAT,2021,8
4,43.1,DFO,2021,9
4,14.7,WAT,2021,9
4,44.2,DFO,2021,10
4,18.2,WAT,2021,10
4,39.3,DFO,2021,11
4,7.2,WAT,2021,11
4,49.5,DFO,2021,12
4,15.5,WAT,2021,12
5,69.9,DFO,2021,1
5,71.1,DFO,2021,2
5,59.7,DFO,2021,3
5,61.9,DFO,2021,4
5,52.0,DFO,2021,5
5,42.0,DFO,2021,6
5,40.7,DFO,2021,7
5,43.2,DFO,2021,8
5,46.8,DFO,2021,9
5,48.2,DFO,2021,10
5,61.6,DFO,2021,11
5,64.9,DFO,2021,12
7,49.2,DFO,2021,1
7,53.4,DFO,2021,2
7,47.6,DFO,2021,3
7,43.8,DFO,2021,4
7,31.2,DFO,2021,5
7,33.5,DFO,2021,6
7,35.9,DFO,2021,7
7,37.5,DFO,2021,8
7,38.3,DFO,2021,9
7,38.7,DFO,2021,10
7,50.9,DFO,2021,11
7,57.5,DFO,2021,12
9,84.0,DFO,2021,1
9,0.1,SUN,2021,1
9,84.2,DFO,2021,2
9,1.0,SUN,2021,2
9,76.2,DFO,2021,3
9,0.1,SUN,2021,3
9,73.3,DFO,2021,4
9,5.9,SUN,2021,4
9,63.8,DFO,2021,5
9,3.4,SUN,2021,5
9,60.6,DFO,2021,6
9,66.2,DFO,2021,7
9,0.0,SUN,2021,7
9,52.2,DFO,2021,8
9,62.7,DFO,2021,9
9,74.5,DFO,2021,10
9,80.8,DFO,2021,11
9,87.7,DFO,2021,12
11,10.5,DFO,2021,1
11,9.1,DFO,2021,2
11,8.5,DFO,2021,3
11,8.3,DFO,2021,4
11,7.8,DFO,2021,5
11,7.3,DFO,2021,6
11,7.2,DFO,2021,7
11,7.6,DFO,2021,8
11,7.9,DFO,2021,9
11,5.7,DFO,2021,10
11,11.0,DFO,2021,11
11,13.9,DFO,2021,12
12,112.0,DFO,2021,1
12,120.0,DFO,2021,2
12,99.2,DFO,2021,3
12,94.4,DFO,2021,4
12,75.2,DFO,2021,5
12,70.4,DFO,2021,6
12,64.0,DFO,2021,7
12,70.4,DFO,2021,8
12,73.6,DFO,2021,9
12,88.0,DFO,2021,10
12,108.8,DFO,2021,11
12,120.0,DFO,2021,12
14,2912.5,WAT,2021,1
14,1402.8,DFO,2021,1
14,-7.5,MWH,2021,1
14,2023.3,DFO,2021,2
14,1934.0,WAT,2021,2
14,-6.5,MWH,2021,2
14,2391.0,DFO,2021,3
14,1675.1,WAT,2021,3
14,-7.3,MWH,2021,3
14,1955.5,DFO,2021,4
14,1909.1,WAT,2021,4
14,-6.9,MWH,2021,4
14,3467.1,WAT,2021,5
14,574.0,DFO,2021,5
14,-7.1,MWH,2021,5
14,4160.4,WAT,2021,6
14,528.4,DFO,2021,6
14,-7.1,MWH,2021,6
14,5315.9,WAT,2021,7
14,851.9,DFO,2021,7
14,-7.3,MWH,2021,7
14,5149.9,WAT,2021,8
14,1035.0,DFO,2021,8
14,-7.2,MWH,2021,8
14,3309.4,WAT,2021,9
14,930.4,DFO,2021,9
14,-6.9,MWH,2021,9
14,3202.9,WAT,2021,10
14,982.0,DFO,2021,10
14,-6.9,MWH,2021,10
14,2482.5,WAT,2021,11
14,1424.3,DFO,2021,11
14,-6.9,MWH,2021,11
14,2358.6,DFO,2021,12
14,2239.8,WAT,2021,12
14,-7.5,MWH,2021,12
15,985.1,DFO,2021,1
15,984.0,DFO,2021,2
15,879.6,DFO,2021,3
15,886.2,DFO,2021,4
15,770.5,DFO,2021,5
15,754.5,DFO,2021,6
15,732.8,DFO,2021,7
15,754.4,DFO,2021,8
15,800.6,DFO,2021,9
15,843.9,DFO,2021,10
15,945.3,DFO,2021,11
15,1047.1,DFO,2021,12
23,3103.4,WAT,2021,1
23,126.4,DFO,2021,1
23,2582.2,WAT,2021,2
23,140.0,DFO,2021,2
23,2476.5,WAT,2021,3
23,151.4,DFO,2021,3
23,2184.5,WAT,2021,4
23,145.5,DFO,2021,4
23,2706.3,WAT,2021,5
23,75.4,DFO,2021,5
23,2913.9,WAT,2021,6
23,101.2,DFO,2021,6
23,2594.5,WAT,2021,7
23,98.9,DFO,2021,7
23,2448.1,WAT,2021,8
23,142.6,DFO,2021,8
23,2008.0,WAT,2021,9
23,184.7,DFO,2021,9
23,2060.5,WAT,2021,10
23,183.5,DFO,2021,10
23,2415.0,WAT,2021,11
23,143.3,DFO,2021,11
23,3103.1,WAT,2021,12
23,159.3,DFO,2021,12
26,134.8,DFO,2021,1
26,135.2,DFO,2021,2
26,122.3,DFO,2021,3
26,120.6,DFO,2021,4
26,103.2,DFO,2021,5
26,98.5,DFO,2021,6
26,93.5,DFO,2021,7
26,100.3,DFO,2021,8
26,107.1,DFO,2021,9
26,108.1,DFO,2021,10
26,140.9,DFO,2021,11
26,159.5,DFO,2021,12
32,2250.2,WAT,2021,1
32,145.9,DFO,2021,1
32,1867.2,WAT,2021,2
32,419.4,DFO,2021,2
32,1750.2,WAT,2021,3
32,236.2,DFO,2021,3
32,1541.5,WAT,2021,4
32,566.9,DFO,2021,4
32,2113.7,WAT,2021,5
32,557.6,DFO,2021,5
32,2559.9,WAT,2021,6
32,85.1,DFO,2021,6
32,2394.6,WAT,2021,7
32,87.6,DFO,2021,7
32,2074.9,WAT,2021,8
32,120.6,DFO,2021,8
32,1592.5,WAT,2021,9
32,160.2,DFO,2021,9
32,1715.3,WAT,2021,10
32,157.1,DFO,2021,10
32,1921.4,WAT,2021,11
32,122.9,DFO,2021,11
32,2261.0,WAT,2021,12
32,213.6,DFO,2021,12
34,3810.1,DFO,2021,1
34,115.6,WND,2021,1
34,3955.0,DFO,2021,2
34,151.2,WND,2021,2
34,3921.1,DFO,2021,3
34,162.8,WND,2021,3
34,3478.2,DFO,2021,4
34,155.8,WND,2021,4
34,2998.8,DFO,2021,5
34,58.5,WND,2021,5
34,3350.6,DFO,2021,6
34,69.1,WND,2021,6
34,3048.8,DFO,2021,7
34,61.6,WND,2021,7
34,3312.7,DFO,2021,8
34,95.0,WND,2021,8
34,3175.7,DFO,2021,9
34,91.1,WND,2021,9
34,3302.6,DFO,2021,10
34,100.4,WND,2021,10
34,3302.6,DFO,2021,11
34,100.4,WND,2021,11
34,3945.4,DFO,2021,12
34,179.2,WND,2021,12
35,125.3,DFO,2021,1
35,146.6,DFO,2021,2
35,129.0,DFO,2021,3
35,110.7,DFO,2021,4
35,83.3,DFO,2021,5
35,83.7,DFO,2021,6
35,78.9,DFO,2021,7
35,100.0,DFO,2021,8
35,99.5,DFO,2021,9
35,97.0,DFO,2021,10
35,135.7,DFO,2021,11
35,141.2,DFO,2021,12
36,35.2,DFO,2021,1
36,38.3,DFO,2021,2
36,38.5,DFO,2021,3
36,33.7,DFO,2021,4
36,27.2,DFO,2021,5
36,29.4,DFO,2021,6
36,27.1,DFO,2021,7
36,29.6,DFO,2021,8
36,31.2,DFO,2021,9
36,33.3,DFO,2021,10
36,39.9,DFO,2021,11
36,36.8,DFO,2021,12
39,121.5,DFO,2021,1
39,133.0,DFO,2021,2
39,130.2,DFO,2021,3
39,115.6,DFO,2021,4
39,97.1,DFO,2021,5
39,94.6,DFO,2021,6
39,83.7,DFO,2021,7
39,98.3,DFO,2021,8
39,94.8,DFO,2021,9
39,97.0,DFO,2021,10
39,124.7,DFO,2021,11
39,130.7,DFO,2021,12
40,149.0,DFO,2021,1
40,85.5,WND,2021,1
40,156.6,DFO,2021,2
40,94.7,WND,2021,2
40,193.1,DFO,2021,3
40,54.7,WND,2021,3
40,166.8,DFO,2021,4
40,63.5,WND,2021,4
40,148.8,DFO,2021,5
40,38.9,WND,2021,5
40,141.1,DFO,2021,6
40,60.2,WND,2021,6
40,114.4,DFO,2021,7
40,57.7,WND,2021,7
40,133.9,DFO,2021,8
40,74.2,WND,2021,8
40,141.6,DFO,2021,9
40,58.9,WND,2021,9
40,142.5,DFO,2021,10
40,80.5,WND,2021,10
40,142.5,DFO,2021,11
40,80.5,WND,2021,11
40,164.3,DFO,2021,12
40,93.3,WND,2021,12
41,111.6,DFO,2021,1
41,117.9,DFO,2021,2
41,119.0,DFO,2021,3
41,100.0,DFO,2021,4
41,79.6,DFO,2021,5
41,81.7,DFO,2021,6
41,76.1,DFO,2021,7
41,88.1,DFO,2021,8
41,86.9,DFO,2021,9
41,96.0,DFO,2021,10
41,134.6,DFO,2021,11
41,129.6,DFO,2021,12
43,114.0,DFO,2021,1
43,125.6,DFO,2021,2
43,122.3,DFO,2021,3
43,111.8,DFO,2021,4
43,92.8,DFO,2021,5
43,97.2,DFO,2021,6
43,90.5,DFO,2021,7
43,118.9,DFO,2021,8
43,110.8,DFO,2021,9
43,114.0,DFO,2021,10
43,137.5,DFO,2021,11
43,136.0,DFO,2021,12
45,473.8,DFO,2021,1
45,46.9,WND,2021,1
45,481.2,DFO,2021,2
45,64.5,WND,2021,2
45,490.9,DFO,2021,3
45,69.9,WND,2021,3
45,450.8,DFO,2021,4
45,50.6,WND,2021,4
45,370.3,DFO,2021,5
45,33.1,WND,2021,5
45,426.9,DFO,2021,6
45,27.4,WND,2021,6
45,400.7,DFO,2021,7
45,37.0,WND,2021,7
45,430.3,DFO,2021,8
45,50.5,WND,2021,8
45,419.7,DFO,2021,9
45,29.9,WND,2021,9
45,447.7,DFO,2021,10
45,44.3,WND,2021,10
45,447.7,DFO,2021,11
45,44.3,WND,2021,11
45,515.7,DFO,2021,12
45,64.9,WND,2021,12
46,207.8,DFO,2021,1
46,228.9,DFO,2021,2
46,210.8,DFO,2021,3
46,186.2,DFO,2021,4
46,165.3,DFO,2021,5
46,150.3,DFO,2021,6
46,6.2,WND,2021,6
46,134.8,DFO,2021,7
46,170.7,DFO,2021,8
46,160.4,DFO,2021,9
46,169.9,DFO,2021,10
46,206.1,DFO,2021,11
46,221.7,DFO,2021,12
46,30.5,WND,2021,12
47,71.6,DFO,2021,1
47,75.1,DFO,2021,2
47,80.4,DFO,2021,3
47,68.6,DFO,2021,4
47,52.3,DFO,2021,5
47,49.8,DFO,2021,6
47,46.3,DFO,2021,7
47,55.9,DFO,2021,8
47,54.5,DFO,2021,9
47,58.7,DFO,2021,10
47,84.4,DFO,2021,11
47,82.3,DFO,2021,12
48,55.4,DFO,2021,1
48,59.4,DFO,2021,2
48,56.8,DFO,2021,3
48,50.5,DFO,2021,4
48,42.6,DFO,2021,5
48,45.1,DFO,2021,6
48,41.8,DFO,2021,7
48,48.8,DFO,2021,8
48,45.9,DFO,2021,9
48,46.8,DFO,2021,10
48,61.2,DFO,2021,11
48,57.3,DFO,2021,12
49,55.1,DFO,2021,1
49,58.9,DFO,2021,2
49,57.2,DFO,2021,3
49,48.2,DFO,2021,4
49,37.0,DFO,2021,5
49,42.9,DFO,2021,6
49,38.2,DFO,2021,7
49,43.1,DFO,2021,8
49,41.6,DFO,2021,9
49,43.8,DFO,2021,10
49,57.2,DFO,2021,11
49,53.2,DFO,2021,12
50,280.3,DFO,2021,1
50,55.4,WND,2021,1
50,319.4,DFO,2021,2
50,40.9,WND,2021,2
50,330.1,DFO,2021,3
50,37.7,WND,2021,3
50,289.4,DFO,2021,4
50,41.6,WND,2021,4
50,246.5,DFO,2021,5
50,20.9,WND,2021,5
50,253.2,DFO,2021,6
50,24.9,WND,2021,6
50,230.5,DFO,2021,7
50,16.0,WND,2021,7
50,253.9,DFO,2021,8
50,19.3,WND,2021,8
50,270.3,DFO,2021,9
50,2.2,WND,2021,9
50,258.1,DFO,2021,10
50,27.2,WND,2021,10
50,258.1,DFO,2021,11
50,27.2,WND,2021,11
50,322.7,DFO,2021,12
50,33.8,WND,2021,12
51,96.0,DFO,2021,1
51,104.2,DFO,2021,2
51,101.2,DFO,2021,3
51,95.1,DFO,2021,4
51,81.8,DFO,2021,5
51,86.7,DFO,2021,6
51,74.3,DFO,2021,7
51,79.9,DFO,2021,8
51,80.3,DFO,2021,9
51,88.2,DFO,2021,10
51,109.6,DFO,2021,11
51,108.9,DFO,2021,12
52,143.3,DFO,2021,1
52,154.2,DFO,2021,2
52,155.0,DFO,2021,3
52,134.9,DFO,2021,4
52,103.4,DFO,2021,5
52,104.3,DFO,2021,6
52,95.9,DFO,2021,7
52,106.4,DFO,2021,8
52,111.1,DFO,2021,9
52,116.0,DFO,2021,10
52,166.9,DFO,2021,11
52,153.8,DFO,2021,12
54,59.0,DFO,2021,1
54,0.0,SUN,2021,1
54,63.6,DFO,2021,2
54,0.3,SUN,2021,2
54,59.1,DFO,2021,3
54,0.9,SUN,2021,3
54,52.8,DFO,2021,4
54,1.4,SUN,2021,4
54,47.8,DFO,2021,5
54,1.2,SUN,2021,5
54,49.4,DFO,2021,6
54,0.8,SUN,2021,6
54,45.3,DFO,2021,7
54,0.6,SUN,2021,7
54,50.4,DFO,2021,8
54,0.5,SUN,2021,8
54,54.7,DFO,2021,9
54,0.5,SUN,2021,9
54,58.3,DFO,2021,10
54,0.2,SUN,2021,10
54,58.3,DFO,2021,11
54,0.2,SUN,2021,11
54,72.0,DFO,2021,12
54,0.0,SUN,2021,12
55,250.0,DFO,2021,1
55,14.9,WND,2021,1
55,253.0,DFO,2021,2
55,25.1,WND,2021,2
55,254.5,DFO,2021,3
55,21.1,WND,2021,3
55,208.0,DFO,2021,4
55,28.7,WND,2021,4
55,183.3,DFO,2021,5
55,19.0,WND,2021,5
55,183.5,DFO,2021,6
55,18.9,WND,2021,6
55,169.1,DFO,2021,7
55,15.8,WND,2021,7
55,203.6,DFO,2021,8
55,14.2,WND,2021,8
55,187.9,DFO,2021,9
55,21.7,WND,2021,9
55,178.5,DFO,2021,10
55,47.7,WND,2021,10
55,178.5,DFO,2021,11
55,47.7,WND,2021,11
55,217.2,DFO,2021,12
55,47.5,WND,2021,12
57,155.6,DFO,2021,1
57,184.7,DFO,2021,2
57,171.6,DFO,2021,3
57,143.5,DFO,2021,4
57,109.7,DFO,2021,5
57,116.0,DFO,2021,6
57,98.0,DFO,2021,7
57,114.9,DFO,2021,8
57,119.8,DFO,2021,9
57,128.2,DFO,2021,10
57,193.8,DFO,2021,11
57,179.3,DFO,2021,12
58,148.3,DFO,2021,1
58,213.7,DFO,2021,2
58,197.2,DFO,2021,3
58,187.9,DFO,2021,4
58,130.2,DFO,2021,5
58,117.9,DFO,2021,6
58,84.4,DFO,2021,7
58,107.3,DFO,2021,8
58,123.4,DFO,2021,9
58,164.8,DFO,2021,10
58,207.5,DFO,2021,11
58,191.1,DFO,2021,12
59,180.3,DFO,2021,1
59,219.8,DFO,2021,2
59,224.3,DFO,2021,3
59,185.2,DFO,2021,4
59,151.5,DFO,2021,5
59,162.1,DFO,2021,6
59,139.8,DFO,2021,7
59,157.9,DFO,2021,8
59,156.9,DFO,2021,9
59,169.4,DFO,2021,10
59,225.3,DFO,2021,11
59,206.1,DFO,2021,12
60,117.1,DFO,2021,1
60,130.9,DFO,2021,2
60,122.8,DFO,2021,3
60,107.9,DFO,2021,4
60,82.5,DFO,2021,5
60,86.9,DFO,2021,6
60,81.2,DFO,2021,7
60,95.1,DFO,2021,8
60,94.7,DFO,2021,9
60,103.8,DFO,2021,10
60,136.7,DFO,2021,11
60,127.1,DFO,2021,12
61,141.5,DFO,2021,1
61,148.9,DFO,2021,2
61,148.4,DFO,2021,3
61,133.8,DFO,2021,4
61,106.7,DFO,2021,5
61,121.7,DFO,2021,6
61,108.4,DFO,2021,7
61,112.2,DFO,2021,8
61,110.4,DFO,2021,9
61,119.7,DFO,2021,10
61,161.0,DFO,2021,11
61,152.1,DFO,2021,12
62,93.6,DFO,2021,1
62,98.3,DFO,2021,2
62,88.4,DFO,2021,3
62,0.5,WND,2021,3
62,75.6,DFO,2021,4
62,2.3,WND,2021,4
62,63.7,DFO,2021,5
62,0.6,WND,2021,5
62,60.9,DFO,2021,6
62,0.5,WND,2021,6
62,54.8,DFO,2021,7
62,0.3,WND,2021,7
62,67.7,DFO,2021,8
62,0.1,WND,2021,8
62,65.6,DFO,2021,9
62,0.0,WND,2021,9
62,70.0,DFO,2021,10
62,89.9,DFO,2021,11
62,91.7,DFO,2021,12
63,63.1,DFO,2021,1
63,75.0,DFO,2021,2
63,67.0,DFO,2021,3
63,66.2,DFO,2021,4
63,53.7,DFO,2021,5
63,56.4,DFO,2021,6
63,51.4,DFO,2021,7
63,54.6,DFO,2021,8
63,55.8,DFO,2021,9
63,62.1,DFO,2021,10
63,80.5,DFO,2021,11
63,82.4,DFO,2021,12
65,171.0,DFO,2021,1
65,165.2,DFO,2021,2
65,191.6,DFO,2021,3
65,165.3,DFO,2021,4
65,137.4,DFO,2021,5
65,140.9,DFO,2021,6
65,127.0,DFO,2021,7
65,148.9,DFO,2021,8
65,143.5,DFO,2021,9
65,154.3,DFO,2021,10
65,192.5,DFO,2021,11
65,184.2,DFO,2021,12
66,169.0,DFO,2021,1
66,185.2,DFO,2021,2
66,174.4,DFO,2021,3
66,158.3,DFO,2021,4
66,134.0,DFO,2021,5
66,128.5,DFO,2021,6
66,118.2,DFO,2021,7
66,145.1,DFO,2021,8
66,141.4,DFO,2021,9
66,152.1,DFO,2021,10
66,155.1,DFO,2021,11
66,191.5,DFO,2021,12
67,184.7,DFO,2021,1
67,0.0,SUN,2021,1
67,211.3,DFO,2021,2
67,0.8,SUN,2021,2
67,202.5,DFO,2021,3
67,1.3,SUN,2021,3
67,172.4,DFO,2021,4
67,2.5,SUN,2021,4
67,130.3,DFO,2021,5
67,2.2,SUN,2021,5
67,125.9,DFO,2021,6
67,1.8,SUN,2021,6
67,114.3,DFO,2021,7
67,0.8,SUN,2021,7
67,145.4,DFO,2021,8
67,1.1,SUN,2021,8
67,144.5,DFO,2021,9
67,1.0,SUN,2021,9
67,158.4,DFO,2021,10
67,0.5,SUN,2021,10
67,158.4,DFO,2021,11
67,0.5,SUN,2021,11
67,215.1,DFO,2021,12
68,96.0,DFO,2021,1
68,105.2,DFO,2021,2
68,98.7,DFO,2021,3
68,87.5,DFO,2021,4
68,73.2,DFO,2021,5
68,82.1,DFO,2021,6
68,67.8,DFO,2021,7
68,79.5,DFO,2021,8
68,83.1,DFO,2021,9
68,87.2,DFO,2021,10
68,110.5,DFO,2021,11
68,100.2,DFO,2021,12
69,64.3,DFO,2021,1
69,68.8,DFO,2021,2
69,70.3,DFO,2021,3
69,65.0,DFO,2021,4
69,61.3,DFO,2021,5
69,63.3,DFO,2021,6
69,60.6,DFO,2021,7
69,71.0,DFO,2021,8
69,67.0,DFO,2021,9
69,61.9,DFO,2021,10
69,72.3,DFO,2021,11
69,83.1,DFO,2021,12
70,163.6,DFO,2021,1
70,172.4,DFO,2021,2
70,177.0,DFO,2021,3
70,153.8,DFO,2021,4
70,116.8,DFO,2021,5
70,124.3,DFO,2021,6
70,110.2,DFO,2021,7
70,126.7,DFO,2021,8
70,136.8,DFO,2021,9
70,156.1,DFO,2021,10
70,227.5,DFO,2021,11
70,211.4,DFO,2021,12
71,200.9,DFO,2021,1
71,27.2,WND,2021,1
71,188.6,DFO,2021,2
71,41.5,WND,2021,2
71,206.0,DFO,2021,3
71,38.7,WND,2021,3
71,181.9,DFO,2021,4
71,18.1,WND,2021,4
71,138.9,DFO,2021,5
71,12.3,WND,2021,5
71,128.4,DFO,2021,6
71,26.9,WND,2021,6
71,92.6,DFO,2021,7
71,61.7,WND,2021,7
71,120.4,DFO,2021,8
71,59.3,WND,2021,8
71,119.2,DFO,2021,9
71,51.9,WND,2021,9
71,112.6,DFO,2021,10
71,74.9,WND,2021,10
71,112.6,DFO,2021,11
71,74.9,WND,2021,11
71,177.3,DFO,2021,12
71,73.9,WND,2021,12
72,80.0,DFO,2021,1
72,84.5,DFO,2021,2
72,86.9,DFO,2021,3
72,81.3,DFO,2021,4
72,68.3,DFO,2021,5
72,74.3,DFO,2021,6
72,65.5,DFO,2021,7
72,75.6,DFO,2021,8
72,76.4,DFO,2021,9
72,76.8,DFO,2021,10
72,91.2,DFO,2021,11
72,90.4,DFO,2021,12
75,324.9,DFO,2021,1
75,215.6,WND,2021,1
75,310.3,DFO,2021,2
75,284.0,WND,2021,2
75,391.1,DFO,2021,3
75,117.5,WND,2021,3
75,408.5,DFO,2021,4
75,97.5,WND,2021,4
75,289.9,DFO,2021,5
75,119.8,WND,2021,5
75,314.0,DFO,2021,6
75,110.8,WND,2021,6
75,269.9,DFO,2021,7
75,102.9,WND,2021,7
75,269.9,DFO,2021,8
75,174.6,WND,2021,8
75,288.1,DFO,2021,9
75,139.2,WND,2021,9
75,239.5,DFO,2021,10
75,218.7,WND,2021,10
75,239.5,DFO,2021,11
75,218.7,WND,2021,11
75,304.2,DFO,2021,12
75,261.2,WND,2021,12
76,215.5,DFO,2021,1
76,10.8,WND,2021,1
76,246.3,DFO,2021,2
76,0.1,WND,2021,2
76,235.0,DFO,2021,3
76,202.9,DFO,2021,4
76,182.3,DFO,2021,5
76,18.7,WND,2021,5
76,184.5,DFO,2021,6
76,7.4,WND,2021,6
76,170.5,DFO,2021,7
76,178.1,DFO,2021,8
76,13.5,WND,2021,8
76,186.5,DFO,2021,9
76,4.4,WND,2021,9
76,200.3,DFO,2021,10
76,236.6,DFO,2021,11
76,234.1,DFO,2021,12
77,150.1,DFO,2021,1
77,158.7,DFO,2021,2
77,163.2,DFO,2021,3
77,150.6,DFO,2021,4
77,120.9,DFO,2021,5
77,117.8,DFO,2021,6
77,123.4,DFO,2021,7
77,129.3,DFO,2021,8
77,130.1,DFO,2021,9
77,138.8,DFO,2021,10
77,167.2,DFO,2021,11
77,160.6,DFO,2021,12
78,285.7,DFO,2021,1
78,287.7,DFO,2021,2
78,287.6,DFO,2021,3
78,252.5,DFO,2021,4
78,176.8,DFO,2021,5
78,165.7,DFO,2021,6
78,150.0,DFO,2021,7
78,196.5,DFO,2021,8
78,196.7,DFO,2021,9
78,225.4,DFO,2021,10
78,312.7,DFO,2021,11
78,322.7,DFO,2021,12
79,37.8,DFO,2021,1
79,38.6,DFO,2021,2
79,39.1,DFO,2021,3
79,35.0,DFO,2021,4
79,29.1,DFO,2021,5
79,34.2,DFO,2021,6
79,29.8,DFO,2021,7
79,33.7,DFO,2021,8
79,33.6,DFO,2021,9
79,35.8,DFO,2021,10
79,44.3,DFO,2021,11
79,42.9,DFO,2021,12
80,72.1,DFO,2021,1
80,31.0,WND,2021,1
80,65.9,DFO,2021,2
80,42.8,WND,2021,2
80,69.3,DFO,2021,3
80,36.1,WND,2021,3
80,66.6,DFO,2021,4
80,28.3,WND,2021,4
80,54.7,DFO,2021,5
80,29.3,WND,2021,5
80,67.9,DFO,2021,6
80,19.8,WND,2021,6
80,61.2,DFO,2021,7
80,23.0,WND,2021,7
80,63.0,DFO,2021,8
80,25.9,WND,2021,8
80,64.5,DFO,2021,9
80,16.9,WND,2021,9
80,73.4,DFO,2021,10
80,11.8,WND,2021,10
80,73.4,DFO,2021,11
80,11.8,WND,2021,11
80,84.6,DFO,2021,12
80,16.0,WND,2021,12
81,156.2,DFO,2021,1
81,176.7,DFO,2021,2
81,167.0,DFO,2021,3
81,149.7,DFO,2021,4
81,129.2,DFO,2021,5
81,139.6,DFO,2021,6
81,130.5,DFO,2021,7
81,148.3,DFO,2021,8
81,147.8,DFO,2021,9
81,150.6,DFO,2021,10
81,179.3,DFO,2021,11
81,176.4,DFO,2021,12
84,331.9,DFO,2021,1
84,358.7,DFO,2021,2
84,334.6,DFO,2021,3
84,290.8,DFO,2021,4
84,240.1,DFO,2021,5
84,249.9,DFO,2021,6
84,226.1,DFO,2021,7
84,264.0,DFO,2021,8
84,260.1,DFO,2021,9
84,273.9,DFO,2021,10
84,366.2,DFO,2021,11
84,367.5,DFO,2021,12
85,76.4,DFO,2021,1
85,87.3,DFO,2021,2
85,88.6,DFO,2021,3
85,79.0,DFO,2021,4
85,62.1,DFO,2021,5
85,61.6,DFO,2021,6
85,57.7,DFO,2021,7
85,64.6,DFO,2021,8
85,64.7,DFO,2021,9
85,69.3,DFO,2021,10
85,81.4,DFO,2021,11
85,80.2,DFO,2021,12
86,244.6,DFO,2021,1
86,258.0,DFO,2021,2
86,293.4,DFO,2021,3
86,272.0,DFO,2021,4
86,240.4,DFO,2021,5
86,282.1,DFO,2021,6
86,305.2,DFO,2021,7
86,303.3,DFO,2021,8
86,230.0,DFO,2021,9
86,235.9,DFO,2021,10
86,312.6,DFO,2021,11
86,293.7,DFO,2021,12
88,311.3,DFO,2021,1
88,31.8,WND,2021,1
88,275.4,DFO,2021,2
88,71.4,WND,2021,2
88,312.0,DFO,2021,3
88,23.2,WND,2021,3
88,327.1,DFO,2021,4
88,14.9,WND,2021,4
88,266.0,DFO,2021,5
88,9.1,WND,2021,5
88,263.8,DFO,2021,6
88,16.8,WND,2021,6
88,220.6,DFO,2021,7
88,33.9,WND,2021,7
88,242.5,DFO,2021,8
88,53.7,WND,2021,8
88,248.8,DFO,2021,9
88,42.5,WND,2021,9
88,231.5,DFO,2021,10
88,61.1,WND,2021,10
88,231.5,DFO,2021,11
88,61.1,WND,2021,11
88,339.8,DFO,2021,12
88,26.3,WND,2021,12
90,60.4,DFO,2021,1
90,66.2,DFO,2021,2
90,64.9,DFO,2021,3
90,58.3,DFO,2021,4
90,48.5,DFO,2021,5
90,49.1,DFO,2021,6
90,47.0,DFO,2021,7
90,49.6,DFO,2021,8
90,47.6,DFO,2021,9
90,50.2,DFO,2021,10
90,59.4,DFO,2021,11
90,59.7,DFO,2021,12
91,481.4,DFO,2021,1
91,512.2,DFO,2021,2
91,545.9,DFO,2021,3
91,568.5,DFO,2021,4
91,504.7,DFO,2021,5
91,579.6,DFO,2021,6
91,535.8,DFO,2021,7
91,577.0,DFO,2021,8
91,593.8,DFO,2021,9
91,512.6,DFO,2021,10
91,547.9,DFO,2021,11
91,547.2,DFO,2021,12
92,17.7,DFO,2021,1
92,16.1,DFO,2021,2
92,20.9,DFO,2021,3
92,18.0,DFO,2021,4
92,15.8,DFO,2021,5
92,16.2,DFO,2021,6
92,13.4,DFO,2021,7
92,17.5,DFO,2021,8
92,13.8,DFO,2021,9
92,16.4,DFO,2021,10
92,19.5,DFO,2021,11
92,21.5,DFO,2021,12
93,244.5,DFO,2021,1
93,221.9,DFO,2021,2
93,246.2,DFO,2021,3
93,242.6,DFO,2021,4
93,188.7,DFO,2021,5
93,176.4,DFO,2021,6
93,179.6,DFO,2021,7
93,181.1,DFO,2021,8
93,196.3,DFO,2021,9
93,230.7,DFO,2021,10
93,309.8,DFO,2021,11
93,253.1,DFO,2021,12
94,66.9,DFO,2021,1
94,46.8,DFO,2021,2
94,77.5,DFO,2021,3
94,47.6,DFO,2021,4
94,25.5,DFO,2021,5
94,48.0,DFO,2021,6
94,28.3,DFO,2021,7
94,126.0,DFO,2021,10
95,19.3,WAT,2021,1
95,12.8,DFO,2021,1
95,28.7,WAT,2021,2
95,11.9,DFO,2021,2
95,22.3,WAT,2021,3
95,19.5,WAT,2021,5
95,26.1,WAT,2021,6
95,4.5,DFO,2021,6
95,28.1,WAT,2021,7
95,3.7,DFO,2021,7
95,25.3,WAT,2021,8
95,3.1,DFO,2021,8
95,32.5,WAT,2021,9
95,3.1,DFO,2021,9
95,34.5,WAT,2021,10
95,3.6,DFO,2021,10
95,40.5,WAT,2021,11
95,4.3,DFO,2021,11
95,33.2,WAT,2021,12
95,10.2,DFO,2021,12
96,106.5,DFO,2021,1
96,99.8,DFO,2021,2
96,100.1,DFO,2021,3
96,93.5,DFO,2021,4
96,81.9,DFO,2021,5
96,73.9,DFO,2021,6
96,77.8,DFO,2021,7
96,79.7,DFO,2021,8
96,85.3,DFO,2021,9
96,99.0,DFO,2021,10
96,111.7,DFO,2021,11
96,103.4,DFO,2021,12
97,35.4,DFO,2021,1
97,31.3,DFO,2021,3
97,24.5,DFO,2021,7
98,7.6,DFO,2021,1
98,6.9,DFO,2021,2
98,7.3,DFO,2021,3
98,6.4,DFO,2021,4
98,9.1,DFO,2021,5
98,4.7,DFO,2021,6
98,6.2,DFO,2021,7
98,6.3,DFO,2021,8
98,6.1,DFO,2021,9
98,7.3,DFO,2021,10
98,6.5,DFO,2021,11
98,7.6,DFO,2021,12
99,153.5,DFO,2021,1
99,28.9,WND,2021,1
99,156.8,DFO,2021,2
99,36.3,WND,2021,2
99,142.9,DFO,2021,3
99,29.5,WND,2021,3
99,142.9,DFO,2021,4
99,29.5,WND,2021,4
99,136.8,DFO,2021,5
99,12.3,WND,2021,5
99,115.8,DFO,2021,6
99,9.5,WND,2021,6
99,103.5,DFO,2021,7
99,7.3,WND,2021,7
99,120.4,DFO,2021,8
99,10.7,WND,2021,8
99,126.6,DFO,2021,9
99,16.7,WND,2021,9
99,137.3,DFO,2021,10
99,18.0,WND,2021,10
99,174.2,DFO,2021,11
99,16.6,WND,2021,11
99,185.0,DFO,2021,12
99,24.2,WND,2021,12
100,24.4,DFO,2021,1
100,26.3,DFO,2021,2
101,25.2,DFO,2021,1
101,19.8,DFO,2021,2
101,24.4,DFO,2021,3
101,19.7,DFO,2021,4
101,20.9,DFO,2021,5
101,21.5,DFO,2021,7
101,17.1,DFO,2021,8
101,18.7,DFO,2021,9
101,25.5,DFO,2021,10
101,26.2,DFO,2021,12
102,50.0,DFO,2021,1
102,40.6,DFO,2021,2
102,46.6,DFO,2021,3
102,39.9,DFO,2021,4
102,45.0,DFO,2021,5
102,45.5,DFO,2021,6
102,28.0,DFO,2021,7
102,8.7,WAT,2021,7
102,37.5,DFO,2021,8
102,1.6,WAT,2021,8
102,43.9,DFO,2021,9
102,3.0,WAT,2021,9
102,35.9,DFO,2021,10
102,5.0,WAT,2021,10
102,47.7,DFO,2021,11
102,53.0,DFO,2021,12
103,26.8,DFO,2021,1
103,28.7,DFO,2021,2
103,19.8,DFO,2021,3
103,25.1,DFO,2021,4
103,16.4,DFO,2021,5
103,16.1,DFO,2021,6
103,23.5,DFO,2021,7
103,16.8,DFO,2021,8
103,16.8,DFO,2021,9
104,44.4,DFO,2021,1
104,49.4,DFO,2021,2
104,45.1,DFO,2021,3
104,46.4,DFO,2021,4
104,57.4,DFO,2021,5
104,83.8,DFO,2021,6
104,85.2,DFO,2021,7
104,65.4,DFO,2021,8
104,43.3,DFO,2021,9
104,43.3,DFO,2021,10
104,53.2,DFO,2021,11
104,48.8,DFO,2021,12
105,40.5,DFO,2021,1
105,35.1,DFO,2021,2
105,35.1,DFO,2021,3
105,32.2,DFO,2021,4
105,33.4,DFO,2021,5
105,37.7,DFO,2021,6
105,37.8,DFO,2021,7
105,36.2,DFO,2021,8
105,30.7,DFO,2021,9
105,32.5,DFO,2021,10
105,38.6,DFO,2021,11
105,41.4,DFO,2021,12
106,41.8,DFO,2021,1
106,39.3,DFO,2021,2
106,41.5,DFO,2021,3
106,35.4,DFO,2021,4
106,30.1,DFO,2021,5
106,26.7,DFO,2021,6
106,26.6,DFO,2021,7
106,29.2,DFO,2021,8
106,31.4,DFO,2021,9
106,37.1,DFO,2021,10
106,40.0,DFO,2021,11
106,42.4,DFO,2021,12
107,34.8,DFO,2021,1
107,33.1,DFO,2021,2
107,35.3,DFO,2021,3
107,30.8,DFO,2021,4
107,30.4,DFO,2021,5
107,29.7,DFO,2021,6
107,32.6,DFO,2021,7
107,29.0,DFO,2021,8
107,34.3,DFO,2021,9
107,30.9,DFO,2021,10
107,41.5,DFO,2021,11
107,51.1,DFO,2021,12
110,32.9,DFO,2021,1
110,34.8,DFO,2021,2
110,41.5,DFO,2021,3
110,38.8,DFO,2021,4
110,24.0,DFO,2021,5
110,23.9,DFO,2021,6
110,31.6,DFO,2021,7
110,19.9,DFO,2021,8
110,27.9,DFO,2021,9
110,43.7,DFO,2021,10
110,41.7,DFO,2021,11
110,37.9,DFO,2021,12
111,38.1,DFO,2021,1
111,37.9,DFO,2021,2
111,33.3,DFO,2021,3
111,51.1,DFO,2021,4
111,82.4,DFO,2021,5
111,103.1,DFO,2021,6
111,102.4,DFO,2021,7
111,46.1,DFO,2021,8
111,31.7,DFO,2021,9
111,32.8,DFO,2021,10
111,43.0,DFO,2021,11
111,46.1,DFO,2021,12
112,10.4,DFO,2021,1
112,12.2,DFO,2021,2
112,14.4,DFO,2021,3
112,12.0,DFO,2021,4
112,43.2,DFO,2021,5
112,60.5,DFO,2021,6
112,69.2,DFO,2021,7
112,72.4,DFO,2021,8
112,44.0,DFO,2021,9
112,13.2,DFO,2021,10
112,12.7,DFO,2021,11
112,10.6,DFO,2021,12
113,59.3,DFO,2021,1
113,55.5,DFO,2021,2
113,59.6,DFO,2021,3
113,57.3,DFO,2021,4
113,50.5,DFO,2021,5
113,55.7,DFO,2021,6
113,55.7,DFO,2021,7
113,52.4,DFO,2021,8
113,51.4,DFO,2021,9
113,55.7,DFO,2021,10
113,53.8,DFO,2021,11
113,54.5,DFO,2021,12
114,228.8,DFO,2021,1
114,184.0,DFO,2021,2
114,233.3,DFO,2021,3
114,200.3,DFO,2021,4
114,190.7,DFO,2021,5
114,176.9,DFO,2021,6
114,177.6,DFO,2021,7
114,184.9,DFO,2021,8
114,183.1,DFO,2021,9
114,208.6,DFO,2021,10
114,227.3,DFO,2021,11
114,229.9,DFO,2021,12
115,541.2,DFO,2021,1
115,521.5,DFO,2021,2
115,541.2,DFO,2021,3
115,448.5,DFO,2021,4
115,359.3,DFO,2021,5
115,274.3,DFO,2021,6
115,309.4,DFO,2021,7
115,373.0,DFO,2021,8
115,404.4,DFO,2021,9
115,463.8,DFO,2021,10
115,531.9,DFO,2021,11
115,592.5,DFO,2021,12
116,40.1,DFO,2021,1
116,41.1,DFO,2021,2
116,42.6,DFO,2021,3
116,34.1,DFO,2021,4
116,41.2,DFO,2021,5
116,35.7,DFO,2021,6
116,38.5,DFO,2021,7
116,43.3,DFO,2021,8
116,38.5,DFO,2021,9
116,30.8,DFO,2021,10
116,34.4,DFO,2021,11
116,39.8,DFO,2021,12
117,91.0,DFO,2021,1
117,87.3,DFO,2021,2
117,92.3,DFO,2021,3
117,75.0,DFO,2021,4
117,67.9,DFO,2021,5
117,55.8,DFO,2021,6
117,65.4,DFO,2021,7
117,63.8,DFO,2021,8
117,72.1,DFO,2021,9
117,80.8,DFO,2021,10
117,91.5,DFO,2021,11
117,106.9,DFO,2021,12
118,213.4,WAT,2021,1
118,0.4,DFO,2021,1
118,130.6,DFO,2021,2
118,105.7,WAT,2021,2
118,105.4,WAT,2021,3
118,87.7,DFO,2021,3
118,126.4,DFO,2021,4
118,91.2,WAT,2021,4
118,190.3,WAT,2021,5
118,19.1,DFO,2021,5
118,185.0,WAT,2021,6
118,66.6,DFO,2021,6
118,220.5,WAT,2021,7
118,28.7,DFO,2021,7
118,245.4,WAT,2021,8
118,9.7,DFO,2021,8
118,225.6,WAT,2021,9
118,19.0,DFO,2021,9
118,212.3,WAT,2021,10
118,9.4,DFO,2021,10
118,210.5,WAT,2021,11
118,184.0,WAT,2021,12
118,36.1,DFO,2021,12
119,332.8,DFO,2021,1
119,264.9,DFO,2021,4
119,232.8,DFO,2021,5
119,212.7,DFO,2021,6
119,213.6,DFO,2021,7
119,230.4,DFO,2021,8
119,203.0,DFO,2021,9
119,243.3,DFO,2021,10
119,283.5,DFO,2021,11
119,329.0,DFO,2021,12
120,63.0,DFO,2021,1
120,55.8,DFO,2021,2
120,52.6,DFO,2021,3
120,44.6,DFO,2021,4
120,38.6,DFO,2021,5
120,33.8,DFO,2021,6
120,31.6,DFO,2021,7
120,33.1,DFO,2021,8
120,32.9,DFO,2021,9
120,38.9,DFO,2021,10
120,49.9,DFO,2021,11
120,62.6,DFO,2021,12
121,30.6,DFO,2021,1
121,28.0,DFO,2021,2
121,0.9,WAT,2021,2
121,27.7,DFO,2021,3
121,25.9,DFO,2021,4
121,23.0,DFO,2021,5
121,23.0,DFO,2021,6
121,24.2,DFO,2021,7
121,25.2,DFO,2021,8
121,25.6,DFO,2021,9
121,32.2,DFO,2021,10
121,39.7,DFO,2021,11
121,34.4,DFO,2021,12
123,368.5,WAT,2021,1
123,13.3,DFO,2021,1
123,360.1,WAT,2021,2
123,4.2,DFO,2021,2
123,322.3,WAT,2021,3
123,11.7,DFO,2021,3
123,305.0,WAT,2021,4
123,0.2,DFO,2021,4
123,291.1,WAT,2021,5
123,0.1,DFO,2021,5
123,257.5,WAT,2021,6
123,0.7,DFO,2021,6
123,279.0,WAT,2021,7
123,2.6,DFO,2021,7
123,299.8,WAT,2021,8
123,328.6,WAT,2021,9
123,1.4,DFO,2021,9
123,230.6,WAT,2021,10
123,74.6,DFO,2021,10
123,313.7,WAT,2021,11
123,31.9,DFO,2021,11
123,317.9,WAT,2021,12
123,19.0,DFO,2021,12
125,168.5,DFO,2021,1
125,169.0,DFO,2021,2
125,153.9,DFO,2021,3
125,159.7,DFO,2021,4
125,133.5,DFO,2021,5
125,148.5,DFO,2021,6
125,138.1,DFO,2021,7
125,150.5,DFO,2021,8
125,141.4,DFO,2021,9
125,144.1,DFO,2021,10
125,154.4,DFO,2021,11
125,160.8,DFO,2021,12
128,284.2,DFO,2021,1
128,146.0,WAT,2021,1
128,375.3,DFO,2021,2
128,66.8,WAT,2021,2
128,386.6,DFO,2021,3
128,33.2,WAT,2021,3
128,402.2,DFO,2021,4
128,32.2,WAT,2021,4
128,249.3,WAT,2021,5
128,117.3,DFO,2021,5
128,280.6,WAT,2021,6
128,111.5,DFO,2021,6
128,199.9,DFO,2021,7
128,163.5,WAT,2021,7
128,367.0,DFO,2021,8
128,65.3,WAT,2021,8
128,325.9,DFO,2021,9
128,100.4,WAT,2021,9
128,274.3,DFO,2021,10
128,153.5,WAT,2021,10
128,306.5,DFO,2021,11
128,121.8,WAT,2021,11
128,361.9,DFO,2021,12
128,75.6,WAT,2021,12
129,105.6,DFO,2021,1
129,104.5,WAT,2021,1
129,176.8,DFO,2021,2
129,36.8,WAT,2021,2
129,184.2,DFO,2021,3
129,8.6,WAT,2021,3
129,96.7,DFO,2021,4
129,96.6,WAT,2021,4
129,92.8,WAT,2021,5
129,76.4,DFO,2021,5
129,101.9,DFO,2021,6
129,91.9,WAT,2021,6
129,140.3,DFO,2021,7
129,21.8,WAT,2021,7
129,160.2,DFO,2021,8
129,28.2,WAT,2021,8
129,110.3,DFO,2021,9
129,77.2,WAT,2021,9
129,115.6,WAT,2021,10
129,58.5,DFO,2021,10
129,110.5,DFO,2021,11
129,93.6,WAT,2021,11
129,132.2,DFO,2021,12
129,87.0,WAT,2021,12
130,77.2,DFO,2021,1
130,0.1,SUN,2021,1
130,69.4,DFO,2021,2
130,1.6,SUN,2021,2
130,73.6,DFO,2021,3
130,3.5,SUN,2021,3
130,56.2,DFO,2021,4
130,5.8,SUN,2021,4
130,45.5,DFO,2021,5
130,11.1,SUN,2021,5
130,0.7,WND,2021,5
130,37.5,DFO,2021,6
130,6.5,SUN,2021,6
130,6.0,WND,2021,6
130,39.6,DFO,2021,7
130,6.3,WND,2021,7
130,4.5,SUN,2021,7
130,43.4,DFO,2021,8
130,3.9,SUN,2021,8
130,3.6,WND,2021,8
130,47.5,DFO,2021,9
130,7.0,WND,2021,9
130,3.7,SUN,2021,9
130,51.5,DFO,2021,10
130,12.6,WND,2021,10
130,1.7,SUN,2021,10
130,74.7,DFO,2021,11
130,3.2,WND,2021,11
130,0.5,SUN,2021,11
130,63.1,DFO,2021,12
130,21.3,WND,2021,12
130,0.0,SUN,2021,12
131,353.3,WAT,2021,1
131,64.7,DFO,2021,1
131,294.0,WAT,2021,2
131,71.7,DFO,2021,2
131,281.9,WAT,2021,3
131,77.5,DFO,2021,3
131,248.7,WAT,2021,4
131,74.5,DFO,2021,4
131,308.1,WAT,2021,5
131,38.6,DFO,2021,5
131,331.7,WAT,2021,6
131,51.8,DFO,2021,6
131,295.4,WAT,2021,7
131,50.6,DFO,2021,7
131,278.7,WAT,2021,8
131,73.0,DFO,2021,8
131,228.6,WAT,2021,9
131,94.6,DFO,2021,9
131,234.6,WAT,2021,10
131,94.0,DFO,2021,10
131,274.9,WAT,2021,11
131,73.4,DFO,2021,11
131,353.3,WAT,2021,12
131,81.6,DFO,2021,12
132,116.3,DFO,2021,1
132,87.4,WND,2021,1
132,100.0,DFO,2021,2
132,88.4,WND,2021,2
132,111.8,DFO,2021,3
132,68.7,WND,2021,3
132,110.6,DFO,2021,4
132,60.1,WND,2021,4
132,124.7,DFO,2021,5
132,29.0,WND,2021,5
132,98.2,DFO,2021,6
132,36.6,WND,2021,6
132,101.0,DFO,2021,7
132,34.1,WND,2021,7
132,108.4,DFO,2021,8
132,28.3,WND,2021,8
132,108.9,DFO,2021,9
132,37.0,WND,2021,9
132,106.1,DFO,2021,10
132,72.2,WND,2021,10
132,139.3,DFO,2021,11
132,43.8,WND,2021,11
132,119.8,DFO,2021,12
132,86.7,WND,2021,12
134,42.2,DFO,2021,1
134,40.7,DFO,2021,2
134,0.5,WND,2021,2
134,39.7,DFO,2021,3
134,3.1,WND,2021,3
134,31.4,DFO,2021,4
134,8.3,WND,2021,4
134,31.8,DFO,2021,5
134,0.5,WND,2021,5
134,29.9,DFO,2021,6
134,29.2,DFO,2021,7
134,31.9,DFO,2021,8
134,0.0,WND,2021,8
134,76.6,DFO,2021,9
134,0.1,WND,2021,9
134,58.6,DFO,2021,10
134,2.6,WND,2021,10
134,42.0,DFO,2021,11
134,3.1,WND,2021,11
134,44.7,DFO,2021,12
135,1682.1,DFO,2021,1
135,214.1,WND,2021,1
135,4.0,SUN,2021,1
135,-7.6,MWH,2021,1
135,1873.4,DFO,2021,2
135,322.5,WND,2021,2
135,25.6,SUN,2021,2
135,-6.6,MWH,2021,2
135,1352.9,DFO,2021,3
135,294.2,WND,2021,3
135,34.4,SUN,2021,3
135,-7.4,MWH,2021,3
135,1843.7,DFO,2021,4
135,87.4,WND,2021,4
135,60.0,SUN,2021,4
135,-7.0,MWH,2021,4
135,1468.0,DFO,2021,5
135,111.5,SUN,2021,5
135,59.5,WND,2021,5
135,-7.2,MWH,2021,5
135,1276.6,DFO,2021,6
135,140.7,WND,2021,6
135,117.6,SUN,2021,6
135,-7.2,MWH,2021,6
135,1274.0,DFO,2021,7
135,94.1,WND,2021,7
135,82.0,SUN,2021,7
135,-7.4,MWH,2021,7
135,1289.3,DFO,2021,8
135,286.1,WND,2021,8
135,60.6,SUN,2021,8
135,-7.3,MWH,2021,8
135,1377.0,DFO,2021,9
135,241.6,WND,2021,9
135,45.4,SUN,2021,9
135,-6.9,MWH,2021,9
135,1389.0,DFO,2021,10
135,278.2,WND,2021,10
135,43.3,SUN,2021,10
135,-7.0,MWH,2021,10
135,1860.1,DFO,2021,11
135,143.4,WND,2021,11
135,9.5,SUN,2021,11
135,-6.9,MWH,2021,11
135,1657.3,DFO,2021,12
135,422.1,WND,2021,12
135,0.4,SUN,2021,12
135,-7.5,MWH,2021,12
136,31.1,DFO,2021,1
136,21.1,DFO,2021,2
136,25.4,DFO,2021,7
136,115.4,DFO,2021,11
137,173.8,DFO,2021,1
137,150.3,DFO,2021,2
137,174.2,DFO,2021,3
137,147.0,DFO,2021,4
137,126.3,DFO,2021,5
137,124.3,DFO,2021,6
137,122.9,DFO,2021,7
137,124.8,DFO,2021,8
137,133.2,DFO,2021,9
137,152.2,DFO,2021,10
137,195.4,DFO,2021,11
137,176.1,DFO,2021,12
138,73.5,DFO,2021,1
138,50.3,WND,2021,1
138,86.1,DFO,2021,2
138,2.3,WND,2021,2
138,92.4,DFO,2021,3
138,95.2,DFO,2021,4
138,99.3,DFO,2021,5
138,0.1,WND,2021,5
138,76.4,DFO,2021,6
138,80.6,DFO,2021,7
138,105.4,DFO,2021,8
138,105.1,DFO,2021,9
138,109.4,DFO,2021,10
138,99.8,DFO,2021,11
138,120.9,DFO,2021,12
138,17.1,WND,2021,12
140,77.1,DFO,2021,2
140,43.1,DFO,2021,3
140,22.5,DFO,2021,4
140,30.7,DFO,2021,5
140,30.2,DFO,2021,6
140,31.8,DFO,2021,7
140,31.4,DFO,2021,8
140,32.8,DFO,2021,9
140,33.9,DFO,2021,10
140,100.3,DFO,2021,11
140,24.9,DFO,2021,12
141,3.9,DFO,2021,1
142,131.9,DFO,2021,1
142,115.4,DFO,2021,2
142,100.7,DFO,2021,8
142,142.0,DFO,2021,9
142,100.7,DFO,2021,10
143,197.3,DFO,2021,1
143,220.6,DFO,2021,2
143,204.3,DFO,2021,3
143,163.3,DFO,2021,4
143,139.6,DFO,2021,5
143,166.0,DFO,2021,6
143,151.8,DFO,2021,7
143,161.8,DFO,2021,8
143,162.6,DFO,2021,9
143,166.2,DFO,2021,10
143,220.6,DFO,2021,11
143,206.2,DFO,2021,12
144,28.4,DFO,2021,1
144,28.4,DFO,2021,2
144,25.7,DFO,2021,3
144,21.7,DFO,2021,4
144,19.1,DFO,2021,5
144,15.3,DFO,2021,6
144,16.1,DFO,2021,7
144,17.5,DFO,2021,8
144,18.6,DFO,2021,9
144,22.0,DFO,2021,10
144,27.7,DFO,2021,11
144,31.6,DFO,2021,12
145,29.6,DFO,2021,1
145,27.9,DFO,2021,2
145,25.7,DFO,2021,3
145,24.2,DFO,2021,4
145,22.8,DFO,2021,5
145,23.8,DFO,2021,7
145,25.7,DFO,2021,8
145,21.9,DFO,2021,9
145,21.9,DFO,2021,10
145,35.4,DFO,2021,11
145,31.7,DFO,2021,12
146,7.8,DFO,2021,1
146,6.5,DFO,2021,2
146,6.6,DFO,2021,3
146,5.2,DFO,2021,4
146,4.9,DFO,2021,5
146,4.9,DFO,2021,6
146,5.8,DFO,2021,7
146,11.5,DFO,2021,8
146,5.4,DFO,2021,9
146,4.3,DFO,2021,10
146,7.1,DFO,2021,11
146,7.6,DFO,2021,12
147,29.1,DFO,2021,1
147,26.0,DFO,2021,2
147,28.2,DFO,2021,3
147,24.3,DFO,2021,4
147,22.2,DFO,2021,5
147,17.2,DFO,2021,6
147,19.0,DFO,2021,7
147,19.5,DFO,2021,8
147,19.7,DFO,2021,9
147,25.6,DFO,2021,10
147,28.6,DFO,2021,11
147,35.8,DFO,2021,12
148,13.7,DFO,2021,1
148,12.6,DFO,2021,2
148,13.3,DFO,2021,3
148,10.2,DFO,2021,4
148,10.5,DFO,2021,5
148,7.6,DFO,2021,6
148,8.6,DFO,2021,7
148,8.6,DFO,2021,8
148,11.2,DFO,2021,9
148,11.2,DFO,2021,10
148,13.3,DFO,2021,11
148,14.9,DFO,2021,12
149,160.9,DFO,2021,1
149,176.4,DFO,2021,2
149,166.5,DFO,2021,3
149,146.6,DFO,2021,4
149,108.8,DFO,2021,5
149,97.1,DFO,2021,6
149,108.9,DFO,2021,7
149,119.0,DFO,2021,8
149,111.5,DFO,2021,9
149,7.0,WND,2021,9
149,125.2,DFO,2021,10
149,4.7,WND,2021,10
149,125.2,DFO,2021,11
149,4.7,WND,2021,11
149,187.5,DFO,2021,12
149,0.0,WND,2021,12
150,1115.9,DFO,2021,1
150,1043.8,DFO,2021,2
150,1353.2,DFO,2021,3
150,1495.2,DFO,2021,4
150,3042.7,DFO,2021,5
150,2938.5,DFO,2021,6
150,6887.5,DFO,2021,7
150,1453.7,DFO,2021,8
150,1272.7,DFO,2021,9
150,1228.4,DFO,2021,10
150,1336.7,DFO,2021,11
150,1160.8,DFO,2021,12
153,107.4,DFO,2021,1
153,85.8,DFO,2021,2
153,117.4,DFO,2021,3
153,85.9,DFO,2021,4
153,81.6,DFO,2021,5
153,72.8,DFO,2021,6
153,86.6,DFO,2021,7
153,82.6,DFO,2021,8
153,91.6,DFO,2021,9
153,99.8,DFO,2021,10
153,98.6,DFO,2021,11
153,118.5,DFO,2021,12
154,76.5,DFO,2021,1
154,113.6,DFO,2021,2
154,100.5,DFO,2021,3
154,87.2,DFO,2021,4
154,84.5,DFO,2021,5
154,105.4,DFO,2021,6
154,92.9,DFO,2021,7
154,119.0,DFO,2021,8
154,123.2,DFO,2021,9
154,132.1,DFO,2021,10
154,149.3,DFO,2021,11
156,27.8,DFO,2021,1
156,25.2,DFO,2021,2
156,31.7,DFO,2021,3
156,29.2,DFO,2021,4
156,15.1,DFO,2021,5
156,24.4,DFO,2021,6
156,21.4,DFO,2021,7
156,25.7,DFO,2021,8
156,20.7,DFO,2021,9
156,22.8,DFO,2021,10
156,31.3,DFO,2021,11
156,28.3,DFO,2021,12
157,61.3,DFO,2021,1
157,55.2,DFO,2021,2
157,58.2,DFO,2021,3
157,56.9,DFO,2021,4
157,57.5,DFO,2021,5
157,51.8,DFO,2021,6
157,57.4,DFO,2021,7
157,54.8,DFO,2021,8
157,54.1,DFO,2021,9
157,55.8,DFO,2021,10
157,61.4,DFO,2021,11
157,66.3,DFO,2021,12
158,29.8,DFO,2021,1
158,40.9,DFO,2021,2
158,76.2,DFO,2021,4
158,35.0,DFO,2021,5
158,35.8,DFO,2021,7
158,58.6,DFO,2021,8
158,40.2,DFO,2021,10
158,62.0,DFO,2021,11
158,54.5,DFO,2021,12
159,2695.2,DFO,2021,1
159,334.3,WND,2021,1
159,2894.2,DFO,2021,2
159,120.7,WND,2021,2
159,2593.7,DFO,2021,3
159,99.7,WND,2021,3
159,2695.0,DFO,2021,4
159,243.3,WND,2021,4
159,2389.4,DFO,2021,5
159,69.6,WND,2021,5
159,2324.7,DFO,2021,6
159,79.4,WND,2021,6
159,2216.5,DFO,2021,7
159,86.2,WND,2021,7
159,2298.8,DFO,2021,8
159,171.4,WND,2021,8
159,2302.5,DFO,2021,9
159,159.8,WND,2021,9
159,2324.0,DFO,2021,10
159,192.5,WND,2021,10
159,2619.9,DFO,2021,11
159,209.9,WND,2021,11
159,2854.9,DFO,2021,12
159,259.4,WND,2021,12
160,410.0,DFO,2021,1
160,394.0,DFO,2021,2
160,425.0,DFO,2021,3
160,377.0,DFO,2021,4
160,348.0,DFO,2021,5
160,247.0,DFO,2021,6
160,332.0,DFO,2021,7
160,297.0,DFO,2021,8
160,300.0,DFO,2021,9
160,339.0,DFO,2021,10
160,370.0,DFO,2021,11
160,421.0,DFO,2021,12
161,165.4,DFO,2021,1
161,183.1,DFO,2021,2
161,198.0,DFO,2021,3
161,190.4,DFO,2021,4
161,98.6,DFO,2021,5
161,132.3,DFO,2021,6
161,129.3,DFO,2021,7
161,186.5,DFO,2021,8
161,241.6,DFO,2021,9
161,240.0,DFO,2021,10
161,187.4,DFO,2021,11
161,208.3,DFO,2021,12
162,445.5,DFO,2021,1
162,525.9,DFO,2021,3
162,457.3,DFO,2021,4
162,387.5,DFO,2021,5
162,286.0,DFO,2021,6
162,372.4,DFO,2021,7
162,362.9,DFO,2021,8
162,383.2,DFO,2021,9
162,423.1,DFO,2021,10
162,474.9,DFO,2021,11
162,537.3,DFO,2021,12
163,381.7,NG,2021,1
163,203.9,DFO,2021,1
163,328.0,NG,2021,2
163,225.7,DFO,2021,2
163,321.8,NG,2021,3
163,244.1,DFO,2021,3
163,317.3,NG,2021,4
163,234.7,DFO,2021,4
163,346.0,NG,2021,5
163,121.5,DFO,2021,5
163,435.5,NG,2021,6
163,163.1,DFO,2021,6
163,494.8,NG,2021,7
163,159.4,DFO,2021,7
163,501.7,NG,2021,8
163,229.9,DFO,2021,8
163,411.4,NG,2021,9
163,297.8,DFO,2021,9
163,388.0,NG,2021,10
163,295.9,DFO,2021,10
163,361.5,NG,2021,11
163,231.0,DFO,2021,11
163,377.5,NG,2021,12
163,256.8,DFO,2021,12
164,495.0,DFO,2021,1
164,548.1,DFO,2021,2
164,592.8,DFO,2021,3
164,569.8,DFO,2021,4
164,295.1,DFO,2021,5
164,396.1,DFO,2021,6
164,387.1,DFO,2021,7
164,558.3,DFO,2021,8
164,723.0,DFO,2021,9
164,718.4,DFO,2021,10
164,560.9,DFO,2021,11
164,623.5,DFO,2021,12
165,375.3,DFO,2021,1
165,366.1,DFO,2021,3
165,326.0,DFO,2021,4
165,296.5,DFO,2021,5
165,224.7,DFO,2021,6
165,266.8,DFO,2021,7
165,272.1,DFO,2021,8
165,308.2,DFO,2021,9
165,291.4,DFO,2021,10
165,305.6,DFO,2021,11
165,353.4,DFO,2021,12
166,711.6,DFO,2021,1
166,684.0,DFO,2021,2
166,737.5,DFO,2021,3
166,652.0,DFO,2021,4
166,583.0,DFO,2021,5
166,412.3,DFO,2021,6
166,605.1,DFO,2021,7
166,544.2,DFO,2021,8
166,536.0,DFO,2021,9
166,578.9,DFO,2021,10
166,597.9,DFO,2021,11
166,700.5,DFO,2021,12
167,83.5,DFO,2021,1
167,86.3,DFO,2021,2
167,93.9,DFO,2021,3
167,79.8,DFO,2021,4
167,59.1,DFO,2021,5
167,48.1,DFO,2021,6
167,46.7,DFO,2021,7
167,62.9,DFO,2021,8
167,55.6,DFO,2021,9
167,74.7,DFO,2021,10
167,81.6,DFO,2021,11
167,96.9,DFO,2021,12
169,1482.8,DFO,2021,1
169,1476.5,DFO,2021,2
169,1305.1,DFO,2021,3
169,1395.4,DFO,2021,4
169,1351.2,DFO,2021,5
169,1531.9,DFO,2021,6
169,3064.9,DFO,2021,7
169,1970.5,DFO,2021,8
169,1273.2,DFO,2021,9
169,1310.3,DFO,2021,10
169,1415.5,DFO,2021,11
169,1522.7,DFO,2021,12
170,65.2,DFO,2021,1
170,61.6,DFO,2021,2
170,44.8,DFO,2021,3
170,55.2,DFO,2021,4
170,50.2,DFO,2021,5
170,45.5,DFO,2021,6
170,47.5,DFO,2021,7
170,49.0,DFO,2021,8
170,55.6,DFO,2021,9
170,59.4,DFO,2021,10
170,65.1,DFO,2021,11
170,69.0,DFO,2021,12
171,16.5,DFO,2021,1
171,15.5,DFO,2021,2
171,16.8,DFO,2021,3
171,15.8,DFO,2021,4
171,17.1,DFO,2021,5
171,15.6,DFO,2021,6
171,21.2,DFO,2021,7
171,19.4,DFO,2021,8
171,18.4,DFO,2021,9
171,15.4,DFO,2021,10
171,18.8,DFO,2021,11
171,18.8,DFO,2021,12
172,89.4,WAT,2021,1
172,32.1,DFO,2021,1
172,74.4,WAT,2021,2
172,35.6,DFO,2021,2
172,71.3,WAT,2021,3
172,38.5,DFO,2021,3
172,62.9,WAT,2021,4
172,37.0,DFO,2021,4
172,77.9,WAT,2021,5
172,19.2,DFO,2021,5
172,83.9,WAT,2021,6
172,25.7,DFO,2021,6
172,74.7,WAT,2021,7
172,25.1,DFO,2021,7
172,70.5,WAT,2021,8
172,36.3,DFO,2021,8
172,57.8,WAT,2021,9
172,47.0,DFO,2021,9
172,59.3,WAT,2021,10
172,46.6,DFO,2021,10
172,69.5,WAT,2021,11
172,36.4,DFO,2021,11
172,89.4,WAT,2021,12
172,40.5,DFO,2021,12
173,40.3,DFO,2021,1
173,36.0,DFO,2021,2
173,36.8,DFO,2021,3
173,31.7,DFO,2021,4
173,31.9,DFO,2021,5
173,35.1,DFO,2021,6
173,49.6,DFO,2021,7
173,32.2,DFO,2021,8
173,34.1,DFO,2021,9
173,41.9,DFO,2021,10
173,48.7,DFO,2021,11
173,44.1,DFO,2021,12
175,57.1,DFO,2021,1
175,56.6,DFO,2021,2
175,69.8,DFO,2021,3
175,46.0,DFO,2021,4
175,41.3,DFO,2021,5
175,45.2,DFO,2021,6
175,43.5,DFO,2021,7
175,42.6,DFO,2021,8
175,48.1,DFO,2021,9
175,51.4,DFO,2021,10
175,54.4,DFO,2021,11
175,65.8,DFO,2021,12
176,81.1,DFO,2021,1
176,55.9,WND,2021,1
176,72.4,WND,2021,2
176,51.6,DFO,2021,2
176,76.1,WND,2021,3
176,60.5,DFO,2021,3
176,63.8,WND,2021,4
176,58.1,DFO,2021,4
176,82.8,DFO,2021,5
176,19.4,WND,2021,5
176,63.3,DFO,2021,6
176,35.9,WND,2021,6
176,57.4,DFO,2021,7
176,41.4,WND,2021,7
176,77.8,DFO,2021,8
176,28.3,WND,2021,8
176,64.6,DFO,2021,9
176,41.8,WND,2021,9
176,64.9,DFO,2021,10
176,63.9,WND,2021,10
176,94.2,DFO,2021,11
176,48.9,WND,2021,11
176,84.6,WND,2021,12
176,60.4,DFO,2021,12
177,16.8,DFO,2021,7
177,16.4,DFO,2021,8
177,17.6,DFO,2021,9
177,16.4,DFO,2021,10
177,31.6,DFO,2021,11
177,24.0,DFO,2021,12
178,68.9,DFO,2021,1
178,63.2,DFO,2021,2
178,66.3,DFO,2021,3
178,54.5,DFO,2021,4
178,49.3,DFO,2021,5
178,46.1,DFO,2021,6
178,42.5,DFO,2021,7
178,47.2,DFO,2021,8
178,51.0,DFO,2021,9
178,56.9,DFO,2021,10
178,64.6,DFO,2021,11
178,69.0,DFO,2021,12
179,50.9,DFO,2021,1
179,52.0,DFO,2021,2
179,51.5,DFO,2021,3
179,52.6,DFO,2021,4
179,66.9,DFO,2021,5
179,37.9,DFO,2021,6
179,39.1,DFO,2021,7
179,42.1,DFO,2021,8
179,43.1,DFO,2021,9
179,42.4,DFO,2021,12
180,275.5,DFO,2021,1
180,290.3,DFO,2021,2
180,305.8,DFO,2021,3
180,281.1,DFO,2021,4
180,269.0,DFO,2021,5
180,231.9,DFO,2021,6
180,247.9,DFO,2021,7
180,251.5,DFO,2021,8
180,254.8,DFO,2021,9
180,316.2,DFO,2021,10
180,277.8,DFO,2021,11
180,303.3,DFO,2021,12
182,24.1,DFO,2021,1
182,22.9,DFO,2021,11
182,13.6,DFO,2021,12
183,72.4,DFO,2021,1
183,64.9,DFO,2021,2
183,73.1,DFO,2021,3
183,67.3,DFO,2021,4
183,73.7,DFO,2021,5
183,84.4,DFO,2021,6
183,92.2,DFO,2021,7
183,86.6,DFO,2021,8
183,85.2,DFO,2021,9
183,74.7,DFO,2021,10
183,78.6,DFO,2021,11
183,81.3,DFO,2021,12
184,120.8,DFO,2021,1
184,125.4,DFO,2021,2
184,115.8,DFO,2021,3
184,101.0,DFO,2021,4
184,90.4,DFO,2021,5
184,86.2,DFO,2021,6
184,88.6,DFO,2021,7
184,90.0,DFO,2021,8
184,89.1,DFO,2021,9
184,102.3,DFO,2021,10
184,113.8,DFO,2021,11
184,125.1,DFO,2021,12
185,38.5,DFO,2021,1
185,35.6,DFO,2021,2
185,38.3,DFO,2021,3
185,33.9,DFO,2021,4
185,33.5,DFO,2021,5
185,34.0,DFO,2021,6
185,33.9,DFO,2021,7
185,26.5,DFO,2021,8
185,35.2,DFO,2021,9
185,38.5,DFO,2021,10
185,42.1,DFO,2021,11
185,36.7,DFO,2021,12
186,182.2,DFO,2021,1
186,171.6,DFO,2021,2
186,173.1,DFO,2021,3
186,192.1,DFO,2021,4
186,174.0,DFO,2021,5
186,167.7,DFO,2021,6
186,155.4,DFO,2021,7
186,150.6,DFO,2021,8
186,165.6,DFO,2021,9
186,127.3,DFO,2021,10
186,186.5,DFO,2021,12
187,344.5,DFO,2021,1
187,11.6,WND,2021,1
187,311.6,DFO,2021,2
187,8.8,WND,2021,2
187,288.4,DFO,2021,3
187,11.0,WND,2021,3
187,333.4,DFO,2021,4
187,8.7,WND,2021,4
187,298.1,DFO,2021,5
187,10.3,WND,2021,5
187,265.8,DFO,2021,6
187,10.7,WND,2021,6
187,235.2,DFO,2021,7
187,12.6,WND,2021,7
187,286.3,DFO,2021,8
187,12.7,WND,2021,8
187,319.7,DFO,2021,9
187,13.1,WND,2021,9
187,316.9,DFO,2021,10
187,13.2,WND,2021,10
187,296.0,DFO,2021,11
187,7.5,WND,2021,11
187,299.8,DFO,2021,12
187,13.8,WND,2021,12
188,55.3,DFO,2021,1
188,59.2,DFO,2021,2
188,50.6,DFO,2021,3
188,46.6,DFO,2021,4
188,37.6,DFO,2021,5
188,43.9,DFO,2021,6
188,42.1,DFO,2021,7
188,43.5,DFO,2021,8
188,46.7,DFO,2021,9
188,48.5,DFO,2021,10
188,56.5,DFO,2021,11
188,68.3,DFO,2021,12
189,35.6,DFO,2021,1
189,34.4,DFO,2021,2
189,33.6,DFO,2021,3
189,31.5,DFO,2021,4
189,31.5,DFO,2021,5
189,27.8,DFO,2021,6
189,37.5,DFO,2021,7
189,34.8,DFO,2021,8
189,31.7,DFO,2021,9
189,34.7,DFO,2021,10
189,39.3,DFO,2021,11
189,42.5,DFO,2021,12
191,107.3,DFO,2021,1
191,12.8,WND,2021,1
191,89.9,DFO,2021,2
191,11.5,WND,2021,2
191,130.6,DFO,2021,3
191,1.1,WND,2021,3
191,211.6,DFO,2021,4
191,84.3,DFO,2021,6
191,1.9,WND,2021,6
191,82.9,DFO,2021,7
191,87.7,DFO,2021,8
191,0.1,WND,2021,8
191,93.6,DFO,2021,9
191,108.1,DFO,2021,10
191,0.9,WND,2021,10
191,118.2,DFO,2021,11
191,0.6,WND,2021,11
191,103.0,DFO,2021,12
191,17.9,WND,2021,12
193,17.3,DFO,2021,1
193,15.4,DFO,2021,2
193,15.5,DFO,2021,7
193,15.9,DFO,2021,8
193,15.3,DFO,2021,9
193,15.9,DFO,2021,12
194,294.6,DFO,2021,1
194,102.4,WND,2021,1
194,326.5,DFO,2021,2
194,58.3,WND,2021,2
194,261.0,DFO,2021,3
194,82.4,WND,2021,3
194,298.9,DFO,2021,4
194,64.8,WND,2021,4
194,255.0,DFO,2021,5
194,32.2,WND,2021,5
194,260.9,DFO,2021,6
194,40.6,WND,2021,6
194,269.6,DFO,2021,7
194,32.6,WND,2021,7
194,309.6,DFO,2021,8
194,61.4,WND,2021,8
194,298.4,DFO,2021,9
194,66.5,WND,2021,9
194,290.6,DFO,2021,10
194,61.0,WND,2021,10
194,314.8,DFO,2021,11
194,49.1,WND,2021,11
194,376.4,DFO,2021,12
194,30.9,WND,2021,12
195,5962.4,DFO,2021,1
195,7699.0,DFO,2021,2
195,8954.2,DFO,2021,3
195,8288.7,DFO,2021,4
195,5422.5,DFO,2021,5
195,6328.5,DFO,2021,6
195,7817.4,DFO,2021,7
195,9679.6,DFO,2021,8
195,9616.2,DFO,2021,9
195,8789.3,DFO,2021,10
195,6942.0,DFO,2021,11
195,6727.2,DFO,2021,12
196,54.2,DFO,2021,1
196,42.3,DFO,2021,2
196,36.1,DFO,2021,7
196,50.8,DFO,2021,9
196,97.7,DFO,2021,11
197,43.0,DFO,2021,7
197,46.5,DFO,2021,8
197,69.9,DFO,2021,9
197,63.5,DFO,2021,10
197,54.7,DFO,2021,11
197,67.1,DFO,2021,12
198,170.9,DFO,2021,1
198,88.9,DFO,2021,3
198,75.4,DFO,2021,4
198,65.1,DFO,2021,5
198,60.6,DFO,2021,6
198,59.6,DFO,2021,7
198,63.3,DFO,2021,8
198,65.9,DFO,2021,9
198,71.4,DFO,2021,10
198,80.2,DFO,2021,11
198,90.4,DFO,2021,12
213,34.0,DFO,2021,1
213,40.6,DFO,2021,2
213,31.4,DFO,2021,3
213,35.0,DFO,2021,4
213,36.7,DFO,2021,5
213,44.3,DFO,2021,6
213,47.4,DFO,2021,7
213,52.1,DFO,2021,8
213,45.2,DFO,2021,9
213,37.4,DFO,2021,10
213,43.0,DFO,2021,11
213,38.1,DFO,2021,12
215,258639.0,NG,2021,1
215,57551.3,WAT,2021,1
215,33572.0,SUB,2021,1
215,32761.0,WO,2021,1
215,28096.1,LIG,2021,1
215,10496.3,WC,2021,1
215,8840.3,WND,2021,1
215,5045.9,DFO,2021,1
215,3560.7,LFG,2021,1
215,-256.0,MWH,2021,1
215,244931.4,NG,2021,2
215,47886.9,WAT,2021,2
215,32984.0,WO,2021,2
215,28240.0,SUB,2021,2
215,21795.4,LIG,2021,2
215,8004.8,DFO,2021,2
215,7259.2,WC,2021,2
215,6729.7,WND,2021,2
215,3467.1,LFG,2021,2
215,-219.0,MWH,2021,2
215,249286.7,NG,2021,3
215,45926.0,WAT,2021,3
215,34953.9,WO,2021,3
215,34086.0,SUB,2021,3
215,26073.1,LIG,2021,3
215,8712.3,DFO,2021,3
215,8386.9,WND,2021,3
215,6779.6,WC,2021,3
215,3374.8,LFG,2021,3
215,-233.0,MWH,2021,3
215,233823.2,NG,2021,4
215,40510.2,WAT,2021,4
215,33111.0,WO,2021,4
215,27566.0,SUB,2021,4
215,9172.4,DFO,2021,4
215,9100.7,LIG,2021,4
215,6660.8,WND,2021,4
215,2874.0,WC,2021,4
215,2676.1,LFG,2021,4
215,-286.0,MWH,2021,4
215,224255.3,NG,2021,5
215,50188.1,WAT,2021,5
215,30131.1,LIG,2021,5
215,28822.2,SUB,2021,5
215,16518.9,WO,2021,5
215,8671.7,WC,2021,5
215,7867.3,WND,2021,5
215,4043.2,DFO,2021,5
215,2943.0,LFG,2021,5
215,-291.0,MWH,2021,5
215,224318.2,NG,2021,6
215,54037.3,WAT,2021,6
215,31531.0,SUB,2021,6
215,25908.1,LIG,2021,6
215,25497.4,WO,2021,6
215,11109.6,WC,2021,6
215,8129.1,WND,2021,6
215,3061.2,DFO,2021,6
215,2775.0,LFG,2021,6
215,-382.0,MWH,2021,6
215,254861.6,NG,2021,7
215,48113.5,WAT,2021,7
215,33452.0,SUB,2021,7
215,30883.0,LIG,2021,7
215,22495.1,WO,2021,7
215,11381.4,WC,2021,7
215,9575.8,WND,2021,7
215,3767.2,DFO,2021,7
215,2860.0,LFG,2021,7
215,-303.0,MWH,2021,7
215,271518.5,NG,2021,8
215,45399.3,WAT,2021,8
215,30759.6,WO,2021,8
215,30444.0,SUB,2021,8
215,17515.1,LIG,2021,8
215,9701.9,WND,2021,8
215,9057.2,DFO,2021,8
215,9014.8,WC,2021,8
215,2904.0,LFG,2021,8
215,-306.0,MWH,2021,8
215,214136.4,NG,2021,9
215,37237.5,WAT,2021,9
215,35725.0,WO,2021,9
215,32461.2,SUB,2021,9
215,19477.6,DFO,2021,9
215,9940.6,WND,2021,9
215,9856.5,LIG,2021,9
215,5311.0,WC,2021,9
215,2702.0,LFG,2021,9
215,-416.0,MWH,2021,9
215,248521.1,NG,2021,10
215,39175.0,WO,2021,10
215,38211.8,WAT,2021,10
215,36919.0,SUB,2021,10
215,16193.3,DFO,2021,10
215,10040.2,WND,2021,10
215,5966.1,LIG,2021,10
215,3905.0,LFG,2021,10
215,3622.8,WC,2021,10
215,-418.0,MWH,2021,10
215,274821.5,NG,2021,11
215,44785.0,WAT,2021,11
215,37839.0,SUB,2021,11
215,33964.3,WO,2021,11
215,30705.9,LIG,2021,11
215,8907.3,DFO,2021,11
215,8333.2,WC,2021,11
215,5705.0,WND,2021,11
215,3801.0,LFG,2021,11
215,-186.0,MWH,2021,11
215,284968.2,NG,2021,12
215,57546.2,WAT,2021,12
215,37620.9,LIG,2021,12
215,37587.0,WO,2021,12
215,31520.3,SUB,2021,12
215,11025.8,DFO,2021,12
215,10483.3,WND,2021,12
215,7936.0,WC,2021,12
215,3102.2,LFG,2021,12
215,671.9,JF,2021,12
215,-137.0,MWH,2021,12
216,5957.3,WAT,2021,1
216,1955.0,WO,2021,1
216,928.4,DFO,2021,1
216,4957.0,WAT,2021,2
216,2164.8,WO,2021,2
216,1028.0,DFO,2021,2
216,4754.0,WAT,2021,3
216,2341.2,WO,2021,3
216,1111.8,DFO,2021,3
216,4193.4,WAT,2021,4
216,2250.5,WO,2021,4
216,1068.8,DFO,2021,4
216,5195.2,WAT,2021,5
216,1165.5,WO,2021,5
216,553.5,DFO,2021,5
216,5593.6,WAT,2021,6
216,1564.6,WO,2021,6
216,743.0,DFO,2021,6
216,4980.4,WAT,2021,7
216,1529.0,WO,2021,7
216,726.1,DFO,2021,7
216,4699.5,WAT,2021,8
216,2205.0,WO,2021,8
216,1047.1,DFO,2021,8
216,3854.6,WAT,2021,9
216,2855.9,WO,2021,9
216,1356.2,DFO,2021,9
216,3955.5,WAT,2021,10
216,2837.4,WO,2021,10
216,1347.4,DFO,2021,10
216,4635.9,WAT,2021,11
216,2215.4,WO,2021,11
216,1052.1,DFO,2021,11
216,5956.8,WAT,2021,12
216,2462.7,WO,2021,12
216,1169.5,DFO,2021,12
217,28342.3,WAT,2021,1
217,97.8,DFO,2021,1
217,23582.8,WAT,2021,2
217,108.2,DFO,2021,2
217,22617.2,WAT,2021,3
217,117.1,DFO,2021,3
217,19950.0,WAT,2021,4
217,112.5,DFO,2021,4
217,24716.2,WAT,2021,5
217,58.3,DFO,2021,5
217,26611.7,WAT,2021,6
217,78.2,DFO,2021,6
217,23694.5,WAT,2021,7
217,76.5,DFO,2021,7
217,22357.8,WAT,2021,8
217,110.3,DFO,2021,8
217,18338.3,WAT,2021,9
217,142.8,DFO,2021,9
217,18818.2,WAT,2021,10
217,141.9,DFO,2021,10
217,22055.3,WAT,2021,11
217,110.8,DFO,2021,11
217,28339.8,WAT,2021,12
217,123.1,DFO,2021,12
218,0.0,JF,2021,1
218,0.0,JF,2021,2
218,0.0,JF,2021,3
218,0.0,JF,2021,4
218,0.0,JF,2021,5
218,0.0,JF,2021,6
218,0.0,JF,2021,7
218,0.0,JF,2021,8
218,0.0,JF,2021,9
218,0.0,JF,2021,10
218,0.0,JF,2021,11
218,0.0,JF,2021,12
219,12109.6,WAT,2021,1
219,-60.8,DFO,2021,1
219,10076.1,WAT,2021,2
219,-67.4,DFO,2021,2
219,9663.5,WAT,2021,3
219,-72.9,DFO,2021,3
219,8523.9,WAT,2021,4
219,-70.0,DFO,2021,4
219,10560.3,WAT,2021,5
219,-36.3,DFO,2021,5
219,11370.3,WAT,2021,6
219,-48.7,DFO,2021,6
219,10123.8,WAT,2021,7
219,-47.6,DFO,2021,7
219,9552.7,WAT,2021,8
219,-68.6,DFO,2021,8
219,7835.3,WAT,2021,9
219,-88.9,DFO,2021,9
219,8040.3,WAT,2021,10
219,-88.3,DFO,2021,10
219,9423.4,WAT,2021,11
219,-68.9,DFO,2021,11
219,12108.6,WAT,2021,12
219,-76.6,DFO,2021,12
221,3872.3,NG,2021,1
221,3327.2,NG,2021,2
221,3265.1,NG,2021,3
221,3218.8,NG,2021,4
221,3510.0,NG,2021,5
221,4418.6,NG,2021,6
221,5020.4,NG,2021,7
221,5090.1,NG,2021,8
221,4173.7,NG,2021,9
221,3936.4,NG,2021,10
221,3667.7,NG,2021,11
221,3829.5,NG,2021,12
221,1.1,DFO,2021,12
222,43942.3,WAT,2021,1
222,-101.2,DFO,2021,1
222,36563.2,WAT,2021,2
222,-112.1,DFO,2021,2
222,35066.0,WAT,2021,3
222,-121.2,DFO,2021,3
222,30930.8,WAT,2021,4
222,-116.6,DFO,2021,4
222,38320.3,WAT,2021,5
222,-60.4,DFO,2021,5
222,41259.2,WAT,2021,6
222,-81.0,DFO,2021,6
222,36736.2,WAT,2021,7
222,-79.2,DFO,2021,7
222,34663.9,WAT,2021,8
222,-114.2,DFO,2021,8
222,28432.0,WAT,2021,9
222,-147.9,DFO,2021,9
222,29176.0,WAT,2021,10
222,-146.9,DFO,2021,10
222,34194.8,WAT,2021,11
222,-114.7,DFO,2021,11
222,43938.4,WAT,2021,12
222,-122.5,DFO,2021,12
223,13422.7,WAT,2021,1
223,2186.1,WND,2021,1
223,0.3,DFO,2021,1
223,-47.2,MWH,2021,1
223,11168.6,WAT,2021,2
223,1664.2,WND,2021,2
223,0.3,DFO,2021,2
223,-41.1,MWH,2021,2
223,10711.3,WAT,2021,3
223,2073.9,WND,2021,3
223,0.4,DFO,2021,3
223,-46.3,MWH,2021,3
223,9448.2,WAT,2021,4
223,1647.1,WND,2021,4
223,0.4,DFO,2021,4
223,-43.5,MWH,2021,4
223,11705.4,WAT,2021,5
223,1945.4,WND,2021,5
223,0.2,DFO,2021,5
223,-45.0,MWH,2021,5
223,12603.1,WAT,2021,6
223,2010.2,WND,2021,6
223,0.2,DFO,2021,6
223,-44.8,MWH,2021,6
223,11221.5,WAT,2021,7
223,2367.9,WND,2021,7
223,0.2,DFO,2021,7
223,-46.1,MWH,2021,7
223,10588.5,WAT,2021,8
223,2399.1,WND,2021,8
223,0.3,DFO,2021,8
223,-45.5,MWH,2021,8
223,8684.9,WAT,2021,9
223,2458.2,WND,2021,9
223,0.4,DFO,2021,9
223,-43.3,MWH,2021,9
223,8912.1,WAT,2021,10
223,2482.8,WND,2021,10
223,0.4,DFO,2021,10
223,-43.7,MWH,2021,10
223,10445.2,WAT,2021,11
223,1410.7,WND,2021,11
223,0.3,DFO,2021,11
223,-43.4,MWH,2021,11
223,13421.5,WAT,2021,12
223,2592.4,WND,2021,12
223,0.4,DFO,2021,12
223,-47.1,MWH,2021,12
224,4035.1,NG,2021,1
224,3467.1,NG,2021,2
224,3402.4,NG,2021,3
224,3354.2,NG,2021,4
224,3657.6,NG,2021,5
224,4604.4,NG,2021,6
224,5231.5,NG,2021,7
224,5304.1,NG,2021,8
224,4349.2,NG,2021,9
224,4101.9,NG,2021,10
224,3821.9,NG,2021,11
224,3990.5,NG,2021,12
225,1780.8,WAT,2021,1
225,58.2,DFO,2021,1
225,1481.8,WAT,2021,2
225,64.4,DFO,2021,2
225,1421.1,WAT,2021,3
225,69.7,DFO,2021,3
225,1253.5,WAT,2021,4
225,67.0,DFO,2021,4
225,1553.0,WAT,2021,5
225,34.7,DFO,2021,5
225,1672.1,WAT,2021,6
225,46.5,DFO,2021,6
225,1488.8,WAT,2021,7
225,45.5,DFO,2021,7
225,1404.8,WAT,2021,8
225,65.6,DFO,2021,8
225,1152.2,WAT,2021,9
225,85.0,DFO,2021,9
225,1182.4,WAT,2021,10
225,84.4,DFO,2021,10
225,1385.8,WAT,2021,11
225,65.9,DFO,2021,11
225,1780.7,WAT,2021,12
225,73.3,DFO,2021,12
