id,community_id,start_year,end_year,is_most_recent,geo_src,e_pop_age_total,m_pop_age_total,e_pop_age_under_5,m_pop_age_under_5,e_pop_age_5_9,m_pop_age_5_9,e_pop_age_10_14,m_pop_age_10_14,e_pop_age_15_19,m_pop_age_15_19,e_pop_age_20_24,m_pop_age_20_24,e_pop_age_25_34,m_pop_age_25_34,e_pop_age_35_44,m_pop_age_35_44,e_pop_age_45_54,m_pop_age_45_54,e_pop_age_55_59,m_pop_age_55_59,e_pop_age_60_64,m_pop_age_60_64,e_pop_age_65_74,m_pop_age_65_74,e_pop_age_75_84,m_pop_age_75_84,e_pop_age_85_plus,m_pop_age_85_plus,e_pop_age_median_age,m_pop_age_median_age,e_pop_age_under_18,m_pop_age_under_18,e_pop_age_18_plus,m_pop_age_18_plus,e_pop_age_21_plus,m_pop_age_21_plus,e_pop_age_62_plus,m_pop_age_62_plus,e_pop_age_65_plus,m_pop_age_65_plus,e_pop_total,m_pop_total,e_pop_male,m_pop_male,e_pop_female,m_pop_female
1,{793D84BA-F572-4A23-A265-0090CCDE0F70},2019,2023,1,P,41,60,12,20,0,10,0,10,0,10,0,10,19,27,10,16,0,10,0,10,0,10,0,10,0,10,0,10,32.4,0.3,12,20,29,42,29,42,0,10,0,10,41,60,19,27,22,35
4,{52F6D695-370B-4814-8DA9-00DCC073CA83},2019,2023,1,P,471,162,77,83,22,20,35,29,19,17,23,36,86,51,62,39,28,18,15,13,46,28,40,27,14,16,4,6,29.8,8.9,144,106,327,94,317,94,80,38,58,35,471,162,211,84,260,104
6,{DF0AA24E-FAFB-4033-9E30-014BC53D341A},2019,2023,1,P,13,22,0,10,0,10,0,10,0,10,0,10,0,10,0,10,0,10,0,10,0,10,13,22,0,10,0,10,,,0,10,13,22,13,22,13,22,13,22,13,22,13,22,0,10
7,{EDA8ED1A-C25C-4FF0-8681-021AAF1072C9},2019,2023,1,P,6141,52,418,83,330,61,378,61,543,114,546,100,1067,134,730,99,623,112,296,77,278,72,543,79,292,71,97,28,32.9,2,1398,143,4743,148,4343,182,1077,119,932,105,6141,52,3070,118,3071,121
9,{9E47594D-5392-4A49-8FCD-026556C904AE},2019,2023,1,P,25,17,3,3,5,6,1,3,0,10,0,10,10,8,2,4,4,5,0,10,0,10,0,10,0,10,0,10,27.9,5.7,9,10,16,10,16,10,0,10,0,10,25,17,11,10,14,12
11,{F4E131A4-D045-4C7B-BE4E-02795735ED5A},2019,2023,1,P,3541,661,299,134,324,147,412,158,63,51,58,78,476,241,761,283,207,146,165,70,364,179,286,92,100,49,26,34,35.5,1.1,1035,314,2506,469,2388,449,641,194,412,123,3541,661,1925,428,1616,281
14,{93A518D2-76B0-46E5-863A-02EDDEB80C98},2019,2023,1,P,51,51,0,10,0,10,0,10,0,10,0,10,0,10,0,10,0,10,0,10,24,31,27,28,0,10,0,10,65.2,12.1,0,10,51,51,51,51,27,28,27,28,51,51,27,28,24,31
16,{5F365A90-E7FE-4110-A895-042798D82840},2019,2023,1,C,18487,,1957,82,1887,115,1619,129,1538,58,1305,75,3044,368,1991,130,1639,210,1101,113,924,127,1050,77,311,28,121,91,28.7,0.9,6440,30,12047,30,11238,68,1945,102,1482,62,18487,,9885,59,8602,59
17,{05CB5D5F-15BA-4574-8F40-04CAFA9B5770},2019,2023,1,P,54,47,3,5,4,5,3,4,14,19,7,10,6,7,4,5,4,10,0,10,0,10,9,11,0,10,0,10,21.5,16,16,14,38,35,30,27,9,11,9,11,54,47,26,21,28,29
19,{C3143A12-95C5-434E-A174-05E3A93C6CB4},2019,2023,1,P,800,351,84,59,56,21,59,21,33,15,42,26,91,158,144,59,99,40,69,32,43,29,50,19,24,12,6,4,38.7,8.1,219,72,581,292,562,293,87,24,80,23,800,351,368,187,432,177
22,{EADA3236-1E4C-4F64-8A35-0630C3D630AE},2019,2023,1,P,56,44,3,5,9,7,4,5,10,11,6,7,4,5,7,11,6,7,4,5,0,10,0,10,0,10,3,5,20.5,5.6,16,15,40,32,26,19,3,5,3,5,56,44,27,21,29,25
23,{1D96F2EA-F1A3-4CC9-868D-090FD22E1CD6},2019,2023,1,P,0,10,0,10,0,10,0,10,0,10,0,10,0,10,0,10,0,10,0,10,0,10,0,10,0,10,0,10,,,0,10,0,10,0,10,0,10,0,10,0,10,0,10,0,10
25,{23F7C06A-DD1B-40D8-854F-09BE816DD5EB},2019,2023,1,P,5,6,0,10,0,10,0,10,0,10,2,3,0,10,0,10,0,10,0,10,3,4,0,10,0,10,0,10,61.3,35.8,0,10,5,6,3,4,1,3,0,10,5,6,5,6,0,10
28,{5736B8FC-BE6B-44A6-8A67-0A66F497EDC5},2019,2023,1,P,1728,222,0,10,0,10,32,54,83,63,123,77,239,112,401,125,375,228,148,56,168,65,86,59,73,64,0,10,44.2,5.8,99,93,1629,185,1605,176,281,95,159,73,1728,222,1492,147,236,130
29,{70C8E48C-BFDB-49A3-ABA9-0B244839932A},2019,2023,1,P,5861,1035,225,134,322,200,334,223,595,250,478,299,340,183,905,354,980,347,423,246,595,384,470,166,159,106,35,45,41.7,5.1,1186,417,4675,881,4317,809,1123,430,664,216,5861,1035,2866,559,2995,608
33,{E5B6208B-DD7F-4DBA-951C-0C5D616E79BF},2019,2023,1,P,31969,,1586,47,1968,201,1850,159,2060,190,1607,165,4542,139,4847,152,4145,138,2077,206,2447,232,3296,138,1406,135,138,65,39.8,0.6,6497,76,25472,76,24125,227,6474,271,4840,134,31969,,16350,145,15619,145
34,{E5B6208B-DD7F-4DBA-951C-0C5D616E79BF},2019,2023,1,C,31969,,1586,47,1968,201,1850,159,2060,190,1607,165,4542,139,4847,152,4145,138,2077,206,2447,232,3296,138,1406,135,138,65,39.8,0.6,6497,76,25472,76,24125,227,6474,271,4840,134,31969,,16350,145,15619,145
35,{42EFB0E5-DFC0-4003-A9E2-0CA2A1F23F56},2019,2023,1,P,30,31,0,10,0,10,0,10,0,10,0,10,0,10,0,10,0,10,0,10,8,12,22,24,0,10,0,10,71,2.7,0,10,30,31,30,31,30,31,22,24,30,31,15,16,15,15
38,{70F9D3F0-0A22-421F-B1A4-0FF83845DECA},2019,2023,1,P,68,31,8,8,5,5,10,10,0,10,6,6,8,8,1,3,5,9,9,10,2,3,14,10,0,10,0,10,32,45.6,23,20,45,24,44,22,16,11,14,10,68,31,32,18,36,16
39,{BCCD0BE5-1002-4368-A664-108C425C91DD},2019,2023,1,P,1146,164,27,11,22,9,45,15,42,15,92,43,171,156,109,42,248,147,128,48,91,33,109,44,62,20,0,10,46.8,4.6,124,31,1022,159,1010,160,186,47,171,46,1146,164,683,162,463,78
42,{03C93982-6D21-4D8C-B2D5-1090F45A812A},2019,2023,1,P,700,106,81,25,59,18,113,26,54,15,63,22,106,30,42,14,61,19,27,19,36,16,32,16,14,10,12,9,23.7,1.5,289,58,411,65,381,61,74,20,58,20,700,106,407,76,293,47
43,{6B0D4814-B112-41E9-8F10-11A29507E7CA},2019,2023,1,P,147,80,0,10,25,20,0,10,0,10,0,10,0,10,0,10,0,10,42,37,17,19,63,55,0,10,0,10,63.4,13.6,25,20,122,69,122,69,80,58,63,55,147,80,107,50,40,35
46,{EC16CE1C-0D9C-429D-A6DE-133FCC9D3FF9},2019,2023,1,P,294,124,12,18,12,17,12,21,10,17,43,37,33,34,31,27,24,19,10,14,22,21,63,29,18,18,4,7,42.5,18.7,46,45,248,94,248,94,98,36,85,36,294,124,166,73,128,61
47,{67C5F12A-3F7F-4EAB-88E0-136D880F8DD0},2019,2023,1,P,461,109,60,23,46,23,41,18,33,18,52,25,58,25,38,18,37,16,31,15,30,15,14,10,14,12,7,8,24.9,3.1,168,56,293,66,268,62,53,20,35,17,461,109,209,58,252,70
50,{2AAC0BD8-1ED0-49FE-B5DA-1371DF532197},2019,2023,1,P,405,112,55,24,52,24,20,9,43,20,50,26,78,32,20,14,30,13,29,18,13,10,12,10,3,4,0,10,23.7,1.9,150,52,255,74,227,69,21,14,15,12,405,112,225,65,180,54
51,{0250F433-FD97-4CC6-8D40-1385C394201D},2019,2023,1,P,61,30,6,5,7,6,8,7,3,4,9,8,10,8,4,5,10,9,0,10,2,3,2,3,0,10,0,10,23.5,5.6,24,17,37,20,35,20,2,3,2,3,61,30,30,16,31,18
54,{3AC29D09-E0DD-4840-9E31-13F575B4BFF4},2019,2023,1,P,527,148,55,32,60,29,27,21,22,18,61,72,72,107,48,27,51,36,11,11,18,12,78,31,19,12,5,7,31.5,5,164,59,363,128,363,128,117,35,102,34,527,148,223,120,304,82
55,{7B1302D1-C2B4-402C-8C43-141B93681692},2019,2023,1,P,6313,49,555,126,569,137,445,122,430,100,500,121,1079,223,773,148,639,204,501,104,348,108,335,95,61,45,78,89,30.9,3.8,1861,225,4452,232,4230,217,678,124,474,102,6313,49,3509,354,2804,347
57,{A3641C8B-440A-4FFF-AFC3-1602263D4212},2019,2023,1,P,102,72,4,7,0,10,9,8,0,10,37,56,10,16,10,9,0,10,0,10,4,5,28,27,0,10,0,10,25.1,31.2,13,13,89,64,89,64,32,26,28,27,102,72,60,41,42,38
60,{6882E91E-F23E-4649-BC1E-168B1173F2E7},2019,2023,1,P,0,10,0,10,0,10,0,10,0,10,0,10,0,10,0,10,0,10,0,10,0,10,0,10,0,10,0,10,,,0,10,0,10,0,10,0,10,0,10,0,10,0,10,0,10
61,{84B4826F-176E-4EF4-B844-179B36558677},2019,2023,1,P,6132,544,506,155,336,142,360,108,560,142,481,135,991,246,760,156,741,136,396,127,307,119,533,111,140,54,21,22,33,3.4,1548,295,4584,342,4284,337,911,139,694,123,6132,544,3014,318,3118,368
64,{5FBF89C8-6F1F-4610-B81F-18286B0993C8},2019,2023,1,P,31,23,2,3,0,10,2,4,5,7,0,10,1,2,5,8,0,10,4,5,6,6,6,5,0,10,0,10,55.1,35.1,6,11,25,15,22,13,12,10,6,5,31,23,12,8,19,17
65,{258C640B-3DF8-425C-8445-188CD6A6A660},2019,2023,1,P,40,37,4,5,0,10,3,5,4,6,2,5,6,8,8,8,0,10,0,10,0,10,9,11,4,6,0,10,38.3,8.9,11,15,29,25,29,25,13,12,13,12,40,37,21,17,19,22
67,{FBDAD97E-3A9C-4408-A295-197720B2C16C},2019,2023,1,S,733971,,47825,167,51775,1111,49878,1110,46494,880,50096,608,114236,796,101517,670,84268,625,44192,1517,45875,1509,65956,462,25349,532,6510,488,35.6,0.1,178458,228,555513,228,528252,908,124442,1422,97815,432,733971,,385319,512,348652,512
69,{88A2EC6A-4FB2-4D64-9FA0-19C13D5A37FB},2019,2023,1,P,22,17,0,10,0,10,0,10,1,2,1,4,1,3,11,10,0,10,0,10,0,10,7,8,1,3,0,10,43.6,10.5,0,10,22,17,20,15,8,9,8,9,22,17,9,10,13,11
71,{D7CCEBD6-7236-44C6-9E78-19F98183CFFC},2019,2023,1,P,4448,18,336,132,407,170,216,89,309,211,166,91,816,161,450,156,537,170,252,137,189,119,406,99,220,100,144,73,34.2,5,1137,180,3311,179,3178,207,834,175,770,160,4448,18,1992,162,2456,163
74,{A9A591D6-DAB0-4694-9B95-1A56A7F5914D},2019,2023,1,P,89,27,4,5,2,4,4,3,0,10,1,2,26,24,6,6,12,10,7,6,12,8,5,5,6,6,4,4,49.8,28.4,10,10,79,26,79,26,21,12,15,10,89,27,45,22,44,18
75,{587C69F7-2A28-4CEE-BA2C-1A7F7DCCBED1},2019,2023,1,P,2106,,137,30,124,38,106,27,103,31,121,53,290,57,187,49,256,58,132,47,147,48,288,55,193,40,22,17,44.3,4.5,433,64,1673,64,1620,68,590,77,503,75,2106,,1083,76,1023,76
76,{587C69F7-2A28-4CEE-BA2C-1A7F7DCCBED1},2019,2023,1,C,2106,,137,30,124,38,106,27,103,31,121,53,290,57,187,49,256,58,132,47,147,48,288,55,193,40,22,17,44.3,4.5,433,64,1673,64,1620,68,590,77,503,75,2106,,1083,76,1023,76
80,{16F1264E-DF67-4828-9E72-1AB821AB3F99},2019,2023,1,P,595,210,56,26,72,46,88,47,63,40,26,18,58,32,85,45,62,33,30,16,24,12,18,17,13,9,0,10,22.2,8.7,261,119,334,101,316,91,43,20,31,17,595,210,298,112,297,104
81,{C20E1D6B-1DBC-4F69-B3F3-1AEC09EDDD83},2019,2023,1,P,2291,262,65,31,117,37,133,52,104,41,63,36,173,55,284,68,354,135,198,57,195,52,397,78,168,45,40,19,51.4,1.6,391,99,1900,220,1866,211,701,93,605,86,2291,262,1254,152,1037,134
83,{9A5F6C32-F2B9-425E-86F6-1C856BB6FFA8},2019,2023,1,P,79,89,0,10,0,10,0,10,5,11,0,10,49,82,0,10,0,10,0,10,19,27,0,10,6,11,0,10,26.5,49.4,0,10,79,89,74,86,25,28,6,11,79,89,48,53,31,39
85,{B5ACCECA-F853-4F79-AD96-1CCA33463183},2019,2023,1,C,95555,,6778,76,6735,583,6085,589,5652,522,9098,470,17015,399,12799,349,9776,378,4923,558,5009,546,8024,214,3024,247,637,209,32.4,0.3,22878,,72677,,68651,854,14682,559,11685,222,95555,,51899,310,43656,310
88,{3D32B916-2AAC-4B36-A357-1CCB20E08A73},2019,2023,1,C,3394,,154,34,181,33,218,51,168,54,207,144,322,85,420,98,415,92,295,76,268,64,491,83,212,69,43,23,45.7,3.4,652,89,2742,89,2613,109,942,117,746,103,3394,,1696,122,1698,122
89,{3D00FF95-7311-402B-9DD4-1CE3321F245E},2019,2023,1,C,59843,,3385,73,3645,327,3957,341,3584,81,2820,129,7697,187,7486,132,7050,127,3759,368,4882,361,7728,68,2906,187,944,182,41.5,0.5,13289,36,46554,36,44709,168,14290,314,11578,66,59843,,31250,107,28593,107
92,{98D5F010-433A-452A-8E40-1DC756B3B809},2019,2023,1,P,103,63,9,9,13,13,14,13,0,10,0,10,33,38,23,19,2,6,5,8,0,10,4,7,0,10,0,10,29.9,6.5,36,26,67,47,67,47,4,7,4,7,103,63,57,40,46,29
93,{BC2CDE0E-83BC-4AC5-8095-1EB202D71049},2019,2023,1,P,16,24,0,10,0,10,0,10,0,10,0,10,0,10,0,10,0,10,0,10,0,10,16,24,0,10,0,10,,,0,10,16,24,16,24,16,24,16,24,16,24,8,12,8,12
95,{CD260976-029D-40A9-8CC4-1ECF3F63EEFC},2019,2023,1,P,2663,531,304,134,367,157,235,118,70,51,149,126,679,206,430,208,110,47,70,43,43,40,163,64,32,39,11,13,29.2,1.6,967,283,1696,323,1673,318,216,71,206,69,2663,531,1550,365,1113,254
98,{E53D762F-9715-4E78-AE62-1FFB0D35EC03},2019,2023,1,P,616,461,71,26,60,23,45,22,68,23,34,24,209,439,36,17,31,17,24,14,14,12,15,10,9,7,0,10,27.8,10.7,214,67,402,443,367,444,31,15,24,14,616,461,241,63,375,459
99,{338A7ACA-098D-4B9F-A871-233477997E11},2019,2023,1,P,0,10,0,10,0,10,0,10,0,10,0,10,0,10,0,10,0,10,0,10,0,10,0,10,0,10,0,10,,,0,10,0,10,0,10,0,10,0,10,0,10,0,10,0,10
101,{7ED5387A-A8FC-42E5-B364-246EE5926A4D},2019,2023,1,C,5730,,299,15,367,35,337,37,355,36,274,32,637,25,656,17,688,18,509,58,444,54,834,27,265,24,65,24,43.7,0.7,1225,13,4505,13,4311,39,1426,53,1164,26,5730,,3169,32,2561,32
104,{C8495E9B-FA1E-4A9D-90EA-248D8DB63522},2019,2023,1,P,1338,185,89,37,67,30,139,70,44,23,94,51,160,72,156,52,134,43,113,39,78,29,198,41,51,20,15,12,40.5,4.7,336,93,1002,132,965,129,311,53,264,47,1338,185,653,103,685,104
105,{08E18522-8DAC-4DFC-975E-26751FE81958},2019,2023,1,P,2084,241,183,33,190,51,165,36,131,38,135,35,347,115,263,272,151,111,115,87,217,288,140,103,33,18,14,9,31.3,3.8,618,66,1466,222,1405,224,348,253,187,109,2084,241,1016,180,1068,220
108,{DD04D244-B150-4D0C-83D9-26AAE567CC97},2019,2023,1,P,171,47,18,12,9,7,20,13,12,7,2,4,16,21,35,17,10,8,8,8,18,15,7,8,13,10,3,3,36.4,7.8,58,29,113,26,112,25,29,17,23,14,171,47,93,32,78,24
109,{60E92328-3CA2-4968-A065-270130CCEE76},2019,2023,1,P,1769,298,87,45,114,69,118,86,106,60,16,18,133,65,250,92,260,94,114,49,169,64,266,84,113,45,23,21,46.7,4.6,399,178,1370,180,1344,174,493,109,402,99,1769,298,920,163,849,171
112,{729C1584-C0E2-49D1-B9B4-275E3D55B9D1},2019,2023,1,P,68,29,2,3,6,6,8,6,13,9,3,4,5,7,10,8,6,6,4,4,7,7,0,10,0,10,4,5,28,16.5,19,13,49,20,39,19,11,9,4,5,68,29,24,14,44,18
113,{6202BDF2-C7DB-4E68-839D-27ED74C85EA2},2019,2023,1,P,0,10,0,10,0,10,0,10,0,10,0,10,0,10,0,10,0,10,0,10,0,10,0,10,0,10,0,10,,,0,10,0,10,0,10,0,10,0,10,0,10,0,10,0,10
116,{AED9D55C-5519-4DA0-A4A7-28349D8498CD},2019,2023,1,P,85,45,7,5,8,9,8,8,5,5,27,29,3,4,6,7,6,5,3,8,2,3,5,5,5,7,0,10,24.3,0.8,26,18,59,36,56,35,12,7,10,7,85,45,34,17,51,35
117,{929B664D-4B19-44FF-A034-299BEAC5D45E},2019,2023,1,P,9738,715,668,164,732,138,843,167,662,185,646,183,1374,242,1532,250,1147,220,625,158,607,158,585,141,282,101,35,26,34.6,2.3,2637,315,7101,515,6676,468,1313,221,902,169,9738,715,5066,461,4672,356
120,{BCB15849-7466-46EB-920C-2A9FAE9E93C5},2019,2023,1,P,3346,49,154,34,181,33,218,51,168,54,190,147,322,85,420,98,415,92,281,76,258,61,486,84,210,69,43,23,45.5,3.4,652,89,2694,103,2565,113,925,115,739,103,3346,49,1682,125,1664,120
121,{9B99FA70-E5CE-4C65-94D1-2ABCA3426E73},2019,2023,1,P,16,22,0,10,0,10,0,10,0,10,0,10,8,20,0,10,0,10,0,10,0,10,8,18,0,10,0,10,,,0,10,16,22,16,22,8,18,8,18,16,22,8,18,8,20
124,{406CA174-D318-4E54-BB1E-2B47EE0719E4},2019,2023,1,P,0,10,0,10,0,10,0,10,0,10,0,10,0,10,0,10,0,10,0,10,0,10,0,10,0,10,0,10,,,0,10,0,10,0,10,0,10,0,10,0,10,0,10,0,10
125,{CB8D5160-2521-4803-9207-2BBA48832C17},2019,2023,1,P,404,266,0,10,0,10,46,71,0,10,104,134,0,10,87,135,39,45,0,10,27,41,101,70,0,10,0,10,44.2,16.9,46,71,358,214,358,214,101,70,101,70,404,266,204,130,200,153
127,{9A6475BE-BEC0-49DA-8979-2C6E5FFF39CB},2019,2023,1,P,1166,238,177,63,155,66,171,50,101,43,89,34,146,49,94,48,107,43,41,17,38,14,32,16,15,12,0,10,18.6,2.5,567,146,599,109,557,103,65,26,47,20,1166,238,621,128,545,131
129,{74696C73-F1AA-4DBA-8D8F-2D4FFAEFCC7E},2019,2023,1,P,214,139,0,10,16,17,35,26,4,5,0,10,81,107,22,23,14,20,10,15,0,10,15,16,0,10,17,25,32.1,5.3,55,39,159,118,159,118,32,30,32,30,214,139,124,82,90,75
132,{15846556-C6AB-448D-B51D-2DE0E8727969},2019,2023,1,P,1693,212,75,36,71,27,95,41,113,38,94,51,246,73,174,48,245,56,126,35,174,46,211,61,61,30,8,9,42.4,7.8,313,75,1380,177,1318,171,366,75,280,66,1693,212,1010,156,683,91
133,{81BDA0B4-0CF3-41FD-B749-2E3923D9E10F},2019,2023,1,P,58,32,0,10,0,10,0,10,0,10,0,10,0,10,0,10,10,12,0,10,25,30,9,13,14,14,0,10,63.8,10,0,10,58,32,58,32,48,33,23,24,58,32,34,29,24,20
136,{50BD3072-1166-4F66-BB42-2E68C28DE654},2019,2023,1,P,232,56,36,22,35,17,24,12,23,12,17,11,30,14,23,13,14,10,11,7,14,10,3,5,2,4,0,10,19.6,3.8,102,41,130,31,107,25,12,12,5,8,232,56,127,32,105,29
137,{18EF53D7-2321-4285-A7D2-2F20CC22AEE6},2019,2023,1,P,4656,523,290,174,376,125,427,181,225,128,180,135,632,197,652,177,272,120,271,123,347,120,576,153,341,131,67,59,37.1,2.9,1269,368,3387,366,3338,332,1222,226,984,215,4656,523,2478,297,2178,315
139,{CBAA2CFE-4E76-4196-AD94-319FF272CF9A},2019,2023,1,C,878,76,64,20,36,17,28,11,22,10,32,21,213,106,89,31,97,56,54,17,122,57,71,32,43,14,7,5,39.3,11.8,146,37,732,59,727,59,149,37,121,33,878,76,536,46,342,51
141,{53719238-336A-4B67-82E2-32339DE9CD8E},2019,2023,1,P,106,72,0,10,0,10,24,23,16,15,0,10,0,10,17,22,34,27,0,10,0,10,15,23,0,10,0,10,39.8,9.7,40,38,66,49,66,49,15,23,15,23,106,72,40,32,66,45
143,{1F2FC561-C032-423A-85B7-32591979EA75},2019,2023,1,C,5271,,356,24,391,42,436,43,252,36,357,71,695,63,634,48,553,56,403,67,324,45,580,53,231,21,59,16,37.3,0.4,1397,18,3874,18,3825,51,1075,66,870,50,5271,,2810,41,2461,41
146,{6E6F335B-34AD-45BE-A9A8-3351C21F50A9},2019,2023,1,C,2626,,180,55,191,43,209,47,131,33,74,46,219,74,280,82,330,79,209,78,226,70,387,79,166,73,24,16,45.5,5.1,685,82,1941,82,1885,89,709,112,577,102,2626,,1330,87,1296,87
147,{6C3B7B41-3AE1-40AB-AA91-33A20E34131E},2019,2023,1,P,54,31,6,6,5,4,7,6,4,5,0,10,5,9,6,6,5,6,3,5,1,2,10,9,2,4,0,10,35,11.6,20,11,34,25,32,22,13,10,12,9,54,31,33,18,21,16
150,{0C233779-E987-4620-A2DB-33C5FF299964},2019,2023,1,P,466,149,42,16,36,14,49,15,40,17,26,10,78,40,35,20,90,136,17,11,6,7,32,16,12,8,3,4,30,7.5,150,37,316,138,293,136,51,16,47,18,466,149,280,134,186,40
151,{3F03290E-B081-4B92-9E0F-33F6E0CD513B},2019,2023,1,P,7,10,0,10,0,10,0,10,0,10,0,10,0,10,0,10,0,10,0,10,0,10,5,8,2,4,0,10,71.5,9.8,0,10,7,10,7,10,7,10,7,10,7,10,4,5,3,6
153,{4BAA8104-672E-401E-88E8-341E10A478B8},2019,2023,1,P,13,18,0,10,0,10,0,10,0,10,0,10,0,10,0,10,0,10,0,10,0,10,13,18,0,10,0,10,,,0,10,13,18,13,18,13,18,13,18,13,18,6,10,7,9
155,{2DB58EF7-4C06-407F-9B11-35502BBDB0CC},2019,2023,1,P,8994,744,425,128,758,160,675,173,571,154,732,183,1031,248,1218,170,1107,182,685,120,627,124,835,127,314,85,16,17,37.9,2.9,2230,330,6764,526,6367,488,1538,176,1165,147,8994,744,4858,468,4136,361
158,{2F8EE675-06A4-4B7A-9275-369FEB17B896},2019,2023,1,P,426,98,51,20,43,17,68,26,29,15,30,17,81,30,16,12,28,16,30,15,18,10,22,13,10,10,0,10,23.3,3.1,178,44,248,59,228,55,41,19,32,16,426,98,223,58,203,53
159,{C99D0CCC-0034-4A9E-8A97-37B371CDC3CF},2019,2023,1,P,18,13,0,10,0,10,2,3,0,10,5,7,1,4,5,6,0,10,2,3,0,10,3,4,0,10,0,10,44.2,27.3,2,3,16,12,16,12,3,4,3,4,18,13,12,12,6,5
161,{C8F22DE3-2D24-49CD-A867-3855226D712F},2019,2023,1,P,277,90,37,23,35,16,27,19,32,16,12,11,61,30,23,15,16,12,10,8,6,5,15,13,3,5,0,10,23.2,8.4,120,51,157,48,141,46,19,14,18,14,277,90,163,53,114,45
163,{52520FE3-9874-4E97-BFD4-38DEE36B1FFD},2019,2023,1,P,125,87,9,11,11,13,0,10,0,10,0,10,26,30,35,42,0,10,0,10,28,26,16,18,0,10,0,10,38.1,18.1,20,24,105,75,105,75,34,29,16,18,125,87,31,31,94,70
166,{D18E8CFB-89C1-437A-ADAA-399023E0587C},2019,2023,1,P,205,57,14,9,13,9,33,17,21,13,10,7,14,12,34,17,17,11,13,7,10,6,23,11,3,4,0,10,31.6,10.5,75,30,130,33,121,29,34,10,26,11,205,57,129,38,76,27
167,{A83F4C9F-FA93-4FC6-974A-39BA917BA023},2019,2023,1,P,67,45,0,10,6,6,3,4,11,11,8,8,6,8,7,10,15,13,7,7,0,10,4,5,0,10,0,10,25.9,29.4,16,14,51,34,42,29,4,5,4,5,67,45,37,28,30,22
170,{D95D0788-C59A-4F16-AB72-3A049B1E1AFC},2019,2023,1,P,97,66,0,10,0,10,0,10,0,10,12,15,28,28,0,10,0,10,40,48,9,13,8,11,0,10,0,10,58.2,34.8,0,10,97,66,97,66,17,24,8,11,97,66,60,39,37,29
171,{AFAD8F2B-A3E7-42E7-A5D7-3AC28A5988D4},2019,2023,1,P,83,34,0,10,0,10,0,10,0,10,19,17,5,9,0,10,22,15,9,7,11,8,6,5,11,8,0,10,52.5,3.9,0,10,83,34,83,34,24,14,17,11,83,34,49,23,34,14
174,{52BCEDDA-9254-47D3-9A2A-3B00217A0661},2019,2023,1,P,309,81,25,19,28,18,27,19,15,13,16,19,11,17,24,21,29,18,48,25,21,15,41,21,23,11,1,3,46,12.7,94,43,215,51,212,50,86,32,65,26,309,81,166,49,143,43
176,{2D6814D6-89F0-4625-BF64-3C6A59C5FA97},2019,2023,1,P,799,195,34,21,52,33,40,25,47,28,37,36,80,45,84,43,103,42,57,32,79,37,154,49,32,28,0,10,48.2,8.1,168,77,631,139,603,131,246,69,186,59,799,195,412,107,387,102
177,{049CEFC6-7BD3-4DA4-98C6-3D0DBE9942E3},2019,2023,1,P,136,85,10,9,25,21,16,15,7,10,24,40,18,19,7,8,8,9,9,9,5,6,7,8,0,10,0,10,23.4,4.6,56,43,80,55,78,54,8,8,7,8,136,85,78,54,58,40
180,{69F4E278-CF90-4297-B76E-3E6C8AF33FFF},2019,2023,1,P,4887,816,288,135,428,147,302,169,330,225,125,146,882,473,740,248,566,208,353,191,307,174,294,164,256,227,16,27,36.5,5,1194,294,3693,659,3539,622,711,332,566,289,4887,816,2629,549,2258,416
181,{EF9C5E4E-265E-4453-B87F-401952925FE6},2019,2023,1,C,8277,,1074,27,949,69,953,66,747,11,560,11,1176,4,849,86,671,44,395,54,372,55,390,7,128,9,13,9,23.6,0.4,3459,53,4818,53,4452,52,745,49,531,7,8277,,4431,40,3846,40
184,{10BA1AD9-39AC-440F-BCE9-40BC75DAD436},2019,2023,1,P,787,289,6,9,11,9,0,10,0,10,0,10,89,119,481,460,86,97,91,122,0,10,23,24,0,10,0,10,44.4,3.3,17,15,770,289,770,289,23,24,23,24,787,289,674,327,113,65
185,{9F0EF727-1805-4199-AD1B-40C49AF1B61C},2019,2023,1,P,108,29,4,5,3,8,3,8,0,10,3,6,10,16,2,4,26,36,7,8,30,43,11,12,9,10,0,10,56,19.4,10,18,98,19,98,19,27,17,20,15,108,29,34,25,74,31
188,{E0F2C831-698F-4BCE-8AC1-4162BE7D6DCD},2019,2023,1,P,403,78,56,17,54,18,54,16,40,17,24,14,37,14,74,25,9,11,8,7,21,17,21,13,5,4,0,10,19.4,4.2,195,47,208,46,192,41,42,22,26,14,403,78,222,53,181,39
190,{D9F6FF1F-CC12-41CB-B678-41BBCC900FF9},2019,2023,1,P,109,33,2,3,4,7,7,6,3,5,7,9,17,12,9,8,4,5,19,11,12,8,21,9,2,6,2,3,55.4,37.8,16,15,93,30,92,30,37,14,25,12,109,33,51,19,58,20
191,{E39576F3-5473-4050-AD4E-430B55770A08},2019,2023,1,C,2029,99,79,36,49,25,98,40,76,38,64,50,347,336,623,413,206,108,166,128,45,24,213,63,50,26,13,11,44.1,9,268,73,1761,99,1726,104,300,67,276,64,2029,99,1282,214,747,203
193,{F020D8C7-7FD0-4AFE-85DC-43D1C0A0B5F0},2019,2023,1,P,4430,416,88,20,198,63,138,24,325,97,311,113,849,221,801,172,871,140,459,104,144,57,220,80,24,11,2,3,38.7,2,564,85,3866,395,3643,376,320,92,246,83,4430,416,3035,331,1395,134
196,{01088110-F1CF-4DF6-A7C8-446D20A2B257},2019,2023,1,P,691,165,91,38,93,39,102,28,27,12,49,19,110,48,73,24,31,13,40,23,25,14,40,16,10,11,0,10,22,4.2,307,90,384,90,370,89,59,23,50,20,691,165,345,66,346,116
197,{EDB9EEBA-7A73-42DB-9658-44DA2280EBE3},2019,2023,1,P,872,242,62,28,128,73,97,44,127,48,46,24,117,58,78,34,40,16,59,40,83,40,11,9,24,14,0,10,21.2,6.7,365,136,507,124,438,111,92,44,35,17,872,242,468,132,404,141
199,{F7D03E2F-5588-4343-BE94-44E824B7A836},2019,2023,1,P,50,57,0,10,0,10,0,10,2,3,0,10,11,31,21,37,9,29,5,6,2,3,0,10,0,10,0,10,42.3,12.6,2,3,48,57,48,57,0,10,0,10,50,57,44,56,6,7
202,{644B47A1-3B29-48C4-8EF0-4585B2204F2E},2019,2023,1,P,8136,893,418,196,543,201,635,207,674,179,320,133,874,269,1217,372,1099,207,386,173,662,331,959,215,182,114,167,112,40.6,3.1,2004,470,6132,611,5759,586,1652,277,1308,228,8136,893,4136,505,4000,526
203,{E0D07527-6185-42A6-87A3-465F20FDF512},2019,2023,1,P,180,60,24,23,13,11,9,9,5,5,4,6,12,21,16,15,9,8,10,8,13,10,57,26,4,6,4,7,52,23.2,48,34,132,41,127,40,69,29,65,29,180,60,107,33,73,36
206,{2F86B48B-D348-47DD-ABED-46CE01770ECC},2019,2023,1,P,1472,196,47,30,53,26,140,48,125,48,113,54,115,53,134,49,194,51,111,37,171,49,174,53,75,27,20,16,45.2,5.1,298,83,1174,152,1090,137,328,73,269,62,1472,196,698,97,774,133
207,{31997E44-F3ED-4BD0-87C7-471DA4CF099D},2019,2023,1,P,0,10,0,10,0,10,0,10,0,10,0,10,0,10,0,10,0,10,0,10,0,10,0,10,0,10,0,10,,,0,10,0,10,0,10,0,10,0,10,0,10,0,10,0,10
210,{E98663F6-E635-4427-85F1-48E3042D196E},2019,2023,1,P,201,57,21,13,28,14,12,7,4,5,10,7,30,17,16,8,15,10,8,7,6,11,32,17,14,17,5,6,33.8,5.3,65,29,136,38,130,38,54,26,51,26,201,57,100,35,101,35
211,{5790AC9E-408E-42C0-BDC7-490DB0451EAD},2019,2023,1,P,146,80,0,10,13,12,3,5,6,9,18,23,0,10,39,31,42,42,12,11,6,6,7,9,0,10,0,10,43,8.5,20,17,126,72,124,72,9,9,7,9,146,80,92,71,54,25
214,{CF24E3C4-5B20-4D19-BAA0-498A17870CA8},2019,2023,1,P,318,147,41,42,4,5,14,21,0,10,18,14,63,65,14,13,11,13,27,29,17,20,82,39,23,24,4,5,49.1,34.1,59,62,259,94,259,94,121,47,109,46,318,147,150,73,168,80
215,{0C46910A-CF22-422A-A69E-499EC6219D46},2019,2023,1,P,0,10,0,10,0,10,0,10,0,10,0,10,0,10,0,10,0,10,0,10,0,10,0,10,0,10,0,10,,,0,10,0,10,0,10,0,10,0,10,0,10,0,10,0,10
218,{6F84CE74-EDA0-4424-A080-4A7C0F08E5DF},2019,2023,1,P,229,84,16,9,3,4,32,26,31,20,3,5,26,23,20,10,20,15,26,22,25,16,23,12,1,3,3,4,35.5,9.3,82,46,147,43,146,43,44,17,27,13,229,84,161,60,68,31
219,{9E47F9E2-5A8D-4DD2-96DE-4A9F52F35A57},2019,2023,1,C,6936,,500,26,476,89,516,100,381,48,389,72,868,74,895,81,937,89,405,92,470,110,732,46,259,64,108,55,37.9,1.3,1751,8,5185,8,4990,58,1324,61,1099,21,6936,,3974,85,2962,85
222,{2FD931D4-12DB-45C2-834A-4B4559E54BA5},2019,2023,1,P,629,103,71,21,75,24,75,19,68,18,52,13,115,42,56,19,39,18,20,10,20,12,10,10,25,13,3,5,21.6,2.5,271,55,358,61,322,60,51,19,38,15,629,103,363,69,266,51
223,{A8F5B7D5-CE39-47C3-BAB5-4BA4EDCEF514},2019,2023,1,P,174,57,15,17,3,3,4,6,15,15,0,10,12,11,0,10,11,12,7,8,27,19,43,17,37,19,0,10,62.4,6.2,26,24,148,43,137,38,89,24,80,25,174,57,82,27,92,32
227,{BF799AFC-92DA-47A3-89EF-4BB1B31FDE2B},2019,2023,1,C,506,66,29,16,17,9,6,4,16,13,40,62,61,36,56,31,65,29,35,20,41,19,92,39,38,15,10,7,53.2,14.1,66,25,440,60,430,64,168,44,140,43,506,66,333,53,173,41
228,{BF799AFC-92DA-47A3-89EF-4BB1B31FDE2B},2019,2023,1,P,506,66,29,16,17,9,6,4,16,13,40,62,61,36,56,31,65,29,35,20,41,19,92,39,38,15,10,7,53.2,14.1,66,25,440,60,430,64,168,44,140,43,506,66,333,53,173,41
229,{6969DC3C-BFDA-4D1D-B7F5-4BCBF7C5318A},2019,2023,1,P,17,124,0,10,0,10,0,10,3,8,11,103,0,10,3,20,0,10,0,10,0,10,0,10,0,10,0,10,21.5,8.1,0,10,17,124,11,87,0,10,0,10,17,124,17,124,0,10
232,{95BD0825-5CB3-4695-B177-4D026DA5894C},2019,2023,1,P,491,101,110,30,64,27,49,22,37,14,31,14,68,26,50,26,17,13,10,9,18,10,20,13,14,9,3,4,18.3,3.6,243,62,248,53,228,49,42,19,37,17,491,101,268,58,223,52
234,{9D089209-6790-456D-85A0-4D3282C8B989},2019,2023,1,P,32,15,0,10,3,4,4,4,0,10,1,2,2,4,0,10,2,4,0,10,3,3,14,10,3,4,0,10,70.2,20,7,4,25,14,25,14,17,12,17,12,32,15,13,8,19,12
235,{88062838-37F6-4578-9FDD-4DBF5CACD276},2019,2023,1,P,813,113,83,24,124,22,138,31,53,17,61,21,86,33,94,22,69,21,41,17,17,11,29,13,15,11,3,4,20.7,3.1,384,66,429,60,403,59,56,19,47,18,813,113,474,64,339,66
237,{28ACD99B-0BF6-4373-A5BA-4F063E34485C},2019,2023,1,P,666,118,86,22,87,24,87,25,41,18,35,15,96,23,87,33,43,18,24,12,19,10,55,22,4,4,2,3,24.6,3.4,286,61,380,68,362,65,76,23,61,22,666,118,349,62,317,62
240,{758654AC-720A-4314-AC3E-4F1FC39187C4},2019,2023,1,P,97,45,0,10,3,5,0,10,8,8,3,5,16,16,18,21,7,9,16,13,5,8,12,10,9,9,0,10,51.3,17,11,12,86,41,86,41,26,15,21,12,97,45,47,27,50,29
241,{6825185D-29C7-42DB-A603-4F37EDDF219C},2019,2023,1,C,9925,,858,37,907,81,1058,72,814,42,741,157,1433,165,1241,62,1048,77,540,41,449,39,603,24,188,27,45,20,29.4,1.2,3369,29,6556,29,6141,76,1057,36,836,17,9925,,5189,73,4736,73
244,{E4085300-359F-4509-9843-50524D6A0692},2019,2023,1,P,19,25,0,10,0,10,0,10,0,10,0,10,0,10,0,10,19,25,0,10,0,10,0,10,0,10,0,10,,,0,10,19,25,19,25,0,10,0,10,19,25,11,14,8,11
245,{1A2DC081-51F5-4F8F-AE9B-516B4A83C31C},2019,2023,1,P,0,10,0,10,0,10,0,10,0,10,0,10,0,10,0,10,0,10,0,10,0,10,0,10,0,10,0,10,,,0,10,0,10,0,10,0,10,0,10,0,10,0,10,0,10
248,{887F3239-34EE-4A3A-9B7A-522E212DA730},2019,2023,1,P,38,35,3,5,4,6,6,9,0,10,2,3,7,8,12,12,0,10,4,6,0,10,0,10,0,10,0,10,26,10.5,13,19,25,22,25,22,0,10,0,10,38,35,21,19,17,17
249,{A446B551-74BE-4F56-B131-523C342C41BA},2019,2023,1,P,530,96,64,23,90,28,40,18,40,13,17,10,91,27,52,23,21,11,15,11,31,14,57,21,12,9,0,10,27,2.4,221,59,309,52,296,52,87,25,69,22,530,96,292,54,238,56
251,{2416B7D2-6E1E-47A0-8550-530D41B50117},2019,2023,1,P,571,440,0,10,0,10,27,46,19,33,0,10,102,131,44,75,109,117,19,32,49,63,178,176,24,42,0,10,54.6,14.5,46,78,525,415,525,415,251,204,202,196,571,440,362,293,209,158
254,{D57C95FC-45D5-44E0-B99B-5325C15EBE66},2019,2023,1,P,737,215,13,7,9,7,4,4,4,5,60,43,177,84,203,108,125,71,47,41,56,42,37,25,2,3,0,10,40.4,2.5,28,13,709,215,707,217,46,29,39,26,737,215,563,244,174,60
255,{55DEA83C-221E-4084-B00F-536B59BE5069},2019,2023,1,P,206,173,0,10,0,10,0,10,16,25,0,10,0,10,13,16,68,73,43,62,46,44,20,24,0,10,0,10,59.1,11.7,16,25,190,169,190,169,46,38,20,24,206,173,143,113,63,65
257,{A3F13BA5-7501-4638-B3B8-55A7131B5C17},2019,2023,1,P,3,6,0,10,0,10,0,10,0,10,0,10,0,10,0,10,0,10,0,10,3,6,0,10,0,10,0,10,,,0,10,3,6,3,6,2,3,0,10,3,6,2,3,1,4
260,{99F023D0-9290-48CE-8E68-5683A57192DC},2019,2023,1,P,28,20,2,3,0,10,2,3,2,3,0,10,5,6,3,4,2,3,1,2,3,4,6,6,2,3,0,10,44.5,24.9,6,6,22,16,22,16,8,8,8,8,28,20,10,11,18,13
261,{9177B2E0-91EE-4644-A900-570CEA299846},2019,2023,1,P,211,58,34,17,16,10,30,13,18,8,10,7,25,16,23,9,11,7,7,7,10,7,21,11,6,7,0,10,23.4,7.2,90,35,121,32,108,29,30,12,27,12,211,58,107,29,104,35
264,{0E1213D7-970C-4532-B874-5742D6D4989B},2019,2023,1,P,1781,111,61,38,133,51,165,67,107,38,30,31,98,64,192,84,233,85,116,52,172,67,298,86,152,61,24,18,49.4,8.2,456,137,1325,125,1315,123,547,114,474,106,1781,111,881,115,900,95
265,{86E9E60C-762A-4D26-A7CC-57DC74916D5B},2019,2023,1,P,2735,14,121,102,155,97,232,153,103,68,45,26,502,145,443,151,271,127,112,89,234,132,351,158,42,53,124,77,42.6,6.5,589,236,2146,236,2110,239,678,269,517,202,2735,14,1746,190,989,190
268,{452DEEAD-0063-4786-BCAF-5835043C441F},2019,2023,1,P,773,125,24,20,23,19,51,34,32,20,37,27,29,22,76,35,36,19,56,27,97,32,172,44,108,40,32,26,61.5,4.1,113,48,660,103,637,101,373,80,312,75,773,125,395,76,378,69
269,{DCAD0CFE-6A84-4C8F-9B32-597927D02D3A},2019,2023,1,P,10583,705,617,177,768,164,946,179,859,207,544,149,1407,295,1549,192,1356,190,624,119,630,128,942,187,265,77,76,43,36.4,2.4,2924,326,7659,511,7292,484,1717,216,1283,204,10583,705,5477,409,5106,423
271,{BDF65BBA-7D3D-4EFD-8DC7-59E48EA68082},2019,2023,1,P,297,59,18,11,7,6,26,13,22,10,10,7,42,26,39,21,32,12,8,8,22,12,45,15,20,15,6,6,39.8,7.9,72,24,225,51,219,48,86,28,71,24,297,59,156,36,141,33
274,{8ECE306F-1205-474A-AF5D-5A82326AFDD3},2019,2023,1,P,464,155,45,25,56,29,81,40,31,13,14,20,92,51,51,29,32,41,12,10,25,14,20,18,5,7,0,10,25.7,5,195,84,269,88,246,83,46,26,25,19,464,155,253,99,211,79
275,{8D01840C-135C-49A1-A1FE-5C63881EEF8A},2019,2023,1,P,1008,207,126,33,123,37,83,35,95,28,35,17,112,47,125,117,169,88,42,20,52,25,34,20,12,10,0,10,30.1,9.5,406,89,602,182,572,181,72,30,46,22,1008,207,516,114,492,130
278,{A79A606F-AA69-4994-A5A0-5E8AFE9EBA9A},2019,2023,1,P,139,63,8,7,15,10,20,13,11,9,5,6,41,25,19,12,10,12,3,4,4,5,3,4,0,10,0,10,28.8,3.1,53,29,86,39,83,37,3,4,3,4,139,63,96,46,43,21
279,{ED284F88-6827-4DC4-B028-5F0BFA6CF129},2019,2023,1,P,200,85,23,19,17,15,15,16,6,6,0,10,33,31,19,12,21,18,16,14,9,8,32,23,4,9,5,8,36.4,19.2,61,48,139,48,139,48,50,27,41,25,200,85,106,48,94,47
281,{966F0EEE-4376-4C8B-B1B8-6201D91E3EB4},2019,2023,1,P,0,10,0,10,0,10,0,10,0,10,0,10,0,10,0,10,0,10,0,10,0,10,0,10,0,10,0,10,,,0,10,0,10,0,10,0,10,0,10,0,10,0,10,0,10
284,{1026755E-5B75-45B6-98C8-6284B2D3C08B},2019,2023,1,P,0,10,0,10,0,10,0,10,0,10,0,10,0,10,0,10,0,10,0,10,0,10,0,10,0,10,0,10,,,0,10,0,10,0,10,0,10,0,10,0,10,0,10,0,10
285,{4C04DC5F-DBC0-42D6-BFF7-62C40E838EAA},2019,2023,1,P,95,35,18,9,11,6,14,10,10,6,0,10,11,9,20,11,3,3,3,4,3,5,2,5,0,10,0,10,17.6,2.8,50,23,45,16,42,15,5,7,2,5,95,35,43,19,52,20
288,{F040B0E7-B5F6-47BE-82E0-63A3AC90CEC9},2019,2023,1,C,1308,76,65,24,43,14,49,17,35,15,78,78,218,117,201,77,227,77,67,62,92,60,144,43,80,26,9,8,42.5,4.8,177,39,1131,73,1113,74,283,69,233,53,1308,76,532,108,776,109
290,{F040B0E7-B5F6-47BE-82E0-63A3AC90CEC9},2019,2023,1,P,1212,91,59,22,34,11,49,17,35,15,78,78,214,116,195,75,227,77,67,62,70,50,103,24,76,25,5,6,40.8,4.4,162,36,1050,84,1032,84,232,62,184,36,1212,91,478,109,734,112
291,{9E739177-0E1D-4131-A1AD-63F6A6F5E677},2019,2023,1,P,0,10,0,10,0,10,0,10,0,10,0,10,0,10,0,10,0,10,0,10,0,10,0,10,0,10,0,10,,,0,10,0,10,0,10,0,10,0,10,0,10,0,10,0,10
293,{2F5F6904-B47C-439D-9AC1-64135C4403A6},2019,2023,1,P,598,100,50,20,66,21,27,13,33,15,22,14,75,25,69,24,67,23,43,18,38,18,63,21,40,16,5,4,38,4,166,44,432,71,413,66,141,30,108,26,598,100,301,58,297,54
296,{2DA35656-FC1D-4370-A191-64BB54EB5787},2019,2023,1,C,10891,,636,52,759,130,807,132,778,105,609,118,1786,218,1719,198,1461,213,851,167,627,121,668,145,157,63,33,25,35.2,0.6,2714,127,8177,127,7808,135,1123,164,858,136,10891,,6647,189,4244,189
297,{427130A7-E294-4C77-9945-66799C9AE903},2019,2023,1,P,25,38,0,10,0,10,0,10,0,10,0,10,0,10,0,10,0,10,0,10,0,10,25,38,0,10,0,10,,,0,10,25,38,25,38,25,38,25,38,25,38,13,19,12,19
300,{FAF5958B-8A56-4E28-B3B1-66B772A5A166},2019,2023,1,P,35,18,2,3,0,10,4,5,2,3,2,3,7,6,0,10,3,4,6,6,1,2,3,4,5,7,0,10,52.5,36.3,8,7,27,15,27,15,8,8,8,8,35,18,14,8,21,11
301,{093A0B52-9C15-4F33-8872-681E456A939D},2019,2023,1,P,31,17,5,8,0,10,0,10,3,6,0,10,0,10,3,4,5,6,8,7,7,9,0,10,0,10,0,10,53.8,7.4,8,10,23,12,23,12,4,7,0,10,31,17,17,11,14,13
304,{C4939227-7B0D-42C1-9C0D-69118EE45B96},2019,2023,1,P,7562,23,535,191,490,198,569,153,446,124,590,225,1278,248,954,193,1000,188,471,174,398,139,580,127,218,107,33,32,34.1,2.5,1839,300,5723,301,5424,291,1102,209,831,159,7562,23,3869,264,3693,266
305,{DFE91156-E4B0-4DC7-B3F9-6A61A37FF0D4},2019,2023,1,P,20,17,0,10,0,10,0,10,0,10,0,10,0,10,0,10,0,10,3,7,0,10,3,5,10,10,4,6,76,7.6,0,10,20,17,20,17,17,15,17,15,20,17,11,10,9,11
308,{319107E2-FB9A-474B-8237-6A8CFF382E09},2019,2023,1,P,125,53,16,13,20,14,16,10,8,8,9,9,14,10,17,10,14,10,0,10,2,3,3,7,6,7,0,10,22.1,11.6,57,34,68,27,65,27,11,11,9,11,125,53,72,32,53,28
309,{2C14D0F5-3E1B-4BEC-ABCB-6AEED5368B0C},2019,2023,1,P,174,141,0,10,5,6,9,9,17,15,16,15,96,134,12,16,1,3,6,9,1,4,4,4,2,3,5,6,33.4,12.3,16,13,158,140,143,138,12,8,11,8,174,141,123,137,51,25
312,{962DB38D-BABD-43F0-AF8E-6B3C0964C131},2019,2023,1,P,278,58,20,7,29,13,41,16,41,13,27,14,23,16,29,12,26,11,17,8,10,7,14,9,1,4,0,10,20.9,2.3,113,29,165,37,138,31,22,10,15,9,278,58,167,35,111,33
313,{E49E42CA-BF94-44E1-9650-6B93C551222E},2019,2023,1,P,172,66,0,10,6,8,5,8,4,6,0,10,0,10,7,9,27,22,11,9,17,16,76,40,9,7,10,11,65.3,3.3,15,21,157,57,157,57,108,48,95,42,172,66,96,39,76,38
316,{03A313E3-0987-4B72-8EC9-6C92E01A12A2},2019,2023,1,P,0,10,0,10,0,10,0,10,0,10,0,10,0,10,0,10,0,10,0,10,0,10,0,10,0,10,0,10,,,0,10,0,10,0,10,0,10,0,10,0,10,0,10,0,10
317,{6F43A244-13B0-42B5-92FB-6D2ACE90ED71},2019,2023,1,P,73,46,8,11,0,10,6,12,0,10,0,10,9,13,8,12,0,10,8,11,13,16,21,16,0,10,0,10,55.7,22.4,14,16,59,36,59,36,27,17,21,16,73,46,46,24,27,27
320,{25A4F514-7ADF-4F62-873B-6D2F16141D13},2019,2023,1,P,44,29,0,10,0,10,4,6,0,10,0,10,8,9,4,5,6,9,0,10,17,16,0,10,0,10,5,8,55,24.6,4,6,40,26,40,26,22,18,5,8,44,29,18,16,26,19
321,{AB4874F1-29EA-49F7-9573-6DC9A2C45F81},2019,2023,1,P,2064,316,171,53,190,82,157,69,135,68,89,55,259,111,234,94,295,101,68,58,132,63,187,64,118,63,29,29,36.3,3.6,614,131,1450,230,1369,209,397,94,334,83,2064,316,1019,179,1045,182
324,{07E54FE2-DCBE-4AD4-8894-6E012A80DDB1},2019,2023,1,P,76,70,0,10,0,10,0,10,0,10,0,10,0,10,28,44,0,10,0,10,32,49,16,23,0,10,0,10,62.4,31.4,0,10,76,70,76,70,48,56,16,23,76,70,23,26,53,55
325,{C1B6F29B-4A04-42DE-9F90-6F108C6C13A9},2019,2023,1,P,36,24,1,3,13,13,0,10,0,10,0,10,0,10,13,18,3,4,1,4,0,10,5,5,0,10,0,10,37.6,36.7,14,13,22,18,22,18,5,5,5,5,36,24,22,19,14,12
328,{7102AFBB-6F0A-4C7A-92FF-6F5A6D66AB18},2019,2023,1,P,32242,49,2624,431,2542,467,1859,375,1730,905,4401,979,6751,598,3509,448,2795,530,1284,305,1017,261,2544,456,918,258,268,140,28.6,2.2,7994,942,24248,948,22898,991,4274,601,3730,557,32242,49,17299,1367,14943,1361
329,{179D4B3A-A5AC-43B1-9AE0-6F7B6B7A3CB3},2019,2023,1,P,1338,167,80,22,98,40,104,42,104,33,81,30,131,57,200,54,114,61,136,39,84,26,146,31,48,25,12,10,38.5,4.2,342,73,996,122,946,117,254,42,206,36,1338,167,743,114,595,79
332,{99E9981F-255D-4678-9D2E-704DC07798D6},2019,2023,1,C,8393,,385,20,472,72,495,71,464,96,476,127,1249,98,1187,60,1000,62,460,88,756,87,875,50,400,78,174,71,39.6,0.8,1647,24,6746,24,6541,94,1792,80,1449,38,8393,,4367,51,4026,51
333,{99E9981F-255D-4678-9D2E-704DC07798D6},2019,2023,1,P,8393,,385,20,472,72,495,71,464,96,476,127,1249,98,1187,60,1000,62,460,88,756,87,875,50,400,78,174,71,39.6,0.8,1647,24,6746,24,6541,94,1792,80,1449,38,8393,,4367,51,4026,51
336,{6271DC39-C422-443B-AB71-71A2246047FD},2019,2023,1,P,33,33,8,11,0,10,0,10,0,10,0,10,5,7,0,10,0,10,6,8,0,10,6,9,0,10,8,9,56.6,22.6,8,11,25,23,25,23,14,12,14,12,33,33,19,17,14,19
337,{68670103-A544-40F0-AD9E-7215DEC2434C},2019,2023,1,P,117,72,3,5,0,10,0,10,0,10,8,11,35,42,8,11,14,12,46,42,0,10,0,10,0,10,3,6,50.3,31.8,3,5,114,70,114,70,3,6,3,6,117,72,72,48,45,33
340,{9B8441F9-AEFE-4E1D-BD2C-725FCCBB0299},2019,2023,1,P,153,59,12,9,12,10,15,12,10,9,8,16,27,17,24,17,25,13,2,4,6,5,5,7,7,10,0,10,32.4,8.9,46,25,107,41,104,40,13,13,12,13,153,59,94,40,59,27
341,{06A5691A-049B-426D-85BC-73439735D4DB},2019,2023,1,P,290,74,15,10,21,17,28,17,13,10,6,9,32,19,23,14,23,17,48,25,35,18,28,13,18,11,0,10,50.1,14,73,32,217,55,211,51,60,22,46,17,290,74,150,39,140,46
344,{85E095CB-FA7C-489E-81CF-7471581BE04A},2019,2023,1,P,67,38,7,7,11,8,11,8,0,10,0,10,27,25,1,4,4,4,1,3,1,3,4,5,0,10,0,10,28.9,10,29,21,38,24,38,24,5,6,4,5,67,38,30,22,37,22
345,{43789012-2A4F-4391-8762-748A33755153},2019,2023,1,P,2174,392,112,77,88,66,115,104,129,124,42,50,171,87,238,142,309,129,165,94,298,118,250,103,232,112,25,40,54,5.8,444,203,1730,281,1711,276,614,171,507,144,2174,392,1158,232,1016,241
348,{5CD6634F-015C-4D3A-8F00-755FB6A3D186},2019,2023,1,P,100,58,21,22,12,20,4,7,4,8,8,12,5,7,11,10,7,10,2,3,12,10,12,10,2,4,0,10,31.5,26.8,40,42,60,28,59,27,19,13,14,10,100,58,59,31,41,32
349,{21416EC2-769C-45C8-9643-767865EF7130},2019,2023,1,P,125,64,17,21,8,6,9,8,4,6,17,28,21,20,21,15,8,12,0,10,8,8,10,10,0,10,2,3,26.8,11,38,29,87,47,87,47,18,14,12,10,125,64,85,53,40,20
352,{BF30433A-BCB7-443D-A9C4-767CA6C76820},2019,2023,1,P,26,23,0,10,0,10,0,10,4,5,9,14,0,10,8,8,1,3,0,10,0,10,4,7,0,10,0,10,30.5,26,0,10,26,23,22,19,4,7,4,7,26,23,16,13,10,15
353,{FF9ACB36-15C3-4C3B-831F-7686F69D80ED},2019,2023,1,P,15,22,0,10,0,10,0,10,0,10,0,10,8,17,1,2,0,10,0,10,2,6,4,6,0,10,0,10,28.9,75.6,0,10,15,22,15,22,6,10,4,6,15,22,13,19,2,6
356,{64B2729B-A777-4917-9D20-77822FE68CFE},2019,2023,1,P,147,132,44,48,0,10,0,10,0,10,18,24,0,10,0,10,19,34,66,64,0,10,0,10,0,10,0,10,50.6,34.9,44,48,103,97,103,97,0,10,0,10,147,132,100,97,47,44
357,{3F597174-5CB5-4C16-8F4A-786886325C42},2019,2023,1,P,475,107,35,19,20,16,23,12,41,19,46,23,38,25,22,15,78,36,38,20,51,30,80,55,3,5,0,10,45.4,11.6,103,34,372,92,327,82,116,59,83,55,475,107,236,58,239,61
360,{209A76C3-F9A4-4015-987C-78C5A44BE669},2019,2023,1,P,3046,42,293,47,250,46,268,38,268,34,146,28,516,133,416,81,352,88,124,83,196,85,147,89,50,24,20,17,31,0.9,986,53,2060,52,1946,56,330,105,217,97,3046,42,1520,132,1526,142
361,{FF44E793-74FE-4F17-9EB7-78D774DF5F63},2019,2023,1,P,232,140,27,37,15,22,15,22,23,27,16,23,0,10,45,48,13,20,9,12,9,13,38,36,22,22,0,10,41.4,16.9,80,74,152,79,136,72,69,45,60,42,232,140,123,87,109,67
363,{1A6B04A0-B2D4-4ED2-9956-796E120EA73D},2019,2023,1,P,0,10,0,10,0,10,0,10,0,10,0,10,0,10,0,10,0,10,0,10,0,10,0,10,0,10,0,10,,,0,10,0,10,0,10,0,10,0,10,0,10,0,10,0,10
366,{8DA86262-15AB-46C9-B997-7983A9FF34AB},2019,2023,1,P,202,66,30,17,14,11,20,11,17,13,20,14,32,19,23,19,14,10,16,10,3,4,13,14,0,10,0,10,26,10.7,74,35,128,39,117,37,13,14,13,14,202,66,108,37,94,38
367,{3366F161-F33D-48D6-A9DD-79C2B203D73C},2019,2023,1,P,1506,418,77,59,70,49,116,77,60,42,42,39,201,150,203,105,174,83,127,85,148,65,237,108,51,39,0,10,44.2,9.7,285,144,1221,318,1170,305,375,129,288,119,1506,418,839,235,667,214
370,{67B1D591-0300-4A96-A31C-7A141B8120D2},2019,2023,1,P,221,60,17,8,24,17,41,18,25,13,17,12,31,15,26,17,12,11,5,4,4,4,17,14,2,3,0,10,22.1,5.2,103,36,118,30,111,29,23,14,19,14,221,60,117,40,104,32
371,{878A4A85-1B32-43DD-9856-7A7FE62F6DE6},2019,2023,1,P,2,3,0,10,0,10,0,10,0,10,0,10,1,3,0,10,1,3,0,10,0,10,0,10,0,10,0,10,,,0,10,2,3,2,3,0,10,0,10,2,3,2,3,0,10
373,{3816D857-92C5-45BF-B884-7D2529E878D4},2019,2023,1,P,692,144,87,26,68,21,91,28,72,25,47,24,75,33,85,34,53,22,30,16,32,16,26,11,20,14,6,6,21.6,5.2,293,65,399,94,356,83,62,22,52,18,692,144,339,74,353,79
375,{961296AC-3BF0-47EF-AA6B-7D67C6031EDD},2019,2023,1,P,291,105,5,7,17,11,19,20,19,15,68,47,36,30,43,19,33,20,18,13,27,20,5,4,0,10,1,2,29.6,8.9,52,29,239,92,227,89,21,17,6,5,291,105,182,75,109,45
378,{44BA33DB-984D-44E1-BF2D-7E1A353E586D},2019,2023,1,P,195,39,6,6,9,7,14,12,9,8,8,12,25,23,18,9,14,9,23,12,9,7,47,20,11,8,2,3,53.3,18.1,38,20,157,33,157,33,66,21,60,20,195,39,78,24,117,34
379,{9A9D4747-657F-4044-BB90-7E45B94AB987},2019,2023,1,P,3905,323,233,73,273,72,330,72,217,59,260,103,427,99,489,74,516,109,311,67,263,55,352,62,156,49,78,36,40.1,2.7,1015,137,2890,277,2803,261,741,103,586,85,3905,323,2033,176,1872,187
381,{60E24BB4-83DC-44A8-9CFE-7E855DA6622B},2019,2023,1,P,3,4,0,10,0,10,0,10,0,10,0,10,0,10,0,10,0,10,0,10,0,10,3,4,0,10,0,10,,,0,10,3,4,3,4,3,4,3,4,3,4,0,10,3,4
384,{5B35CAEA-BA8D-4EF3-A4F3-802613A8240F},2019,2023,1,P,0,10,0,10,0,10,0,10,0,10,0,10,0,10,0,10,0,10,0,10,0,10,0,10,0,10,0,10,,,0,10,0,10,0,10,0,10,0,10,0,10,0,10,0,10
385,{F89998A2-A9FA-47B5-9FAB-810B69A3E21F},2019,2023,1,P,202,89,12,18,23,22,55,30,16,14,0,10,8,13,17,20,15,19,13,14,0,10,21,19,10,11,12,15,16.2,33.3,106,51,96,50,96,50,43,27,43,27,202,89,104,58,98,44
387,{DEFFD70D-72D8-4A79-B7DF-81586E965AFF},2019,2023,1,P,354,85,45,19,15,14,9,10,8,6,7,20,80,34,57,26,31,15,23,14,30,16,33,30,14,11,2,4,37,4.4,75,36,279,67,276,67,53,32,49,32,354,85,183,51,171,52
389,{F28EF005-C4A1-4868-9B6A-826AD9633025},2019,2023,1,P,89,32,1,3,3,3,6,6,10,8,0,10,6,9,19,10,12,11,2,3,4,4,16,11,8,7,2,5,44.8,11.8,20,14,69,25,69,25,28,14,26,14,89,32,48,18,41,19
392,{8AB67F75-EAB7-4DEB-8885-83230D155E9C},2019,2023,1,P,788,108,102,32,49,20,84,27,60,23,73,31,127,39,73,29,69,28,51,19,38,19,45,17,12,10,5,7,26.2,2.3,268,56,520,71,478,64,96,29,62,21,788,108,382,65,406,72
394,{3DD78FBE-F02D-4634-B206-835BAF4DDD8E},2019,2023,1,P,646,241,45,41,47,35,78,65,98,62,39,37,47,43,39,38,72,74,63,56,23,35,95,53,0,10,0,10,29.7,18.6,239,124,407,147,378,142,118,60,95,53,646,241,411,159,235,105
395,{5729F5A2-2D55-4611-8C20-838834BEA9AA},2019,2023,1,P,93,68,0,10,11,16,10,13,10,13,0,10,0,10,6,9,11,16,3,8,20,19,22,17,0,10,0,10,47.9,29.7,31,41,62,37,62,37,26,20,22,17,93,68,51,35,42,42
397,{E4853413-2729-4F25-AE7D-845D797872A7},2019,2023,1,P,722,233,65,21,78,21,87,19,55,16,26,13,67,29,58,18,55,21,29,17,146,176,34,14,18,12,4,5,32.4,14.6,274,56,448,201,428,197,199,187,56,22,722,233,340,59,382,194
399,{86CBBCFB-1DC1-4C75-A1A2-84F6C19F0635},2019,2023,1,P,113,50,17,11,15,11,3,4,3,4,5,6,21,14,18,13,14,10,11,8,3,4,3,5,0,10,0,10,32.6,3.8,38,21,75,33,75,33,6,6,3,5,113,50,48,22,65,30
402,{CB929A5F-AF01-4DE3-8855-87193B97F75F},2019,2023,1,P,231,105,19,29,21,31,0,10,0,10,0,10,60,32,3,10,64,33,42,43,0,10,22,32,0,10,0,10,46.3,17.2,40,60,191,85,191,85,22,32,22,32,231,105,89,48,142,68
403,{5A851423-1D34-45BF-9EE7-8765E762667F},2019,2023,1,P,73,25,0,10,0,10,4,7,5,8,0,10,4,7,7,7,6,6,7,9,7,7,22,14,11,10,0,10,64.1,18.2,9,13,64,19,64,19,37,18,33,17,73,25,39,19,34,19
406,{6A1D2CBB-7422-4993-9496-87DE4AB29609},2019,2023,1,P,488,111,50,23,53,24,58,25,48,19,27,15,79,29,38,20,52,19,23,17,27,15,19,14,6,8,8,8,25.9,4.4,189,59,299,65,276,60,39,21,33,20,488,111,252,64,236,59
407,{C94A527A-FE5F-481B-BCAA-88435D1E5189},2019,2023,1,P,20,23,0,10,0,10,0,10,0,10,0,10,0,10,0,10,0,10,0,10,0,10,20,23,0,10,0,10,,,0,10,20,23,20,23,20,23,20,23,20,23,13,20,7,11
410,{4B756DDD-55AC-49E9-AD29-8868DF25D4E3},2019,2023,1,P,1,3,0,10,0,10,0,10,0,10,0,10,0,10,0,10,0,10,0,10,1,3,0,10,0,10,0,10,,,0,10,1,3,1,3,0,10,0,10,1,3,0,10,1,3
411,{EFEF6D9F-D6F7-4657-8942-88A418AFEAD4},2019,2023,1,P,66,38,5,7,3,4,3,4,0,10,0,10,11,11,2,5,3,5,14,15,18,20,7,10,0,10,0,10,56.3,9.6,11,10,55,34,55,34,11,12,7,10,66,38,37,23,29,20
414,{F783848B-F9FA-4D67-B681-88C19008013B},2019,2023,1,P,18,24,0,10,0,10,0,10,0,10,0,10,0,10,0,10,0,10,18,24,0,10,0,10,0,10,0,10,,,0,10,18,24,18,24,0,10,0,10,18,24,0,10,18,24
416,{B93DB68F-0ECD-4E8C-8511-88FA35BB40CF},2019,2023,1,P,605,179,111,78,62,36,73,39,37,22,70,57,97,43,42,24,40,24,23,19,17,13,20,15,8,9,5,7,22.1,4.5,270,111,335,88,315,82,45,25,33,21,605,179,310,90,295,99
417,{95A8CBA5-6323-4734-AA72-89B097FBD56F},2019,2023,1,P,1009,189,97,52,37,33,50,25,73,40,25,28,91,53,71,36,90,41,87,28,134,54,162,48,88,36,4,7,52.7,6.7,218,83,791,141,752,127,338,62,254,57,1009,189,542,112,467,121
420,{B7D914E8-D125-49F0-B374-8AE610E5DBC7},2019,2023,1,P,362,116,18,7,12,8,16,9,48,39,20,62,59,60,26,30,79,73,19,28,19,45,41,16,5,6,0,10,39.3,25,86,43,276,105,265,109,60,45,46,19,362,116,285,89,77,67
421,{BF86DFB1-D998-4FF0-A370-8AF716F5C4BE},2019,2023,1,P,224,50,16,10,23,14,39,15,30,12,15,9,21,10,19,16,15,8,11,10,17,8,13,7,2,3,3,4,21.4,4.2,94,32,130,30,115,28,29,11,18,8,224,50,112,28,112,28
423,{6E142FF4-3A51-4D60-9F7A-8B65E66A9133},2019,2023,1,P,945,226,138,53,115,44,49,24,48,20,79,29,132,52,129,134,51,30,32,17,45,24,115,40,11,9,1,4,28.1,6.5,341,105,604,169,595,170,145,40,127,40,945,226,520,174,425,101
425,{89EB5E58-676F-4DA4-9449-8BD556A1E98C},2019,2023,1,P,91,37,17,13,9,8,12,10,1,2,0,10,20,14,19,11,3,4,5,6,3,4,2,4,0,10,0,10,28.4,17.2,38,25,53,22,52,22,5,7,2,4,91,37,32,15,59,28
428,{72DFDB08-C634-4DC3-BA13-8C7F1E889436},2019,2023,1,P,766,293,62,20,88,25,88,23,89,21,62,17,140,261,70,21,41,17,43,14,17,10,45,15,13,7,8,6,24.5,11.6,297,58,469,279,423,278,74,18,66,19,766,293,431,265,335,61
430,{B94A5304-F56C-49FE-A615-8E72E73F6255},2019,2023,1,P,28,42,0,10,0,10,0,10,0,10,0,10,9,13,8,13,11,16,0,10,0,10,0,10,0,10,0,10,40.6,0.3,0,10,28,42,28,42,0,10,0,10,28,42,19,29,9,13
431,{06C11331-3BBB-4E38-B7C8-8E9706C868E8},2019,2023,1,P,354,134,5,12,38,59,0,10,11,13,10,18,42,46,59,49,58,44,23,22,10,10,80,56,18,24,0,10,46.4,10.3,50,63,304,117,300,116,103,70,98,69,354,134,204,91,150,67
434,{72692AC5-B991-4B3E-A2AD-8EA498D7AF48},2019,2023,1,P,52,35,0,10,8,10,0,10,0,10,4,6,0,10,3,6,9,13,6,7,10,12,4,7,6,5,2,7,58.5,10.3,8,10,44,31,40,31,12,13,12,13,52,35,14,16,38,23
435,{8805779A-5590-497A-82CB-9053953A6555},2019,2023,1,P,9435,48,590,170,768,161,554,120,493,152,598,156,1661,255,1246,238,854,198,480,160,516,145,1004,217,381,143,290,128,35.3,2.1,2251,264,7184,273,6944,266,2007,253,1675,240,9435,48,4810,258,4625,259
439,{41989645-CCA3-466B-9817-909C7EBD3FF1},2019,2023,1,P,289069,,18776,,20339,790,18403,790,17885,498,21171,497,48210,,41120,241,33555,241,16784,989,16890,987,23679,178,9768,392,2489,335,34.9,0.1,68654,,220415,,209556,1326,45864,942,35936,136,289069,,147620,132,141449,132
440,{41989645-CCA3-466B-9817-909C7EBD3FF1},2019,2023,1,C,289069,,18776,,20339,790,18403,790,17885,498,21171,497,48210,,41120,241,33555,241,16784,989,16890,987,23679,178,9768,392,2489,335,34.9,0.1,68654,,220415,,209556,1326,45864,942,35936,136,289069,,147620,132,141449,132
441,{976DFE6D-5070-41D4-B270-90EB077F8A48},2019,2023,1,P,999,191,157,54,125,43,56,17,123,47,40,18,117,34,108,41,123,46,24,14,29,18,57,31,34,15,6,7,24.6,5.2,407,100,592,116,535,101,120,42,97,34,999,191,515,91,484,115
444,{72E9842F-ABE0-4390-9A93-917EDB1CF17B},2019,2023,1,P,3668,56,307,52,243,61,337,95,270,49,276,109,566,157,488,87,505,84,219,53,169,41,195,41,75,29,18,16,31.6,2,1066,115,2602,119,2485,109,372,53,288,46,3668,56,1809,128,1859,138
445,{9F0FE231-3223-4A37-89B8-9182CD7AB22F},2019,2023,1,P,1619,346,130,112,53,44,106,66,153,83,52,54,125,85,198,66,220,70,155,56,174,58,204,59,48,27,1,2,44.6,9.2,394,193,1225,196,1177,183,359,84,253,71,1619,346,790,164,829,239
447,{DDC4A50C-4C3E-4DEF-B660-9185BACAD8C5},2019,2023,1,P,151,59,2,5,8,7,5,5,2,6,19,21,4,6,19,15,11,11,22,16,23,20,22,15,7,9,7,7,56.4,7.7,17,15,134,51,129,49,55,27,36,21,151,59,76,32,75,37
450,{2B076D8C-6D9B-439C-90F1-92FEAE651E60},2019,2023,1,P,1360,476,55,79,26,39,159,129,120,103,0,10,210,146,116,99,252,195,104,97,184,120,134,120,0,10,0,10,44.9,9.7,360,208,1000,333,1000,333,271,181,134,120,1360,476,735,297,625,243
451,{138A74FA-943C-4AC3-B538-9484C09C2AD1},2019,2023,1,P,94,51,7,10,11,14,13,16,4,10,3,6,8,12,3,5,11,13,5,6,5,5,21,23,3,4,0,10,36.3,28.1,31,25,63,34,59,31,26,24,24,24,94,51,54,31,40,28
454,{95F04BB3-8B3B-4FFF-841A-95C8338ED9C6},2019,2023,1,P,284,108,31,24,9,8,35,24,23,22,8,13,12,14,41,47,30,24,20,16,25,15,35,21,15,9,0,10,39.7,10.7,97,64,187,70,185,70,69,27,50,23,284,108,149,72,135,48
455,{3087F3EA-5475-4180-9982-992F736DFD19},2019,2023,1,P,14,11,0,10,0,10,0,10,0,10,0,10,0,10,0,10,0,10,2,5,3,4,4,5,5,8,0,10,72.3,16.6,0,10,14,11,14,11,12,11,9,10,14,11,8,9,6,6
458,{19994FB4-B48F-4B91-B7EA-9D86BD4F52BD},2019,2023,1,P,354,77,13,15,13,12,20,11,16,11,23,20,39,20,33,18,59,32,15,10,29,15,46,21,46,24,2,4,48.4,4.4,52,24,302,68,292,67,108,34,94,32,354,77,202,60,152,39
459,{57519FBB-A615-4BD0-A451-9E4C5B1C2E43},2019,2023,1,P,173,63,13,15,14,15,12,11,15,13,29,25,12,13,30,29,14,12,7,11,13,12,11,11,2,3,1,3,32.6,18.4,49,34,124,55,119,51,18,14,14,13,173,63,107,47,66,31
462,{99E4149C-E691-4714-88EC-9EDCEF72C195},2019,2023,1,P,94,43,0,10,0,10,0,10,3,5,0,10,4,6,9,14,4,5,7,8,11,19,35,20,20,14,1,2,70.8,8.3,3,5,91,42,91,42,56,28,56,28,94,43,59,30,35,19
463,{5A7529F3-5CC9-423D-AF30-9EE44F9D5E43},2019,2023,1,P,26,20,0,10,3,5,1,2,0,10,0,10,0,10,7,10,3,5,4,5,3,4,3,4,2,3,0,10,46.7,24.1,4,6,22,16,22,16,8,8,5,7,26,20,17,13,9,9
466,{EA2C7BBD-7821-4F3C-9291-9F797D30FF7B},2019,2023,1,P,13,19,0,10,0,10,0,10,0,10,0,10,0,10,0,10,0,10,0,10,0,10,0,10,13,19,0,10,,,0,10,13,19,13,19,13,19,13,19,13,19,6,10,7,10
467,{55AFA1A4-5677-44A5-A22C-9F9D370747CE},2019,2023,1,P,59,49,6,5,0,10,5,6,6,5,0,10,13,25,14,17,1,2,0,10,4,5,10,14,0,10,0,10,34.5,11.3,15,9,44,46,42,43,12,16,10,14,59,49,30,17,29,35
470,{2697EF3A-7387-4208-B455-A046543D1AA7},2019,2023,1,P,4850,46,279,89,453,127,502,139,522,106,363,107,576,154,599,136,497,199,305,101,280,134,364,111,110,86,0,10,30.7,3.7,1555,151,3295,146,3034,159,572,150,474,100,4850,46,2496,218,2354,218
472,{1210EAEB-20DF-40DD-8BAB-A09C48AE9887},2019,2023,1,P,300,52,0,10,0,10,0,10,0,10,37,81,122,150,0,10,52,104,89,75,0,10,0,10,0,10,0,10,33.8,44,0,10,300,52,300,52,0,10,0,10,300,52,234,162,66,153
473,{3EC46053-F188-4C9A-B758-A0D57EF8F834},2019,2023,1,P,997,306,26,23,127,75,125,80,74,51,15,24,46,44,191,83,194,97,38,33,62,62,95,71,3,4,1,3,41.3,3.8,352,174,645,177,645,177,131,78,99,71,997,306,491,163,506,181
476,{3DF92237-DB7B-4CEB-88DE-A1481F4072AD},2019,2023,1,P,693,156,61,18,78,20,50,14,61,19,55,18,109,59,68,30,55,16,45,15,22,11,71,89,18,19,0,10,28.1,4.4,229,43,464,138,438,135,96,92,89,93,693,156,341,75,352,104
477,{BDF957A0-FB1E-48AC-835A-A24FB2DFE444},2019,2023,1,P,3911,14,221,77,209,57,293,88,210,102,204,119,617,146,668,108,496,96,264,121,337,142,267,101,81,45,44,30,39.3,3.7,829,142,3082,142,2945,139,583,159,392,116,3911,14,2192,135,1719,136
480,{D72A5701-11AB-4596-AA0D-A2881CCB42B1},2019,2023,1,P,5,6,0,10,0,10,0,10,0,10,0,10,3,5,0,10,0,10,0,10,0,10,0,10,2,3,0,10,,,0,10,5,6,5,6,2,3,2,3,5,6,5,6,0,10
481,{0A72A6CB-FAC9-4A65-9C48-A47E796CCA85},2019,2023,1,P,11,17,0,10,0,10,0,10,0,10,0,10,0,10,0,10,0,10,4,8,7,11,0,10,0,10,0,10,,,0,10,11,17,11,17,0,10,0,10,11,17,4,8,7,11
483,{A74F371F-C334-4DC3-88A4-A4FCC1B1E8FD},2019,2023,1,P,3133,1094,403,124,666,212,178,97,69,77,545,633,831,317,392,134,25,21,5,10,0,10,0,10,8,12,11,16,21.9,7.3,1263,299,1870,956,1679,738,19,21,19,21,3133,1094,1809,795,1324,391
485,{C36AA39B-6B83-4B74-A7C0-A5500A611AFB},2019,2023,1,P,73,31,5,6,2,3,11,10,8,7,3,4,5,5,12,9,6,6,3,4,6,5,12,7,0,10,0,10,36.2,13.5,24,16,49,21,47,21,12,7,12,7,73,31,38,15,35,20
488,{833744EB-91EC-4A96-AD90-A5E91FAB1250},2019,2023,1,P,262,103,26,17,32,24,32,16,27,14,17,14,41,23,27,18,16,12,17,11,15,9,12,10,0,10,0,10,23.4,6.6,108,54,154,60,145,59,18,11,12,10,262,103,161,67,101,45
489,{0B9370B1-7BCB-4AA4-B8CF-A63AECD907D3},2019,2023,1,P,612,132,72,28,57,28,74,34,57,24,22,13,81,31,108,41,50,21,15,11,30,13,30,23,6,9,10,12,29,6.1,247,81,365,79,345,74,60,32,46,30,612,132,316,70,296,81
492,{961462BD-8155-4FFF-863B-A652CC389066},2019,2023,1,P,464,63,37,13,38,13,36,15,42,15,47,13,85,24,46,16,51,16,23,13,25,10,19,10,13,7,2,3,27.6,1.8,139,33,325,42,294,40,47,18,34,13,464,63,247,35,217,43
493,{803C9DC0-CB68-4FB4-8746-A65C69A5905F},2019,2023,1,P,2940,350,188,73,165,63,183,74,276,84,73,30,330,113,545,122,329,82,193,61,165,46,312,67,158,130,23,15,40.6,2,718,153,2222,254,2098,242,588,126,493,134,2940,350,1477,194,1463,196
496,{E5A46A8B-30C9-4FDF-A19D-A6A96277A26C},2019,2023,1,P,153,84,10,8,4,5,0,10,1,4,38,47,18,22,27,26,13,12,30,30,6,7,6,7,0,10,0,10,35.9,24.4,14,12,139,80,138,78,8,7,6,7,153,84,56,52,97,50
497,{3C0B8851-31F2-4CA0-B3E0-A7DE145D4BB3},2019,2023,1,P,16,11,0,10,2,3,4,4,0,10,0,10,0,10,3,4,3,4,2,3,1,2,1,4,0,10,0,10,41.7,13.1,6,5,10,9,10,9,2,4,1,4,16,11,9,6,7,6
500,{1F684F46-814E-4675-B09B-A8449105B5E9},2019,2023,1,P,249,77,37,13,13,13,35,27,4,5,0,10,17,11,39,27,7,7,28,22,8,7,46,26,15,11,0,10,38.4,8.6,89,38,160,50,160,50,64,31,61,31,249,77,163,53,86,34
501,{B6E9CAAD-60A0-4BA0-9CA6-A849C3DAFC42},2019,2023,1,P,1302,169,185,56,120,32,144,35,116,31,82,32,158,43,147,41,90,30,89,23,44,16,81,28,46,27,0,10,25.4,4.2,539,97,763,99,713,95,149,44,127,41,1302,169,659,98,643,92
504,{FABC6EB5-588F-4AD5-B3AB-A8511EBA408A},2019,2023,1,P,309,64,5,8,27,11,33,14,46,17,25,12,40,22,27,13,25,12,20,11,12,9,25,18,24,17,0,10,31.2,4.1,97,30,212,45,195,43,55,25,49,24,309,64,167,40,142,37
506,{641D75DC-10FB-4C68-9F27-A8720C97B6C0},2019,2023,1,P,583,97,28,15,34,19,56,29,32,15,37,43,38,31,79,34,67,23,31,21,38,19,96,30,30,25,17,11,43.7,5.5,145,48,438,72,433,74,169,37,143,37,583,97,268,56,315,65
507,{E7AB4B30-0C1D-4536-8571-A8835525D851},2019,2023,1,P,1490,256,64,48,115,61,90,89,0,10,51,37,220,103,126,98,257,96,81,46,158,91,225,66,55,40,48,43,48,10.1,269,115,1221,194,1221,194,415,94,328,85,1490,256,766,158,724,146
510,{70E419B7-B871-4400-8F35-A912DC710D65},2019,2023,1,C,6964,,462,61,393,86,468,72,388,132,392,169,1079,126,997,102,772,82,498,125,604,131,670,91,174,49,67,36,38.4,2.5,1528,83,5436,83,5182,140,1288,144,911,111,6964,,3725,111,3239,111
511,{2AA584CB-3B03-4D75-8F91-A995C37D4C4D},2019,2023,1,P,3291,421,176,82,244,76,189,63,215,83,171,76,533,197,419,111,333,81,269,61,285,74,330,80,104,43,23,23,36.9,4.4,734,172,2557,316,2395,293,585,110,457,88,3291,421,1793,266,1498,221
514,{CAEF7CF3-5B35-45C3-9D11-A9E32B99E79B},2019,2023,1,P,1063,107,50,19,55,19,51,19,80,31,56,24,137,33,126,32,151,34,65,26,91,30,153,36,44,15,4,4,42.5,5.5,201,45,862,81,821,81,237,42,201,40,1063,107,571,63,492,65
515,{29D4602C-A471-4961-BBEC-AB22938F5F26},2019,2023,1,P,0,10,0,10,0,10,0,10,0,10,0,10,0,10,0,10,0,10,0,10,0,10,0,10,0,10,0,10,,,0,10,0,10,0,10,0,10,0,10,0,10,0,10,0,10
518,{9CB98028-F75A-4D46-A951-AB787D2CF82E},2019,2023,1,P,565,112,57,25,32,19,43,24,22,15,37,37,91,53,104,39,70,43,31,20,11,9,36,20,31,19,0,10,36.1,7.8,152,49,413,79,411,80,72,28,67,27,565,112,250,73,315,87
519,{8DFCE93A-8EBA-43DF-B553-ABE121D98529},2019,2023,1,P,0,10,0,10,0,10,0,10,0,10,0,10,0,10,0,10,0,10,0,10,0,10,0,10,0,10,0,10,,,0,10,0,10,0,10,0,10,0,10,0,10,0,10,0,10
521,{723F2211-DF24-4A26-B478-AC2F7B43D3AF},2019,2023,1,P,209,55,20,20,0,10,0,10,5,8,9,18,24,24,55,39,3,4,33,28,10,12,29,24,21,18,0,10,41.8,16.5,25,21,184,44,184,44,50,27,50,27,209,55,104,38,105,43
524,{3A2BEA63-41B6-445E-BF20-B04461C94803},2019,2023,1,P,5,2,0,10,0,10,0,10,0,10,0,10,2,3,0,10,2,3,1,5,0,10,0,10,0,10,0,10,47.3,29.5,0,10,5,2,5,2,0,10,0,10,5,2,5,2,0,10
525,{59543E82-DA08-4E48-BAA3-B0E7C0FF4767},2019,2023,1,P,332,92,18,12,44,18,42,17,34,16,24,15,36,20,24,17,65,24,8,8,14,11,16,12,7,7,0,10,25.3,4.2,130,45,202,57,190,55,32,18,23,14,332,92,179,51,153,49
527,{5992D3C6-F615-45B1-BE46-B0FF54252CF2},2019,2023,1,P,993,184,96,24,83,22,75,21,54,17,77,24,141,48,77,39,109,66,66,23,20,11,145,149,38,14,12,8,33.3,6.8,296,49,697,173,669,171,207,147,195,147,993,184,559,175,434,66
530,{D381614D-1B3D-4C01-A916-B139441D4A88},2019,2023,1,P,629,132,104,31,93,33,66,22,32,19,58,29,82,34,47,22,55,17,30,14,10,9,44,18,8,8,0,10,22.6,3.9,292,79,337,71,329,69,62,22,52,19,629,132,295,65,334,78
531,{EE7CEC95-7451-4BA9-B25F-B1C7F2362518},2019,2023,1,C,2077,,61,38,133,51,165,67,107,38,30,31,110,66,192,84,355,82,154,61,213,68,354,100,179,59,24,18,52.4,5.1,456,137,1621,137,1611,137,662,128,557,120,2077,,1051,94,1026,94
533,{ACCCEEDB-EFD5-4240-87ED-B1D77CEB08B8},2019,2023,1,P,288,106,25,13,30,16,50,26,49,24,18,13,53,42,26,18,19,12,10,9,1,4,7,9,0,10,0,10,18,3.1,144,53,144,62,131,58,8,8,7,9,288,106,142,61,146,59
536,{A2CE0B1C-09FD-4927-A2E9-B20CC0109806},2019,2023,1,P,205,49,29,14,22,10,18,8,19,10,14,9,47,19,15,12,18,10,5,5,6,5,10,7,2,4,0,10,28.1,10.3,82,25,123,32,112,30,17,9,12,8,205,49,103,32,102,27
537,{98F61372-E8BA-41BD-8291-B2318BB0C9F0},2019,2023,1,P,5497,17,173,73,316,150,321,129,504,175,448,219,425,124,971,278,614,195,495,147,300,130,582,136,209,102,139,75,40.8,1.9,1057,201,4440,199,4031,176,1096,177,930,151,5497,17,2940,226,2557,227
539,{F6BC6030-25E0-4E0A-BA46-B294A0338BDA},2019,2023,1,P,64,41,8,12,7,10,4,7,5,8,5,8,0,10,6,11,0,10,0,10,12,10,17,22,0,10,0,10,35.5,52.3,19,27,45,32,35,27,21,27,17,22,64,41,55,34,9,13
541,{4957115F-806A-43E5-BBCE-B3E79864940B},2019,2023,1,P,126,81,0,10,0,10,0,10,0,10,0,10,0,10,0,10,8,13,34,47,10,12,61,49,13,14,0,10,71.5,14.4,0,10,126,81,126,81,74,55,74,55,126,81,76,48,50,36
544,{DF841D28-31A1-4978-A650-B56C189E60FD},2019,2023,1,P,306,54,21,10,35,14,27,14,23,11,41,15,47,13,15,8,22,11,12,7,20,9,39,17,4,4,0,10,26.7,4,100,27,206,39,191,37,52,19,43,18,306,54,189,36,117,28
545,{3AAD6031-4B4D-40A2-86B3-B59C6AE4046D},2019,2023,1,P,1076,303,62,66,31,29,71,72,29,31,28,34,261,127,155,97,113,82,86,120,141,86,84,45,13,15,2,3,38.9,8.5,193,137,883,244,883,244,202,100,99,54,1076,303,618,217,458,146
548,{6506427D-91A9-4004-B55F-B5D8AC6ECBEC},2019,2023,1,P,0,10,0,10,0,10,0,10,0,10,0,10,0,10,0,10,0,10,0,10,0,10,0,10,0,10,0,10,,,0,10,0,10,0,10,0,10,0,10,0,10,0,10,0,10
549,{DC7B95CA-114F-4D3E-95BE-B7965D32E2EF},2019,2023,1,P,6776,616,340,128,548,211,299,148,412,220,327,162,696,216,752,226,777,220,334,141,585,204,1135,229,500,155,71,67,45.1,5,1469,373,5307,489,5021,471,1982,292,1706,271,6776,616,3455,351,3321,366
552,{493BC9A8-7869-476D-9319-B88C76EB388A},2019,2023,1,P,89,34,2,4,9,7,8,7,9,7,15,13,4,5,3,4,7,9,2,3,20,11,10,6,0,10,0,10,31.2,20.5,22,13,67,26,61,24,22,12,10,6,89,34,48,23,41,20
553,{ED0D2D29-01A6-4CF8-83BC-B974F9DDF83B},2019,2023,1,P,5927,754,384,229,261,116,609,250,282,198,315,215,879,309,846,276,968,333,192,134,577,264,399,128,215,105,0,15,38.5,4.8,1435,421,4492,520,4368,499,917,235,614,134,5927,754,3053,451,2874,459
556,{85B7409D-F9A3-4D1C-8587-BA31448CD26E},2019,2023,1,P,13,21,0,10,0,10,0,10,0,10,0,10,0,10,13,21,0,10,0,10,0,10,0,10,0,10,0,10,,,0,10,13,21,13,21,0,10,0,10,13,21,13,21,0,10
557,{6DF664D4-9279-4A4A-9BF8-BCA1A2EF6222},2019,2023,1,P,0,10,0,10,0,10,0,10,0,10,0,10,0,10,0,10,0,10,0,10,0,10,0,10,0,10,0,10,,,0,10,0,10,0,10,0,10,0,10,0,10,0,10,0,10
560,{E263C114-3707-494D-84BF-BCBDC754E133},2019,2023,1,P,121,44,4,5,2,3,3,4,4,12,0,10,18,11,15,12,4,6,9,7,2,6,25,14,30,23,5,6,64.5,16.3,10,9,111,41,108,38,61,29,60,29,121,44,73,34,48,21
561,{68659E20-597A-4214-97E4-BE2A722B888B},2019,2023,1,P,514,105,7,11,20,17,6,8,31,27,8,12,10,14,38,24,81,36,29,22,78,46,156,64,38,22,12,13,61.8,6.1,53,27,461,97,450,94,256,78,206,67,514,105,301,69,213,51
564,{3C695476-5C5E-4120-9E30-BF42C37A0EAF},2019,2023,1,P,0,10,0,10,0,10,0,10,0,10,0,10,0,10,0,10,0,10,0,10,0,10,0,10,0,10,0,10,,,0,10,0,10,0,10,0,10,0,10,0,10,0,10,0,10
565,{8905A89B-A676-4C0A-BEB5-C17AD570F833},2019,2023,1,P,723,125,46,34,23,21,82,43,55,38,30,30,85,43,86,55,99,52,41,26,29,19,133,56,14,12,0,10,39.8,8.8,185,79,538,102,517,85,161,58,147,55,723,125,339,85,384,75
568,{4B339CC2-7B7F-4B2F-8003-C1DE90E459CD},2019,2023,1,P,2432,252,180,77,129,53,123,42,82,39,63,33,282,82,317,81,364,90,186,58,220,50,356,53,108,40,22,13,45.8,3.5,488,126,1944,181,1918,182,605,71,486,60,2432,252,1240,137,1192,152
569,{9BB36ABC-66B2-4E89-99FA-C2128E2AFCC9},2019,2023,1,P,220,65,30,13,19,9,30,13,35,14,26,12,27,14,24,12,7,9,5,7,6,6,8,8,3,4,0,10,19.3,3.4,102,33,118,44,102,38,17,14,11,10,220,65,131,41,89,30
572,{609CFD2F-EC75-4F32-BDD7-C33D0C9FECE2},2019,2023,1,P,312,95,2,4,29,22,32,25,16,16,17,14,38,21,34,19,29,20,29,19,23,16,49,25,11,11,3,3,41.1,8.5,74,49,238,63,224,57,75,30,63,28,312,95,177,54,135,56
573,{E3BABD89-94E5-4656-A111-C38FD33CFD08},2019,2023,1,P,58,68,0,10,0,10,0,10,0,10,0,10,0,10,0,10,33,46,0,10,17,23,0,10,8,11,0,10,53.7,10.3,0,10,58,68,58,68,25,26,8,11,58,68,21,23,37,49
576,{FCB82B0A-C4D2-4840-9D71-C3A5B6E31DA6},2019,2023,1,P,1941,630,152,86,274,131,132,91,108,76,297,648,650,207,244,131,74,62,7,12,3,5,0,10,0,10,0,10,25.1,6.9,629,233,1312,624,1225,463,3,5,0,10,1941,630,1134,521,807,222
577,{3D257994-65F8-4489-A35E-C42F284CB327},2019,2023,1,P,835,153,74,45,78,30,60,47,30,19,16,12,97,60,124,47,78,27,49,20,49,20,116,33,62,27,2,4,37.6,4.2,226,81,609,99,588,97,215,41,180,42,835,153,373,73,462,92
579,{8CB3E4E0-D9F5-4B0C-93D8-C436A193A465},2019,2023,1,P,202,59,6,8,6,9,21,20,11,11,0,10,25,21,29,21,19,16,23,18,10,9,39,21,8,9,5,7,45.6,14.7,44,29,158,39,158,39,57,29,52,26,202,59,117,43,85,25
581,{C975E5F6-90CB-420B-9766-C43941847789},2019,2023,1,P,2784,917,85,105,157,255,67,116,144,142,86,103,737,351,374,196,343,341,177,166,274,271,335,258,5,10,0,10,36.9,12.6,371,453,2413,640,2330,611,582,361,340,258,2784,917,1818,592,966,412
584,{8142710A-7405-430F-9A0B-C44338B4B31A},2019,2023,1,P,997,215,133,53,93,35,136,52,112,38,58,26,158,59,112,33,61,31,64,27,24,18,36,21,10,7,0,10,21.5,4,438,114,559,124,506,114,52,25,46,22,997,215,566,136,431,114
585,{74B62695-129C-4E06-A228-C50EFCC9A872},2019,2023,1,P,5750,48,278,92,298,53,335,61,358,73,331,97,773,150,768,129,606,85,308,57,403,73,856,116,297,59,139,43,40,3.3,1108,118,4642,123,4403,134,1525,166,1292,146,5750,48,3021,135,2729,131
588,{223C147A-542C-4057-8AE2-C5C99FC10AB1},2019,2023,1,P,95,41,20,14,7,7,1,4,15,15,4,6,13,13,16,11,0,10,11,11,0,10,8,8,0,10,0,10,32.1,23.3,36,23,59,24,52,21,8,8,8,8,95,41,55,34,40,14
589,{DAC7203E-0D8F-434C-A2FA-C699EDD5B8CB},2019,2023,1,P,19033,1540,1223,323,1073,297,1568,536,1289,336,1327,845,3137,600,3078,457,1743,315,1567,494,902,225,1230,285,752,233,144,147,34.3,3,4656,741,14377,1359,13520,1032,2685,360,2126,330,19033,1540,10592,1224,8441,735
592,{67C77481-D454-4AD4-8099-C6A3005285DE},2019,2023,1,P,894,139,40,34,40,24,28,21,15,11,63,37,170,58,80,48,107,55,92,47,54,19,152,42,49,19,4,7,46.5,11.6,110,65,784,116,767,114,245,49,205,49,894,139,555,110,339,69
593,{BF7F929A-CAE2-486C-83EF-C7AF2FADFA2B},2019,2023,1,P,11730,1140,1036,377,587,216,459,196,755,194,1181,593,2126,383,1471,311,962,280,375,162,662,235,1546,343,420,157,150,104,32.9,3.5,2481,486,9249,1037,8606,876,2507,427,2116,391,11730,1140,6429,930,5301,653
596,{463333A9-778A-4087-B2B6-C834DF7F1809},2019,2023,1,P,0,10,0,10,0,10,0,10,0,10,0,10,0,10,0,10,0,10,0,10,0,10,0,10,0,10,0,10,,,0,10,0,10,0,10,0,10,0,10,0,10,0,10,0,10
597,{3999FA6E-F8E0-4528-9406-C991F8BB8C52},2019,2023,1,P,160,132,2,3,13,14,13,13,17,36,24,55,14,54,23,14,13,13,8,10,11,9,21,16,1,2,0,10,33,17.9,35,23,125,128,114,103,28,15,22,16,160,132,93,125,67,30
599,{92647992-DE7B-4457-BD55-CB46CE9A4C4E},2019,2023,1,P,88,84,0,10,0,10,0,10,0,10,0,10,0,10,0,10,0,10,0,10,17,24,27,36,44,58,0,10,73,11.3,0,10,88,84,88,84,88,84,71,81,88,84,46,51,42,39
602,{C63A334D-9CE5-410F-9042-CB548BBECC87},2019,2023,1,P,3238,806,105,115,184,174,171,200,209,168,305,257,83,78,627,434,540,256,149,151,220,144,537,375,108,106,0,10,44.5,8.8,637,290,2601,723,2418,728,727,402,645,376,3238,806,1450,459,1788,442
603,{E209147C-83F5-4D19-AD3F-CB78B1F679F5},2019,2023,1,P,66,30,0,10,0,10,0,10,0,10,0,10,12,19,0,10,19,19,28,21,7,12,0,10,0,10,0,10,58.1,9.3,0,10,66,30,66,30,7,12,0,10,66,30,44,33,22,32
605,{169CE60B-858B-4A5D-801B-CB9E3179349B},2019,2023,1,P,7,11,0,10,0,10,0,10,0,10,0,10,1,2,0,10,3,5,3,6,0,10,0,10,0,10,0,10,52.8,7,0,10,7,11,7,11,0,10,0,10,7,11,4,7,3,5
608,{5DF24C5B-4FE5-4FFA-AE4F-CBDF97ACB787},2019,2023,1,P,507,404,0,10,0,10,89,135,64,93,0,10,61,102,46,80,174,192,32,55,0,10,22,35,19,31,0,10,42.9,22.2,153,226,354,218,354,218,41,65,41,65,507,404,224,169,283,315
610,{8B69F4F5-9833-40B1-B264-CBE2A5544BC8},2019,2023,1,P,18,11,0,10,2,3,0,10,4,4,0,10,3,4,0,10,5,5,0,10,1,2,3,4,0,10,0,10,36.5,24.8,2,3,16,11,12,9,4,4,3,4,18,11,9,6,9,7
611,{69A94C10-7F0D-42A7-93D9-CE014277D75A},2019,2023,1,P,208,100,20,24,16,11,7,7,76,44,5,8,12,13,13,12,10,10,11,12,18,11,20,15,0,10,0,10,19,4.4,80,46,128,66,89,41,23,18,20,15,208,100,81,44,127,65
614,{A47812B1-7D27-455A-A423-CE6015545162},2019,2023,1,P,23,23,0,10,0,10,5,9,0,10,0,10,7,10,0,10,1,3,3,5,0,10,4,7,3,5,0,10,33.8,47.6,5,9,18,19,18,19,7,8,7,8,23,23,12,13,11,12
616,{98B27D83-9E27-4EE6-A6AB-CEED07523629},2019,2023,1,P,48,28,0,10,5,6,13,13,0,10,0,10,0,10,5,7,5,8,0,10,6,9,4,7,6,6,4,6,52.2,32.4,18,18,30,16,30,16,20,13,14,9,48,28,13,13,35,19
617,{7DC57B05-77B0-4489-8056-CFFC5747990D},2019,2023,1,P,22,31,0,10,0,10,0,10,0,10,0,10,0,10,0,10,14,20,0,10,8,12,0,10,0,10,0,10,,,0,10,22,31,22,31,0,10,0,10,22,31,8,12,14,20
620,{77794617-74AE-484C-B2E5-D017D4597CC2},2019,2023,1,P,858,146,55,31,67,30,41,27,30,20,73,36,147,64,88,36,89,32,56,26,83,37,113,55,13,15,3,4,37.1,7.7,183,64,675,126,660,122,188,62,129,54,858,146,510,100,348,67
621,{A1701483-F114-4FB2-A478-D0F6039C3EA8},2019,2023,1,P,471,89,39,18,60,21,45,17,44,15,51,23,55,22,49,15,28,13,27,13,18,13,36,22,15,14,4,5,24.8,4.2,168,46,303,62,276,57,67,27,55,28,471,89,269,61,202,50
624,{C4674250-987C-40CD-B550-D246607343D4},2019,2023,1,P,0,10,0,10,0,10,0,10,0,10,0,10,0,10,0,10,0,10,0,10,0,10,0,10,0,10,0,10,,,0,10,0,10,0,10,0,10,0,10,0,10,0,10,0,10
625,{511EBD11-DE52-4BAB-8C3E-D2E9F870E1EC},2019,2023,1,P,234,55,29,13,38,17,22,11,10,7,5,5,40,16,25,13,15,9,10,8,12,8,22,11,6,5,0,10,30.1,3.1,93,32,141,32,132,29,38,16,28,13,234,55,134,31,100,30
628,{62DAD683-3FFC-4453-9FD2-D2EE794E9231},2019,2023,1,C,5178,,119,19,215,62,165,23,382,97,376,134,964,217,880,158,1017,171,505,107,225,73,295,79,29,10,6,7,39.1,1.7,683,88,4495,88,4249,107,452,105,330,81,5178,,3595,84,1583,84
629,{F3CDD092-3609-4B82-9B09-D35DB0E7375F},2019,2023,1,P,744,88,24,9,56,19,44,16,30,15,27,12,85,28,67,27,130,27,46,19,60,20,97,33,62,22,16,10,47.8,5.1,146,37,598,75,587,75,210,43,175,40,744,88,431,62,313,41
631,{BECA4B02-6040-43FA-93A9-D551AD5AB86B},2019,2023,1,P,458,63,19,11,21,11,19,10,14,8,23,14,119,99,23,9,58,56,27,13,85,58,24,8,21,12,5,5,40.7,27.3,71,27,387,50,385,50,68,17,50,14,458,63,317,45,141,33
633,{3921BE55-50DD-4433-8958-D5D2F2D001AE},2019,2023,1,P,2405,166,161,67,150,60,132,67,145,83,150,205,351,90,254,145,205,89,214,84,206,70,342,91,76,37,19,26,37.8,8.7,526,156,1879,200,1780,140,586,119,437,103,2405,166,1210,139,1195,159
636,{17AA4233-9435-4013-B2C1-D61FBB303CCE},2019,2023,1,P,144,402,0,10,0,10,0,10,0,10,30,117,16,57,35,88,16,56,12,31,28,71,7,17,0,10,0,10,40.8,22.8,0,10,144,402,137,383,19,46,7,17,144,402,126,359,18,48
637,{4D3AB901-46B6-47E7-B8D1-D6869F97799F},2019,2023,1,P,137,98,0,10,0,10,0,10,0,10,0,10,0,10,0,10,74,70,7,11,9,12,47,70,0,10,0,10,54.4,15.1,0,10,137,98,137,98,47,70,47,70,137,98,72,57,65,43
639,{763EEB4F-118C-4AEA-A931-D707FE999A12},2019,2023,1,P,1154,251,104,50,65,33,98,60,50,35,48,39,187,83,269,109,113,58,41,22,56,30,66,29,41,28,16,12,36.1,3.1,301,106,853,191,827,189,148,49,123,45,1154,251,717,192,437,94
641,{717918EA-EB98-4319-B4C9-D70D262F7CE2},2019,2023,1,P,721,143,116,43,78,28,81,27,56,24,23,17,105,35,98,32,56,26,20,13,25,19,30,21,20,21,13,14,25.3,6.8,320,79,401,88,375,80,85,40,63,35,721,143,360,82,361,82
643,{4B63BED6-48D5-4881-B4C0-D73B0D2651F2},2019,2023,1,P,0,10,0,10,0,10,0,10,0,10,0,10,0,10,0,10,0,10,0,10,0,10,0,10,0,10,0,10,,,0,10,0,10,0,10,0,10,0,10,0,10,0,10,0,10
645,{AD7719EE-1C6A-44A6-93BB-D7ABA23FFF53},2019,2023,1,P,208,96,22,21,15,16,22,17,16,15,21,16,17,18,33,25,21,13,4,6,5,9,24,18,7,12,1,3,26.4,18.6,65,44,143,63,128,60,37,22,32,19,208,96,150,72,58,35
648,{E60C34A3-5913-4148-9A40-D84C112C6316},2019,2023,1,C,13870,,654,31,930,110,789,92,786,85,726,88,1976,112,1925,101,1670,85,1031,114,985,117,1583,54,662,50,153,45,40.8,0.4,2880,30,10990,30,10562,92,2895,98,2398,41,13870,,7226,59,6644,59
649,{8BB6EEE9-AF35-4E67-98F1-D901D6743094},2019,2023,1,P,994,254,71,61,41,42,46,35,132,110,29,36,141,80,168,106,108,72,0,10,126,85,111,45,21,27,0,10,35.5,2.4,209,99,785,213,688,174,217,82,132,48,994,254,511,169,483,141
652,{6D864316-582B-4749-A178-D9BAD04003D1},2019,2023,1,P,563,188,63,26,51,31,90,41,60,24,18,14,66,35,79,39,21,11,19,15,10,7,83,54,3,4,0,10,23.9,7.9,244,92,319,108,299,105,86,55,86,55,563,188,302,104,261,90
653,{B7761367-B709-408C-BD0F-D9C9E2C5943F},2019,2023,1,C,4780,,414,26,433,43,405,40,340,38,325,30,737,60,488,277,447,192,294,106,303,285,448,136,110,25,36,12,30.9,0.5,1475,14,3305,14,3146,41,806,262,594,139,4780,,2467,170,2313,170
655,{CEDC63C2-3647-4702-B72B-D9E842E711FE},2019,2023,1,P,293,65,7,15,48,22,34,15,27,9,17,10,48,22,25,13,40,17,10,6,17,8,18,10,2,3,0,10,28.9,5.7,103,35,190,40,173,37,28,12,20,10,293,65,145,37,148,37
658,{6EA0B92C-E267-478F-99A6-DA6EAC948390},2019,2023,1,P,5,7,0,10,0,10,0,10,0,10,0,10,0,10,5,7,0,10,0,10,0,10,0,10,0,10,0,10,,,0,10,5,7,5,7,0,10,0,10,5,7,5,7,0,10
659,{2A6D400C-A4AB-4D07-92B6-DA9584C8C852},2019,2023,1,C,12878,,724,37,1025,152,940,153,825,187,908,502,1808,266,2243,259,1087,187,790,158,906,167,1086,109,358,100,178,82,35.4,0.3,3072,76,9806,76,9086,169,2161,174,1622,112,12878,,6981,117,5897,117
661,{08AE02CD-C624-4EB1-9BDE-DC0B7B5D224E},2019,2023,1,P,324,434,4,7,0,10,0,10,3,5,3,4,304,445,0,10,3,5,4,5,0,10,0,10,3,5,0,10,33.5,0.2,7,9,317,438,314,440,3,5,3,5,324,434,310,438,14,11
664,{CF70B6E1-31BB-4019-97D8-DD470A6AD914},2019,2023,1,P,1127,323,0,10,0,10,28,46,0,10,0,10,70,81,46,52,155,84,225,129,268,167,297,151,29,35,9,16,60.4,2.8,28,46,1099,304,1099,304,427,154,335,151,1127,323,614,167,513,213
665,{52F580FF-4AE6-48D4-920A-DD72272CB458},2019,2023,1,P,0,10,0,10,0,10,0,10,0,10,0,10,0,10,0,10,0,10,0,10,0,10,0,10,0,10,0,10,,,0,10,0,10,0,10,0,10,0,10,0,10,0,10,0,10
668,{EC18C954-9E22-45E3-BD54-DD7AF4302791},2019,2023,1,P,14,10,2,3,0,10,0,10,0,10,0,10,2,3,0,10,0,10,5,5,3,4,0,10,2,3,0,10,57.8,9.9,2,3,12,8,12,8,5,5,2,3,14,10,3,4,11,9
669,{E1D5467A-F8D6-443B-B722-DE5C4F46B5F8},2019,2023,1,P,558,126,61,27,63,31,54,23,62,18,61,21,79,30,53,28,44,24,16,11,24,14,24,16,13,10,4,6,23.3,2.9,217,64,341,77,307,72,57,22,41,20,558,126,282,76,276,75
671,{C80F8014-AF4E-4834-B4A8-DED62C0786C1},2019,2023,1,P,26,17,4,4,5,6,5,6,0,10,0,10,6,8,2,5,2,4,1,4,1,2,0,10,0,10,0,10,13.7,25.6,14,13,12,12,12,12,1,2,0,10,26,17,15,13,11,9
673,{A3685B4F-070E-4C85-9820-DEE25ABC695E},2019,2023,1,P,377,111,25,22,47,27,24,18,20,14,4,9,17,11,86,35,54,30,18,15,26,16,46,28,10,10,0,10,41.4,3.2,116,52,261,75,261,75,78,33,56,28,377,111,184,65,193,57
676,{D9E1C7EB-2990-486A-BEC6-DF457C95E944},2019,2023,1,P,173,77,37,25,24,22,2,3,5,7,1,2,66,49,14,12,2,7,16,12,4,6,0,10,0,10,2,3,26.6,9.5,68,40,105,54,105,54,6,6,2,3,173,77,115,55,58,39
677,{559A9BCF-E97B-4506-925E-E21FB8E9FED9},2019,2023,1,P,72,40,2,4,12,12,4,4,0,10,0,10,12,10,3,4,6,11,14,19,9,10,5,7,5,6,0,10,52.5,18.4,18,14,54,30,54,30,16,15,10,10,72,40,45,26,27,16
679,{58FEECD6-E89F-44AF-B707-E2BF0B91605A},2019,2023,1,P,73,32,7,6,8,6,13,9,7,5,0,10,10,8,13,9,2,3,5,5,4,4,4,5,0,10,0,10,29.5,17.5,35,20,38,17,38,17,5,5,4,5,73,32,32,19,41,19
682,{2606EF00-243D-41F4-890F-E340AD1ACFA5},2019,2023,1,P,1201,249,27,21,32,19,37,18,83,56,147,99,171,58,163,59,158,45,132,61,68,29,125,38,43,21,15,9,39.9,5.4,132,57,1069,220,1003,179,231,58,183,46,1201,249,829,169,372,98
683,{8C659093-914F-41E2-BE61-E3576613F3BC},2019,2023,1,P,66,25,0,10,0,10,0,10,0,10,2,3,14,11,9,12,8,8,4,4,7,10,14,7,8,6,0,10,55,11.3,0,10,66,25,66,25,28,12,22,9,66,25,36,18,30,16
686,{851E4746-8FE8-4393-9369-E3F9F1633855},2019,2023,1,C,110677,,7044,31,8084,342,8520,340,7638,90,6303,100,15425,142,15759,114,13141,95,6905,393,7145,393,10214,78,3540,159,959,161,36.6,0.2,28719,,81958,,77992,217,18914,330,14713,84,110677,,57891,73,52786,73
687,{FF43C1B1-9D83-4F8A-B3B2-E404ACC9D5B1},2019,2023,1,P,82,43,0,10,10,13,19,20,0,10,0,10,15,16,6,8,1,9,4,5,9,10,12,13,6,8,0,10,33.7,41.1,29,27,53,25,53,25,27,21,18,14,82,43,43,22,39,28
689,{126A149F-F9BD-42EC-8D66-E4883B8016E2},2019,2023,1,P,1361,207,36,25,38,32,72,49,14,16,70,42,152,67,222,80,242,74,110,51,176,63,175,53,46,30,8,11,49.2,3.9,160,80,1201,167,1187,161,337,83,229,74,1361,207,885,120,476,105
692,{A86C2FBC-0704-4117-9A7E-E4A3DD3415BD},2019,2023,1,P,1971,371,0,10,0,10,0,10,10,23,97,58,498,233,546,247,367,166,244,124,140,121,69,75,0,10,0,10,40.3,3.8,0,10,1971,371,1953,371,138,87,69,75,1971,371,1475,310,496,219
693,{87E87454-91AC-49AF-B812-E5B5DF65D0C8},2019,2023,1,P,207,61,0,10,6,6,17,10,10,9,0,10,20,13,20,15,48,25,11,10,6,7,39,18,30,17,0,10,52.3,3.3,27,14,180,53,174,51,72,28,69,28,207,61,106,32,101,36
696,{C712D789-18CD-4C6C-A0FB-E5B7BB9B1B86},2019,2023,1,P,141,59,3,4,0,10,1,2,3,5,15,27,6,13,2,3,48,30,14,18,28,26,17,21,0,10,4,7,53.6,4.6,4,5,137,59,134,59,40,34,21,23,141,59,89,42,52,44
697,{510DC86B-4E8B-482F-9372-E63914E50E7D},2019,2023,1,P,100,39,3,4,18,11,11,6,10,8,6,6,21,14,6,6,10,5,4,5,7,5,4,6,0,10,0,10,27.5,7.1,35,16,65,26,58,25,8,7,4,6,100,39,52,21,48,23
699,{351F5989-A7A7-4518-A5E4-E67316B8C2DD},2019,2023,1,C,7611,,788,31,786,47,856,47,631,27,466,20,1140,87,860,62,671,51,296,113,478,112,418,33,170,23,51,19,28.3,0.4,2861,21,4750,21,4448,29,974,142,639,24,7611,,4018,64,3593,64
702,{90DA2B6B-1B09-4D7A-A466-E6B55B21AEE8},2019,2023,1,P,5461,579,308,147,384,125,515,157,460,117,177,99,540,180,881,176,513,149,385,150,394,166,708,233,131,52,65,39,39.8,2,1497,290,3964,380,3687,381,1076,253,904,230,5461,579,3003,335,2458,321
703,{B9E3D976-5DA3-4850-884A-E7818D521898},2019,2023,1,P,273,87,21,13,28,16,39,17,36,17,8,10,33,20,36,18,21,13,7,10,13,9,28,18,0,10,3,4,25.6,7.6,107,42,166,54,149,49,38,19,31,17,273,87,150,49,123,41
705,{7656A688-D4F7-4599-B494-E946C7AC2CF6},2019,2023,1,P,332,176,0,10,0,10,0,10,0,10,112,145,56,53,19,34,58,47,41,37,14,23,0,10,32,52,0,10,31,27.3,0,10,332,176,332,176,32,52,32,52,332,176,185,125,147,81
708,{4999C06C-E2C7-48C4-9BD9-E95833F9D114},2019,2023,1,P,64,37,0,10,9,13,5,8,0,10,0,10,5,8,7,9,0,10,6,6,7,8,6,7,0,10,19,20,61,33.6,14,20,50,29,50,29,32,27,25,25,64,37,33,22,31,19
709,{7B4ACF01-3330-4839-B43B-E98C4902C151},2019,2023,1,P,185,52,16,13,15,10,11,8,15,9,10,7,31,18,39,18,14,10,8,5,14,9,7,5,4,4,1,4,33.9,4.3,45,26,140,37,126,32,20,9,12,6,185,52,98,34,87,26
712,{3FD9E5F5-DE1E-47BC-A8FC-ECEFCA7C2EA8},2019,2023,1,P,177,71,17,17,31,19,13,10,31,23,3,6,27,21,18,16,21,18,5,14,6,6,0,10,5,6,0,10,19.8,9.7,77,38,100,45,83,36,11,9,5,6,177,71,95,39,82,42
713,{F8A9EA5F-A5D3-4A9C-B4B3-EDACC1AD5746},2019,2023,1,P,286,86,28,19,42,19,31,14,26,12,37,41,38,21,27,11,5,5,11,7,36,20,5,3,0,10,0,10,20.7,4.2,122,42,164,56,135,37,26,17,5,3,286,86,178,61,108,37
716,{841E8B3A-9424-4243-B588-EEB808D195AB},2019,2023,1,P,42,45,0,10,14,20,0,10,0,10,0,10,0,10,7,10,7,11,0,10,0,10,14,21,0,10,0,10,47,33.9,14,20,28,29,28,29,14,21,14,21,42,45,21,23,21,22
717,{ED8A6F74-E397-4BA1-8052-EEF92A6C4F8B},2019,2023,1,P,45,20,0,10,0,10,0,10,4,4,4,7,2,3,3,5,10,10,4,4,7,7,4,3,7,6,0,10,52.8,11.5,4,4,41,19,41,19,18,11,11,8,45,20,22,12,23,13
719,{4B169010-F268-45A8-8444-F0B5873ABDEE},2019,2023,1,P,15,49,0,10,0,10,0,10,0,10,0,10,15,49,0,10,0,10,0,10,0,10,0,10,0,10,0,10,,,0,10,15,49,15,49,0,10,0,10,15,49,15,49,0,10
722,{4D22DC8A-9F5A-4C83-B835-F1133D6A8060},2019,2023,1,P,571,81,29,18,30,14,63,17,34,19,32,14,94,94,76,23,29,12,31,13,103,114,38,21,9,7,3,4,35.3,11.5,153,41,418,63,399,63,64,28,50,24,571,81,333,74,238,59
723,{025A0F26-3C9F-4F08-ADB2-F18FEC8DF739},2019,2023,1,P,85,109,0,10,0,10,0,10,0,10,43,72,22,39,0,10,10,20,0,10,10,14,0,10,0,10,0,10,25,18.2,0,10,85,109,81,108,10,14,0,10,85,109,55,83,30,45
726,{E3FB0AD1-05D8-4D22-919A-F24830556C1F},2019,2023,1,P,1204,168,36,12,44,17,79,28,79,21,141,79,132,48,171,67,224,87,84,33,62,33,84,41,35,18,33,18,39.1,3.8,208,51,996,161,934,153,172,49,152,47,1204,168,705,130,499,93
727,{9C0DF89A-A248-470E-82A5-F25ED75A098A},2019,2023,1,P,0,10,0,10,0,10,0,10,0,10,0,10,0,10,0,10,0,10,0,10,0,10,0,10,0,10,0,10,,,0,10,0,10,0,10,0,10,0,10,0,10,0,10,0,10
729,{8D2790CB-3234-4141-9014-F2DED1D38D0C},2019,2023,1,P,766,166,103,39,112,36,74,34,58,19,68,26,74,29,88,31,37,17,33,14,28,16,72,35,15,10,4,6,23.4,3.1,320,96,446,91,413,88,110,38,91,36,766,166,356,77,410,108
732,{A4767A4D-9554-40BC-9D6F-F4FDD3C05647},2019,2023,1,P,9,10,0,10,0,10,0,10,0,10,0,10,3,4,0,10,3,3,0,10,0,10,3,4,0,10,0,10,53.5,3.9,0,10,9,10,9,10,3,4,3,4,9,10,6,7,3,3
733,{CA4E1D93-D6D4-4CA8-8FC7-F518777BE58C},2019,2023,1,P,0,10,0,10,0,10,0,10,0,10,0,10,0,10,0,10,0,10,0,10,0,10,0,10,0,10,0,10,,,0,10,0,10,0,10,0,10,0,10,0,10,0,10,0,10
736,{FF083E35-08C8-468F-B328-F69992F18FB7},2019,2023,1,P,852,161,124,34,94,26,69,25,86,28,62,28,129,37,90,30,84,29,45,18,37,16,16,13,13,10,3,5,24.2,2.9,347,83,505,96,473,91,54,21,32,18,852,161,449,85,403,86
737,{B31B12CB-15A8-477A-A113-F6ACBD1D3120},2019,2023,1,P,25,33,0,10,0,10,3,4,0,10,9,15,0,10,7,7,3,5,0,10,0,10,3,5,0,10,0,10,38.2,32.2,3,4,22,29,20,25,3,5,3,5,25,33,13,17,12,16
739,{B81542E6-6232-4F35-AEC4-F6C46F2BBDE1},2019,2023,1,P,467,78,39,17,28,14,33,18,16,10,54,30,28,25,57,22,42,31,16,11,44,16,67,19,25,14,18,11,43.3,3.8,113,34,354,60,349,60,133,30,110,28,467,78,263,62,204,44
742,{5ADEA6FC-9615-4F6E-9B68-F73ADD743B06},2019,2023,1,P,45,18,0,10,4,4,1,2,2,4,0,10,4,6,2,5,3,4,3,4,5,4,12,9,9,9,0,10,62.5,12.7,7,7,38,16,38,16,24,13,21,13,45,18,19,8,26,13
743,{967B027B-54A6-488D-841D-F748CE107A1A},2019,2023,1,C,2313,,83,33,85,25,116,39,109,37,160,71,243,61,197,59,305,69,189,58,193,35,419,77,174,41,40,17,51.4,3.1,352,70,1961,70,1901,72,768,92,633,88,2313,,1321,83,992,83
746,{081D88E7-5D78-4E36-AC3C-F753262F026C},2019,2023,1,P,8151,25,383,75,658,106,464,85,462,92,490,102,1371,137,1132,138,850,118,573,100,588,99,793,97,284,55,103,39,36.9,1.6,1777,97,6374,97,6082,104,1489,114,1180,91,8151,25,4195,103,3956,103
747,{E24B0E44-1B59-4C79-8A8F-F7A2113EFF2F},2019,2023,1,P,529,132,87,39,79,31,38,16,30,18,20,12,71,36,42,21,74,91,9,11,11,11,53,76,5,8,10,12,27.1,10.6,229,72,300,98,294,99,73,79,68,79,529,132,265,103,264,113
749,{F821657B-F119-4950-BB18-F827B06C680C},2019,2023,1,P,31,15,4,4,1,2,3,6,5,5,0,10,0,10,6,5,2,3,3,4,3,5,4,5,0,10,0,10,35.8,27.6,9,8,22,11,18,10,4,5,4,5,31,15,17,11,14,8
752,{16FFACBB-CCBD-4A00-829F-F89904105FD5},2019,2023,1,P,19,15,0,10,5,8,0,10,0,10,0,10,1,3,0,10,4,4,0,10,2,3,5,6,0,10,2,2,53.8,19.1,5,8,14,10,14,10,9,8,7,6,19,15,7,8,12,9
753,{D1F96C65-49BF-4E7B-AA32-F9C4C50BB628},2019,2023,1,P,462,91,37,14,42,15,55,20,30,14,16,10,57,21,76,34,69,25,10,7,23,12,37,17,8,5,2,3,33.7,4.6,163,45,299,62,294,62,59,17,47,17,462,91,281,58,181,44
756,{D3D709DB-0DF6-43DD-ACE0-FAF53A544273},2019,2023,1,P,190,87,0,10,25,22,21,18,16,16,28,42,21,25,30,25,14,20,7,8,14,13,0,10,9,9,5,7,28.5,8,59,45,131,59,128,58,22,16,14,13,190,87,137,66,53,32
757,{3D5231FD-4F19-414E-A871-FAFF3941FF8F},2019,2023,1,P,610,135,3,4,8,7,44,35,60,37,39,41,37,33,31,19,107,38,64,40,51,21,84,41,76,33,6,6,51.5,7.6,90,56,520,105,482,103,200,53,166,49,610,135,319,88,291,72
759,{126AE679-2933-4FD0-B985-FB1844FFBCA3},2019,2023,1,P,186,92,20,17,25,26,5,6,4,6,34,39,11,10,18,17,19,20,26,23,6,9,12,10,3,4,3,8,33,21.8,54,41,132,67,132,67,18,15,18,15,186,92,105,55,81,46
761,{0F6D14AC-19B0-4FFB-87AF-FBC82152C2A8},2019,2023,1,P,601,182,58,56,49,45,75,42,37,29,22,28,83,64,43,32,101,49,42,41,39,36,15,21,23,19,14,12,33.5,5.9,203,106,398,100,381,99,83,48,52,36,601,182,281,90,320,111
763,{7BF57869-7BB6-44A4-ADAF-FCBC10DFC7D2},2019,2023,1,P,18921,1005,1534,338,1571,259,1642,258,1286,273,944,240,2972,379,2476,333,2262,284,1032,169,1182,227,1454,215,478,133,88,64,33.6,1,5712,495,13209,653,12666,600,2728,305,2020,233,18921,1005,9516,596,9405,571
766,{6A728042-64AA-46F0-A81D-FDE32F20CFCB},2019,2023,1,P,20,27,0,10,0,10,0,10,0,10,0,10,0,10,0,10,0,10,0,10,0,10,11,16,9,12,0,10,,,0,10,20,27,20,27,20,27,20,27,20,27,9,12,11,16
767,{A09E0C50-C6BB-40A4-BE7F-FDEBE561CD5C},2019,2023,1,C,3423,,106,23,86,18,129,32,141,27,354,92,516,163,526,107,632,127,309,82,231,59,250,61,110,27,33,18,41.8,3.7,410,61,3013,61,2929,73,449,70,393,66,3423,,2116,126,1307,126
769,{08965FEC-CECD-4B69-9010-FEC9535D56A9},2019,2023,1,C,1007,99,72,17,69,16,95,22,86,19,33,18,216,109,170,92,52,31,56,19,57,18,74,21,18,11,9,8,33.4,2.4,275,43,732,73,685,75,135,28,101,24,1007,99,545,60,462,58
772,{A1A00D41-E402-42E4-B4DE-FF2EE4036F66},2019,2023,1,P,6716,516,534,145,738,152,729,140,429,109,318,115,891,216,1275,232,760,152,295,112,231,68,368,78,119,52,29,18,32.6,1.9,2301,297,4415,350,4258,337,625,91,516,86,6716,516,3251,323,3465,309
