reporting_entity_id,year,residential_rate,commercial_rate,industrial_rate
1,2011,0.12,0.10,0.09
1,2012,0.12,0.10,0.09
1,2013,0.13,0.11,0.10
1,2014,0.12,0.10,0.09
1,2015,0.12,0.10,0.09
1,2016,0.12,0.10,0.10
1,2017,0.12,0.10,0.12
1,2018,0.13,0.11,
1,2019,0.14,0.12,0.12
1,2020,0.13,0.10,0.12
1,2021,0.12,0.10,0.11
2,2011,0.13,0.10,
2,2012,0.12,0.09,
2,2013,0.13,0.10,
2,2014,0.16,0.13,
2,2015,0.17,0.14,
2,2016,0.17,0.14,
2,2017,0.21,0.17,
2,2018,0.20,0.15,
2,2019,0.23,0.16,
2,2020,0.21,0.16,
3,2011,0.14,0.12,0.11
3,2012,0.14,0.12,0.11
3,2013,0.15,0.12,0.11
3,2014,0.16,0.13,0.12
3,2015,0.17,0.14,0.12
3,2016,0.18,0.15,0.13
3,2017,0.20,0.16,0.15
3,2018,0.20,0.16,0.14
3,2019,0.21,0.17,0.15
3,2020,0.21,0.17,0.15
3,2021,0.21,0.16,0.14
4,2011,0.22,0.21,0.17
4,2012,0.24,0.23,0.19
4,2013,0.23,0.21,0.17
4,2014,0.23,0.21,0.17
4,2015,0.21,0.19,0.15
4,2016,0.23,0.21,0.16
4,2017,0.24,0.22,0.17
4,2018,0.25,0.24,0.18
4,2019,0.26,0.25,0.18
4,2020,0.25,0.24,0.17
4,2021,0.27,0.26,0.18
5,2011,0.20,0.18,0.08
5,2012,0.20,0.18,0.09
5,2013,0.21,0.18,0.08
5,2014,0.24,0.21,0.10
5,2015,0.25,0.22,0.11
5,2016,0.26,0.23,0.11
5,2017,0.26,0.23,0.11
5,2018,0.27,0.23,0.11
5,2019,0.27,0.23,0.11
5,2020,0.29,0.26,0.12
5,2021,0.28,0.25,0.12
6,2011,0.10,0.10,0.08
6,2012,0.10,0.10,0.08
6,2013,0.10,0.10,0.08
6,2014,0.10,0.10,0.08
6,2015,0.10,0.10,0.09
6,2016,0.11,0.10,0.09
6,2017,0.11,0.10,0.09
6,2018,0.11,0.10,0.09
6,2019,0.11,0.11,0.09
6,2020,0.12,0.11,0.10
6,2021,0.12,0.11,0.10
7,2011,0.19,0.18,0.17
7,2012,0.19,0.18,0.17
7,2013,0.18,0.17,0.16
7,2014,0.17,0.16,0.15
7,2015,0.17,0.17,0.16
7,2016,0.17,0.17,0.16
7,2017,0.17,0.17,0.16
7,2018,0.17,0.17,0.16
7,2019,0.17,0.17,0.16
7,2020,0.18,0.17,0.16
7,2021,0.18,0.17,0.15
8,2011,0.15,0.13,
8,2012,0.15,0.13,
8,2013,0.15,0.13,
8,2014,0.17,0.14,
8,2015,0.20,0.17,
8,2016,0.20,0.17,
8,2017,0.21,0.18,
8,2018,0.21,0.18,
8,2019,0.22,0.19,
8,2020,0.22,0.19,
8,2021,0.21,0.19,
9,2011,,0.60,
10,2011,,0.20,
10,2012,,0.17,
10,2013,,0.18,
10,2014,,0.20,
10,2015,,0.24,
10,2016,,0.22,
10,2017,,0.23,
10,2018,,0.22,
10,2019,,0.22,
10,2020,,0.22,
10,2021,,0.22,
11,2011,0.28,0.81,
11,2012,0.34,1.06,
11,2013,0.42,1.19,
11,2014,0.65,1.44,
11,2015,0.62,1.25,
11,2016,0.56,1.22,
11,2017,0.59,1.07,
11,2018,0.64,1.37,
11,2019,0.60,1.37,
11,2020,0.66,1.42,
11,2021,0.51,1.27,
12,2013,0.04,0.11,
12,2014,0.15,0.45,
12,2015,0.13,0.45,
12,2016,0.39,0.80,
12,2017,0.43,0.80,
12,2018,0.44,0.80,
12,2019,0.47,0.80,
12,2020,0.45,0.80,
12,2021,0.44,0.80,
13,2011,0.22,0.61,
13,2012,0.22,0.60,
13,2013,0.23,0.60,
13,2014,0.23,0.60,
13,2015,0.26,0.61,
13,2016,0.31,0.61,
13,2017,0.34,0.60,
13,2018,0.35,0.61,
13,2019,0.34,0.60,
13,2020,0.36,0.62,
13,2021,0.38,0.62,
14,2011,0.30,0.63,
14,2012,0.26,0.63,
14,2013,0.23,0.63,
14,2014,0.23,0.66,
14,2015,0.35,0.66,
14,2016,0.39,0.63,
14,2017,0.35,0.56,
14,2018,0.26,0.53,
14,2019,0.27,0.53,
14,2020,0.29,0.53,
14,2021,0.30,0.53,
15,2011,0.14,0.32,
15,2012,0.14,0.32,
15,2013,0.14,0.32,
15,2014,0.14,0.32,
15,2015,0.16,0.32,
15,2016,0.16,0.48,
15,2017,0.17,0.95,
15,2018,0.18,0.95,
15,2019,0.19,0.95,
15,2020,0.20,0.95,
15,2021,0.20,0.95,
16,2011,0.21,0.59,
16,2012,0.22,0.63,
16,2013,0.21,0.62,
16,2014,0.21,0.62,
16,2015,0.22,0.61,
16,2016,0.22,0.57,
16,2016,0.22,0.56,
16,2017,0.23,0.47,
16,2018,0.25,0.51,
16,2019,0.25,0.53,
16,2020,0.26,0.53,
16,2021,0.27,0.51,
17,2011,0.20,0.86,
17,2012,0.25,0.96,
17,2013,0.23,0.86,
17,2014,0.25,0.89,
17,2015,0.31,0.89,
17,2016,0.32,0.78,
17,2017,0.32,0.77,
17,2018,0.32,0.89,
17,2019,0.32,0.88,
17,2020,0.33,0.81,
17,2021,0.37,0.88,
18,2011,0.22,0.63,
18,2012,0.22,0.67,
18,2013,0.21,0.66,
18,2014,0.21,0.77,
18,2015,0.22,0.68,
18,2016,0.22,0.64,
18,2017,0.22,0.53,
18,2018,0.24,0.56,
18,2019,0.24,0.62,
18,2020,0.26,0.66,
18,2021,0.26,0.64,
19,2011,0.14,0.15,
19,2012,0.14,0.15,
19,2013,0.14,0.15,
19,2014,0.15,0.15,
19,2015,0.15,0.15,
19,2016,0.15,0.15,
19,2017,0.16,0.18,
19,2018,0.16,0.16,
19,2019,0.18,0.18,
19,2020,0.18,0.18,
19,2021,0.15,0.15,
20,2011,0.23,0.63,
20,2012,0.22,0.63,
20,2013,0.22,0.65,
20,2014,0.22,0.62,
20,2015,0.23,0.57,
20,2016,0.23,0.49,
20,2017,0.24,0.53,
20,2018,0.26,0.59,
20,2019,0.27,0.62,
20,2020,0.28,0.57,
20,2021,0.29,0.63,
21,2011,0.28,0.72,
21,2012,0.28,0.76,
21,2013,0.27,0.76,
21,2014,0.28,0.71,
21,2015,0.28,0.72,
21,2016,0.27,0.58,
21,2017,0.28,0.58,
21,2018,0.30,0.63,
21,2019,0.76,1.08,
21,2020,0.31,0.58,
21,2021,0.34,0.70,
22,2011,0.21,0.59,
22,2012,0.22,0.65,
22,2013,0.21,0.65,
22,2014,0.21,0.65,
22,2015,0.22,0.66,
22,2016,0.22,0.52,
22,2017,0.22,,
22,2018,0.24,,
22,2019,0.24,,
22,2020,0.26,,
22,2021,0.26,,
23,2013,0.32,0.68,
23,2014,0.43,0.93,
23,2015,0.54,1.00,
23,2016,0.30,1.00,
23,2017,0.21,1.00,
23,2018,0.23,1.00,
23,2019,0.23,1.00,
23,2020,0.24,1.00,
23,2021,0.27,1.00,
24,2011,0.20,0.70,
24,2012,0.19,0.76,
24,2013,0.16,0.74,
24,2014,0.27,0.73,
24,2015,0.32,0.73,
24,2016,0.32,0.71,
24,2017,0.41,0.67,
24,2018,0.40,0.63,
24,2019,0.40,0.63,
24,2020,0.41,0.63,
24,2021,0.41,0.63,
25,2011,0.34,0.70,
25,2012,0.42,0.80,
25,2013,0.44,0.80,
25,2014,0.47,0.80,
25,2015,0.50,0.80,
25,2016,0.53,0.80,
25,2017,0.45,0.70,
25,2018,0.33,0.70,
25,2019,0.25,0.68,
25,2020,0.22,0.66,
25,2021,0.23,0.66,
26,2011,0.14,0.15,
26,2012,0.14,0.15,
26,2013,0.14,0.15,
26,2014,0.15,0.15,
26,2015,0.16,0.16,
26,2016,0.15,0.15,
26,2017,0.21,0.21,
26,2018,0.22,0.22,
26,2019,0.25,0.25,
26,2020,0.23,0.23,
26,2021,0.15,0.15,
27,2011,0.16,0.65,
27,2012,0.28,0.86,
27,2013,0.33,0.90,
27,2014,0.36,0.90,
27,2015,0.42,0.90,
27,2016,0.51,0.90,
27,2017,0.49,0.90,
27,2018,0.28,0.90,
27,2019,0.28,0.90,
27,2020,0.33,0.90,
27,2021,0.34,0.90,
28,2011,0.17,0.51,
28,2012,0.16,0.55,
28,2013,0.16,0.56,
28,2014,0.18,0.49,
28,2014,0.18,0.59,
28,2015,0.15,0.43,
28,2016,0.20,0.33,
28,2017,0.22,0.28,
28,2018,0.24,0.36,
28,2019,0.24,0.39,
28,2020,0.26,0.36,
28,2021,0.26,0.32,
29,2011,0.18,0.64,
29,2012,0.21,0.75,
29,2013,0.22,0.72,
29,2014,0.25,0.80,
29,2015,0.31,0.83,
29,2016,0.32,0.71,
29,2017,0.31,0.67,
29,2018,0.31,0.71,
29,2019,0.31,0.75,
29,2020,0.33,0.72,
29,2021,0.36,0.74,
30,2017,0.37,1.15,
30,2018,0.37,1.15,
30,2019,0.38,1.15,
30,2020,0.39,1.15,
30,2021,0.39,1.15,
31,2011,0.21,0.54,
31,2012,0.21,0.55,
31,2013,0.20,0.58,
31,2014,0.20,0.59,
31,2015,0.22,0.61,
31,2016,0.22,0.60,
31,2017,0.22,0.47,
31,2018,0.24,0.50,
31,2019,0.24,0.53,
31,2020,0.26,0.55,
31,2021,0.26,0.53,
32,2011,0.19,0.47,
32,2012,0.21,0.47,
32,2013,0.22,0.47,
32,2014,0.22,0.47,
32,2015,0.25,0.47,
32,2016,0.31,0.47,
32,2017,0.34,0.47,
32,2018,0.36,0.47,
32,2019,0.36,0.47,
32,2020,0.27,0.47,
32,2021,0.36,0.48,
33,2011,0.24,0.78,
33,2012,0.26,0.77,
33,2013,0.25,0.72,
33,2014,0.27,0.73,
33,2015,0.28,0.65,
33,2016,0.28,0.60,
33,2017,0.29,0.61,
33,2018,0.31,0.70,
33,2019,0.31,0.65,
33,2020,0.32,0.67,
33,2021,0.33,0.70,
34,2011,0.44,0.95,
34,2012,0.37,0.95,
34,2013,0.39,0.95,
34,2014,0.40,0.95,
34,2015,0.42,0.95,
34,2016,0.58,0.95,
34,2017,0.60,0.95,
34,2018,0.40,0.88,
34,2019,0.39,0.95,
34,2020,0.39,0.95,
34,2021,0.45,0.95,
35,2011,0.31,0.58,
35,2012,0.36,0.70,
35,2013,0.34,0.84,
35,2014,0.27,0.66,
35,2015,0.23,0.51,
35,2016,0.26,0.49,
35,2017,0.27,0.49,
35,2018,0.23,0.50,
35,2019,0.30,0.55,
35,2020,0.31,0.55,
35,2021,0.34,0.55,
36,2011,0.14,0.44,
36,2012,0.16,0.53,
36,2013,0.17,0.63,
36,2014,0.18,0.67,
36,2015,0.23,0.67,
36,2016,0.29,0.67,
36,2017,0.31,0.67,
36,2018,0.31,0.67,
36,2019,0.36,0.78,
36,2020,0.36,0.70,
36,2021,0.57,0.88,
37,2011,0.21,0.48,
37,2012,0.21,0.52,
37,2013,0.20,0.53,
37,2014,0.20,0.53,
37,2015,0.23,0.56,
37,2016,0.24,0.51,
37,2017,0.26,0.53,
37,2018,0.27,0.52,
37,2019,0.27,0.54,
37,2020,0.28,0.53,
37,2021,0.28,0.50,
38,2011,0.16,0.48,
38,2012,0.16,0.51,
38,2013,0.21,0.55,
38,2014,0.21,0.55,
38,2015,0.16,0.50,
38,2016,0.16,0.42,
38,2017,0.18,0.42,
38,2018,0.18,0.42,
38,2019,0.19,0.42,
38,2020,0.20,0.42,
38,2021,0.24,0.42,
39,2011,0.30,0.69,
39,2012,0.33,0.75,
39,2013,0.34,0.74,
39,2014,0.35,0.74,
39,2015,0.25,0.61,
39,2016,0.27,0.59,
39,2017,0.31,0.58,
39,2018,0.37,0.63,
39,2019,0.29,0.58,
39,2020,0.32,0.58,
39,2021,0.33,0.58,
40,2011,0.23,0.67,
40,2012,0.32,0.86,
40,2013,0.30,0.86,
40,2014,0.34,0.85,
40,2015,0.37,0.86,
40,2016,0.38,0.85,
40,2017,0.42,0.85,
40,2018,0.46,0.85,
40,2019,0.42,0.81,
40,2020,0.42,0.77,
40,2021,0.37,0.70,
41,2011,0.22,0.62,
41,2012,0.22,0.63,
41,2013,0.22,0.65,
41,2014,0.22,0.62,
41,2015,0.23,0.57,
41,2016,0.23,0.49,
41,2017,0.24,0.53,
41,2018,0.26,0.58,
41,2019,0.27,0.62,
41,2020,0.28,0.57,
41,2021,0.29,0.63,
42,2011,0.19,0.67,
42,2012,0.21,0.70,
42,2013,0.22,0.71,
42,2014,0.26,0.71,
42,2015,0.30,0.65,
42,2016,0.31,0.55,
42,2017,0.31,0.57,
42,2018,0.31,0.65,
42,2019,0.31,0.61,
42,2020,0.31,0.56,
42,2021,0.35,0.64,
43,2011,0.26,0.63,
43,2012,0.27,0.67,
43,2013,0.30,0.70,
43,2014,0.32,0.70,
43,2015,0.39,0.69,
43,2016,0.32,0.57,
43,2017,0.28,0.62,
43,2018,0.32,0.68,
43,2019,0.37,0.70,
43,2020,0.44,0.70,
43,2021,0.40,0.70,
44,2011,0.19,0.85,
44,2012,0.36,1.16,
44,2013,0.22,0.89,
44,2014,0.32,1.13,
44,2015,0.27,0.93,
44,2016,0.43,1.08,
44,2017,0.41,1.11,
44,2018,0.41,1.14,
44,2019,0.46,1.21,
44,2020,0.55,1.31,
44,2021,0.36,1.11,
45,2011,0.26,0.77,
45,2012,0.26,0.79,
45,2013,0.26,0.79,
45,2014,0.24,0.78,
45,2015,0.24,0.71,
45,2016,0.31,0.70,
45,2017,0.30,0.71,
45,2018,0.22,0.77,
45,2019,0.26,0.79,
45,2020,0.29,0.76,
45,2021,0.27,0.80,
46,2014,0.16,0.24,
46,2015,0.57,0.90,
46,2016,0.59,0.89,
46,2017,0.41,1.04,
46,2018,0.46,1.10,
46,2019,0.44,1.10,
46,2020,0.47,1.08,
46,2021,0.50,0.93,
47,2011,0.18,0.47,
47,2012,0.18,0.30,
47,2013,0.18,0.25,
47,2014,0.19,0.25,
47,2015,0.22,0.26,
47,2015,0.23,0.25,
47,2016,0.23,0.25,
47,2017,0.24,0.26,
47,2018,0.26,0.29,
47,2019,0.26,0.28,
47,2020,0.26,0.26,
47,2021,0.28,0.29,
48,2011,0.23,0.72,
48,2012,0.20,0.72,
48,2013,0.21,0.72,
48,2014,0.20,0.71,
48,2015,0.22,0.73,
48,2016,0.21,0.69,
48,2017,0.21,0.67,
48,2018,0.22,0.67,
48,2019,0.27,0.73,
48,2020,0.21,0.72,
48,2021,0.21,0.72,
49,2011,0.28,0.42,
49,2012,0.28,0.42,
49,2013,0.27,0.41,
49,2014,0.26,0.41,
49,2015,0.23,0.35,
49,2016,0.27,0.35,
49,2017,0.29,0.37,
49,2018,0.29,0.38,
49,2019,0.28,0.36,
49,2020,0.31,0.37,
49,2021,0.31,0.37,
50,2011,0.16,0.24,
50,2012,0.17,0.25,
50,2013,0.18,0.25,
50,2014,0.19,0.25,
50,2015,0.23,0.25,
50,2016,0.23,0.25,
50,2017,0.24,0.26,
50,2018,0.26,0.29,
50,2019,0.26,0.28,
50,2020,0.26,0.26,
50,2021,0.28,0.29,
51,2011,0.19,0.85,
51,2012,0.36,1.16,
51,2013,0.22,0.89,
51,2014,0.32,1.13,
51,2015,0.27,0.93,
51,2016,0.43,1.08,
51,2017,0.41,1.12,
51,2018,0.41,1.07,
51,2019,0.46,1.21,
51,2020,0.55,1.31,
51,2021,0.36,1.11,
52,2011,0.40,0.70,
52,2012,0.34,0.70,
52,2013,0.26,0.70,
52,2014,0.28,0.70,
52,2015,0.34,0.70,
52,2016,0.40,0.69,
52,2017,0.44,0.69,
52,2018,0.41,0.68,
52,2019,0.35,0.66,
52,2020,0.36,0.67,
52,2021,0.38,0.67,
53,2011,0.20,0.40,
53,2012,0.18,0.46,
53,2013,0.17,0.45,
53,2014,0.19,0.47,
53,2015,0.24,0.49,
53,2016,0.24,0.43,
53,2017,0.24,0.41,
53,2018,0.25,0.42,
53,2019,0.25,0.44,
53,2020,0.28,0.44,
53,2021,0.30,0.44,
54,2011,0.14,0.60,
54,2012,0.14,0.60,
54,2013,0.14,0.60,
54,2014,0.05,0.20,
54,2016,0.42,0.65,
54,2017,0.41,0.65,
54,2018,0.42,0.65,
54,2020,0.43,0.65,
54,2021,0.49,0.65,
55,2011,0.18,0.49,
55,2012,0.20,0.48,
55,2013,0.20,0.49,
55,2014,0.24,0.49,
55,2015,0.23,0.42,
55,2016,0.24,0.34,
55,2017,0.24,0.38,
55,2018,0.18,0.45,
55,2019,0.19,0.41,
55,2020,0.20,0.37,
55,2021,0.21,0.44,
56,2011,0.18,0.59,
56,2012,0.20,0.67,
56,2013,0.21,0.67,
56,2014,0.24,0.72,
56,2015,0.31,0.71,
56,2016,0.31,0.60,
56,2017,0.31,0.59,
56,2018,0.31,0.66,
56,2019,0.32,0.68,
56,2020,0.32,0.62,
56,2021,0.36,0.69,
57,2011,0.21,0.60,
57,2012,0.22,0.69,
57,2013,0.21,0.63,
57,2014,0.21,0.65,
57,2015,0.22,0.63,
57,2016,0.22,0.54,
57,2017,0.22,0.50,
57,2018,0.24,0.52,
57,2019,0.24,0.57,
57,2020,0.26,0.55,
57,2021,0.26,0.51,
58,2011,0.32,0.86,
58,2012,0.26,0.86,
58,2013,0.33,0.86,
58,2014,0.34,0.86,
58,2015,0.46,0.86,
58,2016,0.39,0.71,
58,2017,0.23,0.65,
58,2018,0.18,0.65,
58,2019,0.19,0.65,
58,2020,0.21,0.65,
58,2021,0.22,0.65,
59,2011,0.22,0.74,
59,2011,0.03,,
59,2012,0.24,0.74,
59,2013,0.21,0.70,
59,2014,0.25,0.69,
59,2015,0.22,0.69,
59,2016,0.23,0.68,
59,2017,0.23,,
59,2018,0.24,,
59,2019,0.24,,
59,2020,0.26,,
59,2021,0.26,,
60,2011,0.38,0.75,
60,2012,0.41,0.78,
60,2013,0.43,0.79,
60,2014,0.41,0.78,
60,2015,0.30,0.72,
60,2016,0.21,0.63,
60,2017,0.23,0.60,
60,2018,0.23,0.61,
60,2019,0.21,0.67,
60,2020,0.26,0.66,
60,2021,0.31,0.66,
61,2011,0.23,0.59,
61,2012,0.21,0.59,
61,2013,0.20,0.60,
61,2014,0.20,0.62,
61,2015,0.22,0.62,
61,2016,0.22,0.55,
61,2017,0.22,0.52,
61,2018,0.23,0.52,
61,2019,0.24,0.59,
61,2020,0.26,0.55,
61,2021,0.26,0.51,
62,2011,0.21,0.55,
62,2012,0.21,0.59,
62,2013,0.20,0.57,
62,2014,0.20,0.58,
62,2015,0.22,0.59,
62,2016,0.23,0.51,
62,2017,0.23,0.47,
62,2018,0.25,0.51,
62,2019,0.25,0.53,
62,2020,0.26,0.53,
62,2021,0.27,0.51,
63,2011,0.27,0.51,
63,2012,0.17,0.42,
63,2013,0.15,0.42,
63,2014,0.15,0.42,
63,2015,0.16,0.42,
63,2016,0.29,0.45,
63,2017,0.32,0.46,
63,2018,0.32,0.43,
63,2019,0.26,0.55,
63,2020,0.34,0.62,
63,2021,0.35,0.62,
64,2011,0.21,0.60,
64,2012,0.15,0.65,
64,2013,0.18,0.67,
64,2014,0.19,0.63,
64,2015,0.25,0.66,
64,2016,0.30,0.68,
64,2017,0.30,0.68,
64,2018,0.30,0.66,
64,2019,0.33,0.66,
64,2020,0.31,0.66,
64,2021,0.29,0.64,
65,2011,0.56,0.56,
65,2012,0.35,0.61,
65,2013,0.35,0.67,
65,2014,0.33,0.67,
65,2015,0.37,0.67,
65,2016,0.43,0.67,
65,2017,0.47,0.67,
65,2018,0.44,0.63,
65,2019,0.37,0.60,
65,2020,0.37,0.60,
65,2021,0.41,0.60,
66,2011,0.21,0.52,
66,2012,0.21,0.56,
66,2013,0.20,0.54,
66,2014,0.20,0.54,
66,2015,0.23,0.57,
66,2016,0.23,0.51,
66,2017,0.25,0.52,
66,2018,0.27,0.52,
66,2019,0.27,0.55,
66,2020,0.28,0.58,
66,2021,0.27,0.53,
67,2011,0.25,0.58,
67,2012,0.25,0.60,
67,2013,0.27,0.60,
67,2014,0.25,0.59,
67,2015,0.21,0.52,
67,2016,0.18,0.39,
67,2017,0.23,0.38,
67,2018,0.25,0.38,
67,2019,0.27,0.42,
67,2020,0.25,0.39,
67,2021,0.25,0.33,
68,2011,0.21,0.59,
68,2012,0.22,0.63,
68,2013,0.21,0.63,
68,2014,0.21,0.63,
68,2015,0.22,0.64,
68,2016,0.22,0.61,
68,2017,0.22,0.51,
68,2018,0.24,0.52,
68,2019,0.24,0.54,
68,2020,0.26,0.55,
68,2021,0.26,0.53,
69,2011,0.21,0.56,
69,2012,0.22,0.64,
69,2013,0.21,0.63,
69,2014,0.21,0.64,
69,2015,0.22,0.62,
69,2016,0.22,0.49,
69,2017,0.22,0.48,
69,2018,0.24,0.53,
69,2019,0.24,0.56,
69,2020,0.25,0.54,
69,2021,0.26,0.52,
70,2011,0.28,0.45,
70,2012,0.26,0.44,
70,2013,0.30,0.47,
70,2014,0.29,0.44,
70,2014,0.26,0.44,
70,2015,0.29,0.42,
70,2016,0.30,0.43,
70,2017,0.31,0.45,
70,2018,0.34,0.44,
70,2019,0.33,0.44,
70,2020,0.34,0.42,
70,2021,0.38,0.49,
71,2011,0.15,0.22,
71,2012,0.17,0.24,
71,2013,0.18,0.25,
71,2014,0.26,0.32,
71,2015,0.22,0.26,
71,2016,0.23,0.26,
71,2017,0.24,0.27,
71,2018,0.25,0.28,
71,2019,0.25,0.27,
71,2020,0.26,0.27,
71,2021,0.28,0.29,
72,2011,0.23,0.83,
72,2012,0.35,0.94,
72,2013,1.17,1.94,
72,2014,1.58,2.40,
72,2015,1.45,2.26,
72,2017,0.54,0.85,
72,2018,0.42,1.06,
72,2019,0.32,0.83,
72,2020,0.32,0.80,
72,2021,0.36,0.78,
73,2011,0.16,0.24,
73,2012,0.17,0.25,
73,2013,0.18,0.25,
73,2014,0.19,0.25,
73,2015,0.23,0.25,
73,2016,0.23,0.25,
73,2017,0.24,0.26,
73,2018,0.26,0.29,
73,2019,0.26,0.28,
73,2020,0.26,0.26,
73,2021,0.28,0.29,
74,2011,0.21,0.53,
74,2012,0.21,0.59,
74,2013,0.20,0.60,
74,2014,0.20,0.60,
74,2015,0.22,0.58,
74,2016,0.22,0.53,
74,2017,0.22,,
74,2018,0.24,,
74,2019,0.24,,
74,2020,0.26,,
74,2021,0.26,,
75,2011,0.22,0.62,
75,2012,0.22,0.63,
75,2013,0.22,0.65,
75,2014,0.22,0.62,
75,2015,0.23,0.57,
75,2016,0.23,0.49,
75,2017,0.24,0.53,
75,2018,0.26,0.58,
75,2019,0.27,0.62,
75,2020,0.28,0.57,
75,2021,0.29,0.63,
76,2011,0.21,0.52,
76,2012,0.21,0.60,
76,2013,0.20,0.56,
76,2014,0.20,0.55,
76,2015,0.22,0.58,
76,2016,0.22,0.50,
76,2017,0.24,0.49,
76,2018,0.25,0.51,
76,2019,0.26,0.53,
76,2020,0.27,0.56,
76,2021,0.27,0.50,
77,2011,0.21,0.71,
77,2012,0.14,0.71,
77,2013,0.14,0.71,
77,2014,0.15,0.71,
77,2015,0.15,0.71,
77,2016,0.17,0.71,
77,2017,0.19,0.71,
77,2018,0.18,0.71,
77,2019,0.19,0.71,
77,2020,0.25,0.71,
77,2021,0.22,0.71,
78,2011,0.21,0.54,
78,2012,0.21,0.59,
78,2013,0.20,0.60,
78,2014,0.20,0.60,
78,2015,0.22,0.60,
78,2016,0.22,0.55,
78,2017,0.22,,
78,2018,0.24,,
78,2019,0.24,,
78,2020,0.25,,
78,2021,0.26,,
79,2011,0.16,0.24,
79,2012,0.17,0.25,
79,2013,0.18,0.25,
79,2014,0.19,0.25,
79,2015,0.23,0.25,
79,2016,0.23,0.25,
79,2017,0.24,0.26,
79,2018,0.26,0.29,
79,2019,0.26,0.28,
79,2020,0.26,0.26,
79,2021,0.28,0.29,
80,2011,0.39,0.80,
80,2012,0.29,0.81,
80,2013,0.27,0.81,
80,2014,0.23,0.81,
80,2015,0.28,0.81,
80,2016,0.33,0.81,
80,2017,0.27,0.90,
80,2018,0.29,0.92,
80,2019,0.30,0.92,
80,2020,0.30,0.92,
80,2021,0.24,0.92,
81,2011,0.33,0.59,
81,2012,0.38,0.61,
81,2013,0.41,0.60,
81,2014,0.35,0.57,
81,2015,0.32,0.57,
81,2016,0.25,0.57,
81,2017,0.23,0.61,
81,2018,0.26,0.65,
81,2019,0.27,0.65,
81,2020,0.27,0.64,
81,2021,0.28,0.64,
82,2011,0.22,0.62,
82,2012,0.22,0.63,
82,2013,0.22,0.65,
82,2014,0.22,0.62,
82,2015,0.23,0.57,
82,2016,0.23,0.49,
82,2017,0.24,0.53,
82,2018,0.26,0.58,
82,2019,0.27,0.62,
82,2020,0.28,0.57,
82,2021,0.29,0.63,
83,2011,0.14,0.15,
83,2012,0.14,0.15,
83,2013,0.14,0.15,
83,2014,0.15,0.15,
83,2015,0.16,0.16,
83,2016,0.15,0.15,
83,2017,0.21,0.21,
83,2018,0.26,0.26,
83,2019,0.20,0.20,
83,2020,0.51,0.51,
83,2021,0.15,0.15,
84,2011,0.21,0.58,
84,2012,0.22,0.64,
84,2013,0.20,0.61,
84,2014,0.24,0.61,
84,2015,0.22,0.60,
84,2016,0.22,0.56,
84,2017,0.22,0.51,
84,2018,0.24,0.51,
84,2019,0.24,0.54,
84,2020,0.25,0.54,
84,2021,0.26,0.51,
85,2011,0.21,0.52,
85,2012,0.21,0.57,
85,2013,0.20,0.58,
85,2014,0.20,0.60,
85,2015,0.22,0.62,
85,2016,0.22,0.58,
85,2017,0.22,0.54,
85,2018,0.24,0.53,
85,2019,0.24,,
85,2020,0.26,,
85,2021,0.26,,
86,2011,0.25,0.60,
86,2012,0.23,0.64,
86,2013,0.25,0.71,
86,2014,0.21,0.70,
86,2015,0.19,0.70,
86,2016,0.23,0.70,
86,2017,0.30,0.70,
86,2018,0.29,0.70,
86,2019,0.29,0.70,
86,2020,0.30,0.70,
86,2021,0.32,0.70,
87,2011,0.21,0.53,
87,2012,0.21,0.58,
87,2013,0.20,0.57,
87,2014,0.20,0.56,
87,2015,0.23,0.59,
87,2016,0.23,0.52,
87,2017,0.23,0.49,
87,2018,0.25,0.50,
87,2019,0.25,0.52,
87,2020,0.27,0.55,
87,2021,0.27,,
88,2011,0.22,0.65,
88,2012,0.22,0.67,
88,2013,0.21,0.65,
88,2014,0.21,0.67,
88,2015,0.22,0.65,
88,2016,0.22,0.59,
88,2017,0.22,0.51,
88,2018,0.24,0.56,
88,2019,0.24,0.63,
88,2020,0.26,0.56,
88,2021,0.26,0.53,
89,2011,0.16,0.28,
89,2012,0.21,0.30,
89,2013,0.22,0.30,
89,2014,0.23,0.30,
89,2015,0.24,0.30,
89,2016,0.29,0.30,
89,2017,0.30,0.30,
89,2017,0.30,0.30,
90,2011,0.26,0.57,
90,2012,0.22,0.57,
90,2013,0.19,0.43,
90,2014,0.22,0.61,
90,2015,0.22,0.64,
90,2016,0.20,0.29,
90,2017,0.22,0.45,
90,2018,0.24,0.53,
90,2019,0.23,0.68,
90,2020,0.20,0.69,
90,2021,0.20,0.69,
91,2011,0.22,0.64,
91,2012,0.22,0.67,
91,2013,0.21,0.65,
91,2014,0.21,0.66,
91,2015,0.22,0.67,
91,2016,0.22,0.55,
91,2017,0.22,0.53,
91,2018,0.24,0.56,
91,2019,0.24,0.60,
91,2020,0.25,0.54,
91,2021,0.26,0.52,
92,2011,0.16,0.24,
92,2012,0.17,0.25,
92,2013,0.18,0.25,
92,2014,0.19,0.25,
92,2015,0.23,0.25,
92,2016,0.23,0.25,
92,2017,0.24,0.26,
92,2018,0.26,0.29,
92,2019,0.26,0.28,
92,2020,0.26,0.27,
92,2021,0.28,0.29,
93,2011,0.22,0.62,
93,2012,0.22,0.63,
93,2013,0.22,0.65,
93,2014,0.22,0.62,
93,2015,0.23,0.57,
93,2016,0.23,0.49,
93,2017,0.24,0.53,
93,2018,0.26,0.58,
93,2019,0.27,0.62,
93,2020,0.28,0.57,
93,2021,0.29,0.63,
94,2011,0.39,0.87,
94,2012,0.23,0.86,
94,2012,0.36,0.87,
94,2013,0.21,0.72,
94,2014,0.22,0.81,
94,2015,0.22,0.76,
94,2016,0.23,0.71,
94,2017,0.22,0.57,
94,2018,0.24,0.63,
94,2019,0.24,0.62,
94,2020,0.26,0.71,
94,2021,0.27,0.77,
95,2011,0.37,0.90,
95,2012,0.33,0.90,
95,2013,0.33,0.90,
95,2014,0.39,0.90,
95,2015,0.48,0.90,
95,2016,0.33,0.90,
95,2017,0.30,0.90,
95,2018,0.24,0.83,
95,2019,0.23,0.90,
95,2020,0.27,0.90,
95,2021,0.41,0.90,
96,2011,0.15,0.51,
96,2012,0.14,0.50,
96,2013,0.14,0.50,
96,2014,0.15,0.50,
96,2015,0.17,0.50,
96,2016,0.24,0.50,
96,2017,0.28,0.50,
96,2018,0.24,0.50,
96,2019,0.22,0.50,
96,2020,0.23,0.50,
96,2021,0.24,0.50,
97,2011,0.25,0.57,
97,2012,0.29,0.65,
97,2013,0.30,0.65,
97,2014,0.36,0.65,
97,2015,0.38,0.65,
97,2016,0.42,0.65,
97,2017,0.43,0.65,
97,2018,0.34,0.65,
97,2019,0.33,0.65,
97,2020,0.34,0.65,
97,2021,0.37,0.66,
98,2011,0.21,0.59,
98,2012,0.22,0.65,
98,2013,0.21,0.62,
98,2014,0.21,0.63,
98,2015,0.22,0.62,
98,2016,0.22,0.48,
98,2017,0.22,0.48,
98,2018,0.24,0.53,
98,2019,0.24,0.57,
98,2020,0.26,0.56,
98,2021,0.26,0.53,
99,2011,0.16,0.42,
99,2012,0.16,0.43,
99,2013,0.17,0.42,
99,2014,0.17,0.43,
99,2015,0.18,0.41,
99,2016,0.20,0.40,
99,2017,0.20,0.38,
99,2018,0.21,0.38,
99,2019,0.22,0.39,
99,2020,0.23,0.41,
99,2021,0.23,0.36,
100,2011,0.21,0.55,
100,2012,0.21,0.60,
100,2013,0.20,0.60,
100,2014,0.20,0.62,
100,2015,0.22,0.63,
100,2016,0.22,0.53,
100,2017,0.22,0.50,
100,2018,0.23,0.51,
100,2019,0.24,0.59,
100,2020,0.26,0.57,
100,2021,0.26,0.51,
101,2011,0.24,0.49,
101,2012,0.60,0.95,
101,2013,0.54,0.95,
101,2014,0.47,0.95,
101,2015,0.48,0.95,
101,2016,0.54,0.95,
101,2017,0.60,0.95,
101,2018,0.67,0.95,
101,2020,0.60,0.95,
101,2021,0.61,0.95,
102,2011,0.25,0.52,
102,2012,0.20,0.52,
102,2013,0.20,0.52,
102,2014,0.21,0.52,
102,2015,0.22,0.52,
102,2016,0.27,0.52,
102,2017,0.31,0.52,
102,2018,0.32,0.52,
102,2019,0.26,0.52,
102,2020,0.21,0.52,
102,2021,0.30,0.52,
103,2011,0.24,0.60,
103,2012,0.18,0.61,
103,2013,0.20,0.61,
103,2014,0.20,0.61,
103,2015,0.30,0.66,
103,2016,0.39,0.67,
103,2017,0.37,0.67,
103,2018,0.30,0.67,
103,2019,0.34,0.78,
103,2020,0.31,0.67,
103,2021,0.32,0.67,
104,2011,0.31,0.42,
104,2012,0.38,0.44,
104,2013,0.38,0.44,
104,2014,0.38,0.44,
104,2015,0.44,0.44,
104,2016,0.40,0.41,
104,2017,0.41,0.41,
104,2018,0.41,0.41,
104,2019,0.41,0.41,
104,2020,0.41,0.41,
105,2011,0.30,0.70,
105,2012,0.20,0.70,
105,2013,0.20,0.70,
105,2014,0.22,0.70,
105,2015,0.33,0.76,
105,2016,0.43,0.85,
105,2017,0.48,0.85,
105,2018,0.48,0.85,
105,2019,0.35,0.85,
105,2020,0.37,0.85,
105,2021,0.38,0.85,
106,2011,0.95,1.65,
106,2012,0.89,1.70,
106,2013,0.96,1.77,
106,2014,0.97,1.77,
106,2015,0.98,1.78,
106,2016,0.93,1.73,
106,2017,0.98,1.77,
106,2018,1.00,1.77,
106,2019,1.00,1.77,
106,2020,1.00,1.77,
106,2021,1.02,1.77,
107,2011,0.21,0.58,
107,2012,0.22,0.64,
107,2013,0.20,0.61,
107,2014,0.20,0.61,
107,2015,0.22,0.60,
107,2016,0.22,0.56,
107,2017,0.22,0.51,
107,2018,0.24,0.51,
107,2019,0.24,0.54,
107,2020,0.25,0.54,
107,2021,0.26,0.51,
108,2011,0.20,0.67,
108,2012,0.23,0.90,
108,2013,0.31,0.94,
108,2014,0.22,0.88,
108,2015,0.25,0.80,
108,2016,0.18,0.75,
108,2017,0.31,0.87,
108,2018,0.29,0.89,
108,2019,0.28,1.05,
108,2020,0.28,1.00,
108,2021,0.29,1.02,
109,2011,0.26,0.55,
109,2012,0.31,0.55,
109,2013,0.27,0.55,
109,2014,0.28,0.55,
109,2015,0.30,0.55,
109,2016,0.31,0.55,
109,2017,0.32,0.55,
109,2018,0.30,0.55,
109,2019,0.34,0.57,
109,2020,0.38,0.60,
109,2021,0.41,0.60,
110,2011,0.21,0.50,
110,2012,0.21,0.58,
110,2013,0.20,0.60,
110,2014,0.21,0.62,
110,2015,0.22,0.60,
110,2016,0.22,0.50,
110,2017,0.22,0.47,
110,2018,0.24,0.50,
110,2019,0.24,0.54,
110,2020,0.25,0.54,
110,2021,0.26,0.48,
111,2011,0.17,0.51,
111,2012,0.20,0.59,
111,2013,0.32,0.75,
111,2014,0.37,0.86,
111,2015,0.36,0.85,
111,2016,0.37,0.79,
111,2017,0.37,0.75,
111,2018,0.39,0.73,
111,2019,0.40,0.78,
111,2020,0.41,0.79,
111,2021,0.41,0.78,
112,2011,0.21,0.55,
112,2012,0.21,0.54,
112,2013,0.20,0.56,
112,2014,0.20,0.58,
112,2015,0.23,0.59,
112,2016,0.24,0.56,
112,2017,0.25,0.56,
112,2018,0.25,0.52,
112,2019,0.27,0.58,
112,2020,0.27,0.56,
112,2021,0.27,0.52,
113,2011,0.18,0.69,
113,2011,0.19,0.67,
113,2012,0.21,0.70,
113,2013,0.22,0.71,
113,2014,0.27,0.71,
113,2015,0.30,0.65,
113,2016,0.31,0.55,
113,2017,0.31,0.57,
113,2018,0.31,0.65,
113,2019,0.31,0.61,
113,2020,0.31,0.56,
113,2021,0.35,0.64,
114,2011,0.21,0.59,
114,2012,0.22,0.63,
114,2013,0.20,0.61,
114,2014,0.21,0.61,
114,2015,0.22,0.58,
114,2016,0.21,0.44,
114,2017,0.22,,
114,2018,0.24,,
114,2019,0.24,,
114,2020,0.25,,
114,2021,0.26,,
115,2011,0.21,0.54,
115,2012,0.22,0.61,
115,2013,0.20,0.61,
115,2014,0.21,0.63,
115,2015,0.22,0.60,
115,2016,0.22,0.54,
115,2017,0.22,0.49,
115,2018,0.24,0.51,
115,2019,0.24,0.57,
115,2020,0.26,0.56,
115,2021,0.27,0.49,
116,2011,0.24,0.50,
116,2012,0.22,0.56,
116,2013,0.19,0.58,
116,2014,0.22,0.62,
116,2015,0.18,0.57,
116,2016,0.18,0.49,
116,2017,0.21,0.48,
116,2018,0.20,0.46,
116,2019,0.19,0.48,
116,2020,0.21,0.48,
116,2021,0.23,0.48,
117,2011,0.26,0.83,
117,2012,0.24,0.83,
117,2013,0.26,0.86,
117,2014,0.28,0.88,
117,2015,0.32,0.85,
117,2016,0.39,0.83,
117,2017,0.42,0.77,
117,2018,0.37,0.69,
117,2019,0.33,0.70,
117,2020,0.41,0.80,
117,2021,0.45,0.77,
118,2011,0.23,0.64,
118,2012,0.29,0.70,
118,2013,0.31,0.70,
118,2014,0.32,0.70,
118,2015,0.35,0.70,
118,2016,0.47,0.70,
118,2017,0.38,0.70,
118,2018,0.44,0.70,
118,2019,0.49,0.70,
118,2020,0.50,0.70,
118,2021,0.55,0.70,
119,2011,0.18,0.55,
119,2012,0.20,0.58,
119,2013,0.21,0.58,
119,2014,0.22,0.56,
119,2015,0.23,0.40,
119,2016,0.23,0.37,
119,2017,0.24,0.35,
119,2018,0.26,0.29,
119,2019,0.26,0.28,
119,2020,0.26,0.26,
119,2021,0.28,0.29,
120,2011,0.33,0.77,
120,2012,0.34,0.84,
120,2013,0.32,0.84,
120,2014,0.19,0.84,
120,2015,0.20,0.84,
120,2016,0.22,0.84,
120,2017,0.27,0.84,
120,2018,0.39,0.84,
120,2019,0.40,0.77,
120,2020,0.42,0.84,
120,2021,0.41,0.84,
121,2011,0.21,0.62,
121,2012,0.22,0.63,
121,2013,0.21,0.65,
121,2014,0.21,0.64,
121,2015,0.22,0.64,
121,2016,0.22,0.60,
121,2017,0.22,0.57,
121,2018,0.24,0.56,
121,2019,0.24,0.59,
121,2020,0.26,0.62,
121,2021,0.26,0.54,
122,2011,0.31,0.80,
122,2012,0.22,0.80,
122,2013,0.20,0.80,
122,2014,0.23,0.80,
122,2015,0.26,0.80,
122,2016,0.36,0.80,
122,2017,0.37,0.80,
122,2018,0.37,0.80,
122,2019,0.33,0.80,
122,2020,0.34,0.80,
122,2021,0.46,0.80,
123,2011,0.21,0.52,
123,2012,0.21,0.57,
123,2013,0.20,0.55,
123,2014,0.20,0.55,
123,2015,0.22,0.56,
123,2016,0.23,0.53,
123,2017,0.24,0.51,
123,2018,0.25,0.50,
123,2019,0.27,0.54,
123,2020,0.28,0.56,
123,2021,0.27,0.52,
124,2011,0.23,0.80,
124,2012,0.22,0.87,
124,2013,0.25,0.90,
124,2014,0.28,0.90,
124,2015,0.37,0.90,
124,2016,0.46,0.90,
124,2017,0.52,0.90,
124,2018,0.41,0.90,
124,2019,0.39,0.90,
124,2020,0.40,0.90,
124,2021,0.42,0.90,
125,2011,0.20,0.60,
125,2012,0.14,0.60,
125,2013,0.14,0.60,
125,2014,0.16,0.66,
125,2015,0.15,0.75,
125,2016,0.16,0.75,
125,2017,0.17,0.75,
125,2018,0.18,0.75,
125,2019,0.19,0.75,
125,2020,0.20,0.75,
125,2021,0.20,0.75,
126,2011,0.22,0.74,
126,2012,0.23,0.81,
126,2013,0.22,0.87,
126,2014,0.22,0.88,
126,2015,0.23,0.87,
126,2016,0.23,0.82,
126,2017,0.23,0.77,
126,2018,0.25,0.79,
126,2019,0.25,0.81,
126,2020,0.27,0.93,
126,2021,0.28,0.91,
127,2011,0.19,0.36,
127,2012,0.19,0.36,
127,2013,0.20,0.37,
127,2014,0.21,0.39,
127,2015,0.23,0.40,
127,2016,0.24,0.36,
127,2017,0.24,0.34,
127,2018,0.27,0.36,
127,2019,0.23,0.35,
127,2020,0.26,0.37,
127,2021,0.28,0.36,
128,2011,0.21,0.61,
128,2012,0.22,0.65,
128,2013,0.21,0.65,
128,2014,0.21,0.66,
128,2015,0.22,0.68,
128,2016,0.22,0.60,
128,2017,0.22,0.51,
128,2018,0.24,0.52,
128,2019,0.24,0.56,
128,2020,0.26,0.58,
128,2021,0.26,0.54,
129,2011,0.19,0.67,
129,2012,0.20,0.68,
129,2013,0.22,0.71,
129,2014,0.24,0.69,
129,2015,0.30,0.65,
129,2016,0.31,0.56,
129,2017,0.31,0.59,
129,2018,0.31,0.69,
129,2019,0.31,0.63,
129,2020,0.31,0.57,
129,2021,0.36,0.68,
130,2011,0.15,0.15,
130,2012,0.08,0.08,
130,2013,0.08,0.08,
130,2014,0.08,0.08,
130,2015,0.08,0.08,
130,2016,0.08,0.08,
130,2017,0.08,0.09,
130,2018,0.08,0.08,
130,2019,0.08,0.08,
130,2020,0.10,0.10,
130,2021,0.09,0.09,
131,2011,0.21,0.53,
131,2012,0.22,0.62,
131,2013,0.20,0.61,
131,2014,0.21,0.63,
131,2015,0.22,0.63,
131,2016,0.22,0.53,
131,2017,0.22,,
131,2018,0.24,,
131,2019,0.24,,
131,2020,0.25,,
131,2021,0.26,,
132,2011,0.26,0.53,
132,2012,0.20,0.53,
132,2013,0.20,0.53,
132,2014,0.19,0.53,
132,2015,0.20,0.53,
132,2016,0.20,0.42,
132,2017,0.20,0.39,
132,2018,0.21,0.41,
132,2019,0.23,0.45,
132,2020,0.25,0.45,
132,2021,0.25,0.42,
133,2011,0.21,0.53,
133,2012,0.21,0.58,
133,2013,0.20,0.57,
133,2014,0.20,0.56,
133,2015,0.23,0.59,
133,2016,0.23,0.52,
133,2017,0.23,0.49,
133,2018,0.25,0.50,
133,2019,0.25,0.52,
133,2020,0.27,0.55,
133,2021,0.27,0.51,
134,2011,0.21,0.58,
134,2012,0.22,0.62,
134,2013,0.20,0.63,
134,2014,0.20,0.62,
134,2015,0.22,0.59,
134,2016,0.22,0.48,
134,2017,0.22,,
134,2018,0.24,,
134,2019,0.24,,
134,2020,0.26,,
134,2021,0.26,,
135,2011,0.22,0.43,
135,2012,0.19,0.45,
135,2013,0.17,0.41,
135,2014,0.20,0.47,
135,2015,0.18,0.37,
135,2016,0.22,0.38,
135,2017,0.25,0.39,
135,2018,0.30,0.43,
135,2019,0.29,0.42,
135,2020,0.31,0.40,
135,2021,0.26,0.40,
136,2011,0.45,0.91,
136,2012,0.41,0.91,
136,2013,0.34,0.91,
136,2014,0.39,0.91,
136,2015,0.47,0.91,
136,2016,0.51,0.89,
136,2017,0.46,0.81,
136,2018,0.44,0.82,
136,2019,0.44,0.82,
136,2020,0.50,0.82,
136,2021,0.52,0.82,
137,2011,0.31,0.69,
137,2012,0.16,0.70,
137,2013,0.20,0.61,
137,2014,0.25,0.54,
137,2015,0.23,0.47,
137,2016,0.24,0.47,
137,2019,0.34,0.22,
137,2020,,,
137,2021,0.20,0.26,
138,2011,0.71,0.95,
138,2012,0.66,0.95,
138,2013,0.62,0.95,
138,2015,0.63,0.95,
138,2016,0.67,0.95,
138,2019,0.73,0.95,
138,2020,0.73,0.95,
139,2011,0.14,0.50,
139,2012,0.14,0.50,
139,2013,0.15,0.50,
139,2014,0.21,0.55,
139,2015,0.26,0.60,
139,2016,0.26,0.60,
139,2017,0.29,0.60,
139,2018,0.31,0.60,
139,2019,0.21,0.60,
139,2020,0.20,0.60,
139,2021,0.20,0.60,
140,2011,0.21,0.54,
140,2012,0.21,0.60,
140,2013,0.20,0.59,
140,2014,0.20,0.61,
140,2015,0.22,0.58,
140,2016,0.22,0.49,
140,2017,0.22,0.50,
140,2018,0.24,0.54,
140,2019,0.24,0.57,
140,2020,0.25,0.55,
140,2021,0.26,0.51,
141,2011,0.21,0.49,
141,2012,0.21,0.58,
141,2013,0.20,0.59,
141,2014,0.20,0.60,
141,2015,0.22,0.58,
141,2016,0.22,0.52,
141,2017,0.22,,
141,2018,0.24,,
141,2019,0.24,,
141,2020,0.25,,
141,2021,0.26,,
142,2017,0.95,0.95,
143,2011,0.14,0.15,
143,2012,0.14,0.15,
143,2013,0.14,0.15,
143,2014,0.15,0.15,
143,2015,0.17,0.17,
143,2016,0.15,0.15,
143,2017,0.21,0.21,
143,2018,0.25,0.25,
143,2019,0.22,0.22,
143,2020,0.21,0.21,
143,2021,0.15,0.15,
144,2011,0.14,0.15,
144,2012,0.14,0.15,
144,2013,0.14,0.15,
144,2014,0.15,0.15,
144,2015,0.15,0.15,
144,2016,0.15,0.15,
144,2017,0.19,0.19,
144,2018,0.22,0.22,
144,2019,0.22,0.22,
144,2020,0.21,0.21,
144,2021,0.15,0.15,
145,2011,0.19,0.68,
145,2012,0.17,0.69,
145,2013,0.20,0.69,
145,2014,0.18,0.66,
145,2015,0.19,0.59,
145,2016,0.21,0.53,
145,2017,0.20,0.51,
145,2018,0.23,0.56,
145,2019,0.21,0.62,
145,2020,0.24,0.62,
145,2021,0.22,0.55,
146,2011,0.54,0.75,
146,2012,0.41,0.75,
146,2013,0.42,0.75,
146,2014,0.29,0.75,
146,2015,0.28,0.73,
146,2016,0.26,0.65,
146,2017,0.33,0.65,
146,2018,0.34,0.65,
146,2019,0.29,0.65,
146,2020,0.29,0.65,
146,2021,0.30,0.65,
147,2011,0.21,0.54,
147,2012,0.21,0.55,
147,2013,0.20,0.52,
147,2014,0.20,0.53,
147,2015,0.23,0.57,
147,2016,0.23,0.48,
147,2017,0.24,0.49,
147,2018,0.26,0.51,
147,2019,0.27,0.53,
147,2020,0.28,0.52,
147,2021,0.28,0.50,
148,2015,0.30,0.81,
148,2016,0.34,0.81,
148,2017,0.36,0.82,
148,2018,0.31,0.83,
148,2019,0.30,0.81,
148,2020,0.35,0.82,
148,2021,0.33,0.81,
149,2011,0.27,0.93,
149,2012,0.36,1.16,
149,2013,0.22,0.89,
149,2014,0.32,1.13,
149,2015,0.27,0.93,
149,2016,0.43,1.08,
149,2017,0.41,1.11,
149,2018,0.44,1.17,
149,2019,0.46,1.21,
149,2020,0.55,1.31,
149,2021,0.36,1.11,
150,2011,0.38,0.84,
150,2012,0.42,0.84,
150,2013,0.42,0.84,
150,2014,0.44,0.84,
150,2015,0.46,0.84,
150,2016,0.45,0.77,
150,2017,0.43,0.75,
150,2018,0.33,0.75,
150,2019,0.32,0.75,
150,2020,0.33,0.75,
150,2021,0.37,0.75,
151,2011,0.21,0.55,
151,2012,0.21,0.61,
151,2013,0.20,0.61,
151,2014,0.21,0.62,
151,2015,0.22,0.61,
151,2016,0.22,0.47,
151,2017,0.22,0.49,
151,2018,0.24,0.53,
151,2019,0.24,0.56,
151,2020,0.26,0.55,
151,2021,0.26,0.50,
152,2011,0.27,0.67,
152,2012,0.29,0.86,
152,2013,0.33,0.99,
152,2014,0.33,1.00,
152,2015,0.34,1.00,
152,2016,0.38,1.00,
152,2017,0.24,1.00,
152,2018,0.23,1.00,
152,2019,0.22,0.92,
152,2020,0.25,1.00,
152,2021,0.27,1.00,
153,2011,0.21,0.49,
153,2012,0.21,0.58,
153,2013,0.20,0.59,
153,2014,0.20,0.60,
153,2015,0.22,0.58,
153,2016,0.22,0.52,
153,2017,0.22,0.50,
153,2018,0.24,0.53,
153,2019,0.24,0.57,
153,2020,0.25,0.38,
153,2021,0.26,0.45,
154,2011,0.21,0.55,
154,2012,0.22,0.64,
154,2013,0.20,0.60,
154,2014,0.21,0.62,
154,2015,0.22,0.62,
154,2016,0.22,0.52,
154,2017,0.22,0.48,
154,2018,0.23,0.50,
154,2019,0.24,0.56,
154,2020,0.25,0.54,
154,2021,0.26,0.52,
155,2011,0.21,0.52,
155,2012,0.19,0.55,
155,2013,0.17,0.53,
155,2014,0.17,0.52,
155,2015,0.16,0.47,
155,2016,0.17,0.41,
155,2017,0.17,0.42,
155,2018,0.18,0.42,
155,2019,0.19,0.41,
155,2020,0.20,0.41,
155,2021,0.20,0.41,
156,2011,0.19,0.58,
156,2012,0.23,0.67,
156,2013,0.19,0.58,
156,2014,0.19,0.56,
156,2015,0.21,0.53,
156,2016,0.24,0.47,
156,2017,0.23,0.46,
156,2018,0.27,0.54,
156,2019,0.23,0.54,
156,2020,0.24,0.51,
156,2021,0.24,0.51,
157,2011,0.21,0.49,
157,2012,0.21,0.54,
157,2013,0.20,0.54,
157,2014,0.20,0.55,
157,2015,0.22,0.58,
157,2016,0.23,0.51,
157,2017,0.23,0.49,
157,2018,0.24,0.50,
157,2019,0.25,0.55,
157,2020,0.26,0.54,
157,2021,0.26,0.51,
158,2011,0.21,0.57,
158,2012,0.22,0.66,
158,2013,0.21,0.64,
158,2014,0.21,0.64,
158,2015,0.22,0.62,
158,2016,0.22,0.53,
158,2017,0.22,0.51,
158,2018,0.24,0.52,
158,2019,0.24,0.58,
158,2020,0.26,0.56,
158,2021,0.26,0.53,
159,2011,0.21,0.57,
159,2012,0.22,0.65,
159,2013,0.21,0.62,
159,2014,0.21,0.62,
159,2015,0.22,0.63,
159,2016,0.22,0.56,
159,2017,0.23,0.52,
159,2018,0.24,0.54,
159,2019,0.24,0.59,
159,2020,0.26,0.57,
159,2021,0.26,0.54,
160,2011,0.21,0.60,
160,2012,0.22,0.66,
160,2013,0.21,0.66,
160,2014,0.21,0.67,
160,2015,0.22,0.65,
160,2016,0.22,0.57,
160,2017,0.22,0.55,
160,2018,0.24,0.55,
160,2019,0.24,0.60,
160,2020,0.26,0.56,
160,2021,0.26,0.53,
161,2011,0.21,0.58,
161,2012,0.21,0.60,
161,2013,0.20,0.56,
161,2014,0.20,0.55,
161,2015,0.23,0.56,
161,2016,0.24,0.45,
161,2017,0.25,0.48,
161,2018,0.27,0.51,
161,2019,0.28,0.54,
161,2020,0.28,0.55,
161,2021,0.29,0.51,
162,2011,0.21,0.59,
162,2012,0.22,0.61,
162,2013,0.20,0.60,
162,2014,0.20,0.62,
162,2015,0.22,0.66,
162,2016,0.22,0.57,
162,2017,0.22,0.51,
162,2018,0.24,0.54,
162,2019,0.24,0.58,
162,2020,0.26,0.56,
162,2021,0.26,0.52,
163,2011,0.22,0.73,
163,2012,0.23,0.89,
163,2013,0.21,0.72,
163,2014,0.22,0.81,
163,2015,0.22,0.76,
163,2016,0.23,0.71,
163,2017,0.22,0.57,
163,2018,0.24,0.63,
163,2019,0.24,0.62,
163,2020,0.26,0.71,
163,2021,0.27,0.77,
164,2011,0.15,0.22,
164,2012,0.17,0.24,
164,2013,0.18,0.25,
164,2014,0.19,0.25,
164,2015,0.23,0.26,
164,2016,0.23,0.26,
164,2017,0.23,0.26,
164,2018,0.25,0.28,
164,2019,0.25,0.27,
164,2020,0.26,0.27,
164,2021,0.28,0.29,
165,2011,0.19,0.67,
165,2012,0.21,0.70,
165,2013,0.22,0.71,
165,2014,0.27,0.71,
165,2015,0.30,0.65,
165,2016,0.31,0.55,
165,2017,0.31,0.57,
165,2018,0.31,0.65,
165,2019,0.31,0.61,
165,2020,0.31,0.56,
165,2021,0.35,0.64,
166,2011,0.19,0.85,
166,2012,0.36,1.16,
166,2013,0.22,0.89,
166,2014,0.33,1.14,
166,2015,0.27,0.93,
166,2016,0.43,1.08,
166,2017,0.41,1.11,
166,2018,0.44,1.17,
166,2019,0.46,1.21,
166,2020,0.55,1.31,
166,2021,0.36,1.11,
167,2011,0.21,0.56,
167,2012,0.22,0.61,
167,2013,0.20,0.59,
167,2014,0.20,0.61,
167,2015,0.22,0.60,
167,2016,0.22,0.52,
167,2017,0.22,0.48,
167,2018,0.23,0.50,
167,2019,0.24,0.56,
167,2020,0.25,0.54,
167,2021,0.26,0.52,
168,2015,0.44,1.07,
168,2016,0.51,1.07,
168,2017,0.54,1.07,
168,2018,0.51,1.07,
169,2011,0.19,0.85,
169,2012,0.36,1.16,
169,2013,0.22,0.89,
169,2014,0.32,1.13,
169,2015,0.28,0.95,
169,2016,0.44,1.09,
169,2017,0.41,1.11,
169,2018,0.44,1.17,
169,2019,0.46,1.21,
169,2020,0.55,1.31,
169,2021,0.36,1.11,
170,2011,0.45,1.02,
170,2012,0.42,1.02,
170,2013,0.43,1.02,
170,2014,0.42,1.02,
170,2015,0.44,1.02,
170,2016,0.53,1.02,
170,2017,0.59,1.02,
170,2018,0.56,1.02,
170,2019,0.51,1.02,
170,2020,0.52,1.02,
170,2021,0.62,1.07,
171,2011,0.30,0.71,
171,2012,0.31,0.76,
171,2013,0.27,0.71,
171,2014,0.28,0.73,
171,2015,0.37,0.79,
171,2016,0.32,0.62,
171,2017,0.31,0.61,
171,2018,0.36,0.67,
171,2019,0.37,0.73,
171,2020,0.35,0.65,
171,2021,0.36,0.64,
172,2011,0.21,0.62,
172,2012,0.26,0.76,
172,2013,0.35,0.88,
172,2014,0.38,0.92,
172,2015,0.44,0.92,
172,2016,0.46,0.92,
172,2017,0.37,0.92,
172,2018,0.33,0.92,
172,2019,0.36,0.92,
172,2020,0.41,0.92,
172,2021,0.41,0.92,
173,2011,0.21,0.62,
173,2012,0.22,0.67,
173,2013,0.21,0.64,
173,2014,0.21,0.63,
173,2015,0.22,0.67,
173,2016,0.22,0.64,
173,2017,0.22,0.55,
173,2018,0.23,0.53,
173,2019,0.24,0.54,
173,2020,0.25,0.56,
173,2021,0.26,0.53,
174,2011,0.31,0.69,
174,2012,0.29,0.75,
174,2013,0.28,0.73,
174,2014,0.31,0.72,
174,2015,0.32,0.69,
174,2016,0.37,0.66,
174,2017,0.30,0.62,
174,2018,0.27,0.64,
174,2019,0.21,0.56,
174,2020,0.25,0.56,
174,2021,0.28,0.59,
175,2011,0.18,0.49,
175,2012,0.20,0.48,
175,2013,0.20,0.49,
175,2014,0.22,0.46,
175,2015,0.26,0.44,
175,2016,0.24,0.34,
175,2017,0.24,0.38,
175,2018,0.18,0.45,
175,2019,0.19,0.41,
175,2020,0.20,0.37,
175,2021,0.21,0.44,
176,2011,0.16,0.24,
176,2012,0.17,0.25,
176,2013,0.18,0.25,
176,2014,0.19,0.25,
176,2015,0.23,0.25,
176,2016,0.23,0.25,
176,2017,0.24,0.26,
176,2018,0.26,0.29,
176,2019,0.26,0.28,
176,2020,0.26,0.26,
176,2021,0.28,0.29,
177,2011,0.21,0.57,
177,2012,0.22,0.62,
177,2013,0.21,0.62,
177,2014,0.21,0.64,
177,2015,0.22,0.63,
177,2016,0.22,0.53,
177,2017,0.22,0.50,
177,2018,0.24,0.53,
177,2019,0.24,0.58,
177,2020,0.25,0.53,
177,2021,0.26,0.53,
178,2011,0.18,0.49,
178,2012,0.20,0.48,
178,2013,0.20,0.49,
178,2014,0.22,0.46,
178,2015,0.23,0.42,
178,2016,0.24,0.34,
178,2017,0.24,0.38,
178,2018,0.18,0.45,
178,2019,0.19,0.41,
178,2020,0.20,0.37,
178,2021,0.21,0.44,
179,2011,0.21,0.52,
179,2012,0.21,0.57,
179,2013,0.20,0.55,
179,2014,0.20,0.55,
179,2015,0.22,0.56,
179,2016,0.23,0.53,
179,2017,0.24,0.51,
179,2018,0.25,0.50,
179,2019,0.27,0.54,
179,2020,0.28,0.56,
179,2021,0.27,0.52,
180,2011,0.27,0.60,
180,2012,0.17,0.60,
180,2013,0.24,0.67,
180,2014,0.63,0.96,
180,2015,0.62,0.96,
180,2016,0.59,0.96,
180,2017,0.47,0.77,
180,2018,0.41,0.75,
180,2019,0.35,0.75,
181,2011,0.39,0.65,
181,2012,0.19,0.65,
181,2013,0.19,0.65,
181,2014,0.26,0.65,
181,2015,0.35,0.65,
181,2016,0.37,0.65,
181,2017,0.42,0.65,
181,2018,0.37,0.65,
181,2019,0.23,0.65,
181,2020,0.25,0.65,
181,2021,0.28,0.65,
182,2011,0.21,0.52,
182,2012,0.21,0.57,
182,2013,0.20,0.55,
182,2014,0.20,0.55,
182,2015,0.22,0.56,
182,2016,0.23,0.53,
182,2017,0.24,,
182,2018,0.25,,
182,2019,0.27,,
182,2020,0.28,,
182,2021,0.27,,
183,2011,0.19,0.55,
183,2012,0.15,0.55,
183,2013,0.42,0.85,
183,2014,0.65,1.00,
183,2015,0.60,0.94,
183,2016,0.44,0.67,
183,2017,0.25,0.51,
183,2018,0.23,0.51,
183,2019,0.20,0.51,
183,2020,0.20,0.50,
183,2021,0.25,0.50,
184,2011,0.19,0.39,
184,2012,0.20,0.41,
184,2013,0.21,0.42,
184,2014,0.20,0.44,
184,2015,0.21,0.45,
184,2016,0.21,0.41,
184,2017,0.27,0.44,
184,2018,0.29,0.44,
184,2019,0.30,0.45,
184,2020,0.29,0.46,
184,2021,0.26,0.45,
185,2011,0.24,0.45,
185,2012,0.28,0.50,
185,2013,0.25,0.48,
185,2014,0.25,0.47,
185,2015,0.25,0.40,
185,2016,0.24,0.35,
185,2017,0.27,0.40,
185,2018,0.30,0.44,
185,2019,0.28,0.41,
185,2020,0.28,0.36,
185,2021,0.31,0.42,
186,2012,0.30,0.64,
186,2013,0.38,0.90,
186,2014,0.38,0.90,
186,2015,0.48,0.93,
186,2016,0.52,0.90,
186,2017,0.54,0.90,
186,2018,0.46,0.83,
186,2019,0.49,0.90,
186,2020,0.55,0.90,
186,2021,0.40,0.90,
187,2011,0.14,0.15,
187,2012,0.14,0.15,
187,2013,0.14,0.15,
187,2014,0.15,0.15,
187,2015,0.15,0.15,
187,2016,0.15,0.15,
187,2017,0.18,0.18,
187,2018,0.19,0.19,
187,2019,0.19,0.19,
187,2020,0.19,0.19,
187,2021,0.15,0.15,
188,2011,0.22,0.64,
188,2012,0.22,0.70,
188,2013,0.21,0.69,
188,2014,0.21,0.69,
188,2015,0.22,0.71,
188,2016,0.22,0.57,
188,2017,0.22,0.52,
188,2018,0.24,0.57,
188,2019,0.24,0.60,
188,2020,0.26,0.60,
188,2021,0.26,0.56,
189,2011,0.26,0.60,
189,2012,0.24,0.63,
189,2013,0.21,0.60,
189,2014,0.23,0.59,
189,2015,0.23,0.56,
189,2016,0.24,0.47,
189,2017,0.24,0.47,
189,2018,0.26,0.29,
189,2019,0.26,0.28,
189,2020,0.26,0.26,
189,2021,0.28,0.29,
190,2011,0.36,0.69,
190,2012,0.31,0.62,
190,2013,0.30,0.62,
190,2014,0.28,0.62,
190,2015,0.31,0.62,
190,2016,0.34,0.59,
190,2017,0.29,0.55,
190,2018,0.29,0.55,
190,2019,0.28,0.55,
190,2020,0.28,0.55,
190,2021,0.30,0.55,
191,2011,0.17,0.50,
191,2012,0.18,0.53,
191,2013,0.19,0.52,
191,2014,0.21,0.53,
191,2015,0.19,0.45,
191,2016,0.19,0.43,
191,2017,0.19,0.42,
191,2017,0.20,0.44,
191,2018,0.19,0.46,
191,2019,0.19,0.47,
191,2020,0.20,0.41,
191,2021,0.20,0.39,
192,2011,0.28,0.25,
192,2012,0.30,0.27,
192,2013,0.28,0.24,
192,2014,0.26,0.23,
192,2015,0.24,0.20,
192,2016,0.23,0.21,
192,2017,0.26,0.23,
192,2018,0.26,0.23,
192,2019,0.25,0.22,
192,2020,,,
192,2021,0.34,0.28,
193,2011,0.09,0.09,0.09
193,2012,0.10,0.10,0.10
193,2013,0.11,0.11,0.11
193,2014,0.12,0.18,0.04
193,2015,0.13,0.15,0.11
193,2016,0.14,0.14,0.12
193,2017,0.16,0.16,0.13
193,2018,0.19,0.17,0.13
193,2019,0.19,0.17,0.13
193,2020,,,
193,2021,0.18,0.16,
194,2011,0.12,0.10,
194,2012,0.12,0.10,
194,2013,0.12,0.11,
194,2014,0.12,0.10,
194,2015,0.13,0.11,
194,2016,0.13,0.11,
194,2017,0.13,0.12,
194,2018,0.14,0.12,
194,2019,0.15,0.13,
194,2020,,,
194,2021,0.19,0.14,
195,2011,0.09,0.12,0.18
195,2019,0.15,0.17,0.23
195,2020,,,
195,2021,,,
198,2011,0.10,0.12,0.11
198,2012,0.10,0.11,0.11
198,2013,0.10,0.11,0.11
198,2014,0.10,0.11,0.11
198,2015,0.10,0.12,0.11
198,2016,0.10,0.12,0.11
198,2017,0.10,0.12,0.11
198,2018,0.10,0.11,0.09
198,2019,0.10,0.11,0.11
198,2020,,,
198,2021,0.10,0.11,
199,2011,0.19,0.20,0.16
199,2012,0.20,0.22,0.17
199,2013,0.20,0.22,0.17
199,2014,0.21,0.23,0.19
199,2015,0.22,0.23,0.18
199,2016,0.22,0.23,0.19
199,2018,,,
199,2020,,,
199,2021,,,
200,2011,0.11,0.11,
200,2012,0.11,0.11,
200,2013,0.11,0.11,
200,2014,0.11,0.11,
200,2015,0.11,0.12,
200,2016,0.12,0.12,
200,2017,0.11,0.12,
200,2018,0.11,0.10,
200,2019,0.11,0.12,
200,2020,,,
200,2021,,,
