fips_code,name,start_year,end_year,is_most_recent,estimated_pop_age_total,estimated_pop_age_under_5,estimated_pop_age_5_9,estimated_pop_age_10_14,estimated_pop_age_15_19,estimated_pop_age_20_24,estimated_pop_age_25_34,estimated_pop_age_35_44,estimated_pop_age_45_54,estimated_pop_age_55_59,estimated_pop_age_60_64,estimated_pop_age_65_74,estimated_pop_age_75_84,estimated_pop_age_85_plus,estimated_pop_age_median_age,estimated_pop_age_under_18,estimated_pop_age_18_plus,estimated_pop_age_21_plus,estimated_pop_age_62_plus,estimated_pop_age_65_plus,estimated_pop_total,estimated_pop_male,estimated_pop_female
0200065,Adak,2019,2023,1,141,3,0,1,3,15,6,2,48,14,28,17,0,4,53.6,4,137,134,40,21,141,89,52
0200650,Akhiok,2019,2023,1,117,3,0,0,0,8,35,8,14,46,0,0,0,3,50.3,3,114,114,3,3,117,72,45
0200760,Akiachak,2019,2023,1,629,104,93,66,32,58,82,47,55,30,10,44,8,0,22.6,292,337,329,62,52,629,295,334
0200870,Akiak,2019,2023,1,273,21,28,39,36,8,33,36,21,7,13,28,0,3,25.6,107,166,149,38,31,273,150,123
0201090,Akutan,2019,2023,1,737,13,9,4,4,60,177,203,125,47,56,37,2,0,40.4,28,709,707,46,39,737,563,174
0201200,Alakanuk,2019,2023,1,997,133,93,136,112,58,158,112,61,64,24,36,10,0,21.5,438,559,506,52,46,997,566,431
0201305,Alatna,2019,2023,1,22,0,0,0,1,1,1,11,0,0,0,7,1,0,43.6,0,22,20,8,8,22,9,13
0201390,Alcan Border,2019,2023,1,5,0,0,0,0,0,2,0,2,1,0,0,0,0,47.3,0,5,5,0,0,5,5,0
0201420,Aleknagik,2019,2023,1,109,2,4,7,3,7,17,9,4,19,12,21,2,2,55.4,16,93,92,37,25,109,51,58
0201560,Aleneva,2019,2023,1,0,0,0,0,0,0,0,0,0,0,0,0,0,0,,0,0,0,0,0,0,0,0
0201860,Allakaket,2019,2023,1,173,37,24,2,5,1,66,14,2,16,4,0,0,2,26.6,68,105,105,6,2,173,115,58
0201970,Ambler,2019,2023,1,201,21,28,12,4,10,30,16,15,8,6,32,14,5,33.8,65,136,130,54,51,201,100,101
0202080,Anaktuvuk Pass,2019,2023,1,277,37,35,27,32,12,61,23,16,10,6,15,3,0,23.2,120,157,141,19,18,277,163,114
0203110,Anchor Point,2019,2023,1,2291,65,117,133,104,63,173,284,354,198,195,397,168,40,51.4,391,1900,1866,701,605,2291,1254,1037
0203000,Anchorage,2019,2023,1,289069,18776,20339,18403,17885,21171,48210,41120,33555,16784,16890,23679,9768,2489,34.9,68654,220415,209556,45864,35936,289069,147620,141449
0203220,Anderson,2019,2023,1,160,2,13,13,17,24,14,23,13,8,11,21,1,0,33,35,125,114,28,22,160,93,67
0203440,Angoon,2019,2023,1,467,39,28,33,16,54,28,57,42,16,44,67,25,18,43.3,113,354,349,133,110,467,263,204
0203550,Aniak,2019,2023,1,571,29,30,63,34,32,94,76,29,31,103,38,9,3,35.3,153,418,399,64,50,571,333,238
0203880,Anvik,2019,2023,1,85,7,8,8,5,27,3,6,6,3,2,5,5,0,24.3,26,59,56,12,10,85,34,51
0203990,Arctic Village,2019,2023,1,177,17,31,13,31,3,27,18,21,5,6,0,5,0,19.8,77,100,83,11,5,177,95,82
0204210,Atka,2019,2023,1,26,4,5,5,0,0,6,2,2,1,1,0,0,0,13.7,14,12,12,1,0,26,15,11
0204430,Atmautluak,2019,2023,1,38,3,4,6,0,2,7,12,0,4,0,0,0,0,26,13,25,25,0,0,38,21,17
0204500,Atqasuk,2019,2023,1,139,8,15,20,11,5,41,19,10,3,4,3,0,0,28.8,53,86,83,3,3,139,96,43
0204670,Attu Station,2019,2023,1,15,0,0,0,0,0,15,0,0,0,0,0,0,0,,0,15,15,0,0,15,15,0
0205000,Badger,2019,2023,1,19033,1223,1073,1568,1289,1327,3137,3078,1743,1567,902,1230,752,144,34.3,4656,14377,13520,2685,2126,19033,10592,8441
0205585,Bear Creek,2019,2023,1,1360,55,26,159,120,0,210,116,252,104,184,134,0,0,44.9,360,1000,1000,271,134,1360,735,625
0205750,Beaver,2019,2023,1,82,0,10,19,0,0,15,6,1,4,9,12,6,0,33.7,29,53,53,27,18,82,43,39
0206245,Beluga,2019,2023,1,5,0,0,0,0,0,3,0,0,0,0,0,2,0,,0,5,5,2,2,5,5,0
0206520,Bethel,2019,2023,1,6313,555,569,445,430,500,1079,773,639,501,348,335,61,78,30.9,1861,4452,4230,678,474,6313,3509,2804
0206630,Bettles,2019,2023,1,0,0,0,0,0,0,0,0,0,0,0,0,0,0,,0,0,0,0,0,0,0,0
0206850,Big Delta,2019,2023,1,646,45,47,78,98,39,47,39,72,63,23,95,0,0,29.7,239,407,378,118,95,646,411,235
0207070,Big Lake,2019,2023,1,3291,176,244,189,215,171,533,419,333,269,285,330,104,23,36.9,734,2557,2395,585,457,3291,1793,1498
0207620,Birch Creek,2019,2023,1,5,0,0,0,0,0,0,5,0,0,0,0,0,0,,0,5,5,0,0,5,5,0
0208740,Brevig Mission,2019,2023,1,691,91,93,102,27,49,110,73,31,40,25,40,10,0,22,307,384,370,59,50,691,345,346
0209600,Buckland,2019,2023,1,629,71,75,75,68,52,115,56,39,20,20,10,25,3,21.6,271,358,322,51,38,629,363,266
0209657,Buffalo Soapstone,2019,2023,1,799,34,52,40,47,37,80,84,103,57,79,154,32,0,48.2,168,631,603,246,186,799,412,387
0209710,Butte,2019,2023,1,3905,233,273,330,217,260,427,489,516,311,263,352,156,78,40.1,1015,2890,2803,741,586,3905,2033,1872
0210150,Cantwell,2019,2023,1,121,4,2,3,4,0,18,15,4,9,2,25,30,5,64.5,10,111,108,61,60,121,73,48
0211690,Central,2019,2023,1,93,0,11,10,10,0,0,6,11,3,20,22,0,0,47.9,31,62,62,26,22,93,51,42
0211800,Chalkyitsik,2019,2023,1,103,9,13,14,0,0,33,23,2,5,0,4,0,0,29.9,36,67,67,4,4,103,57,46
0212350,Chase,2019,2023,1,25,0,0,0,0,0,0,0,0,0,0,25,0,0,,0,25,25,25,25,25,13,12
0212680,Chefornak,2019,2023,1,530,64,90,40,40,17,91,52,21,15,31,57,12,0,27,221,309,296,87,69,530,292,238
0212920,Chena Ridge,2019,2023,1,5927,384,261,609,282,315,879,846,968,192,577,399,215,0,38.5,1435,4492,4368,917,614,5927,3053,2874
0212970,Chenega,2019,2023,1,54,3,4,3,14,7,6,4,4,0,0,9,0,0,21.5,16,38,30,9,9,54,26,28
0213230,Chevak,2019,2023,1,464,45,56,81,31,14,92,51,32,12,25,20,5,0,25.7,195,269,246,46,25,464,253,211
0213340,Chickaloon,2019,2023,1,318,41,4,14,0,18,63,14,11,27,17,82,23,4,49.1,59,259,259,121,109,318,150,168
0213450,Chicken,2019,2023,1,0,0,0,0,0,0,0,0,0,0,0,0,0,0,,0,0,0,0,0,0,0,0
0213550,Chignik,2019,2023,1,28,2,0,2,2,0,5,3,2,1,3,6,2,0,44.5,6,22,22,8,8,28,10,18
0213670,Chignik Lagoon,2019,2023,1,31,2,0,2,5,0,1,5,0,4,6,6,0,0,55.1,6,25,22,12,6,31,12,19
0213780,Chignik Lake,2019,2023,1,31,4,1,3,5,0,0,6,2,3,3,4,0,0,35.8,9,22,18,4,4,31,17,14
0213860,Chiniak,2019,2023,1,0,0,0,0,0,0,0,0,0,0,0,0,0,0,,0,0,0,0,0,0,0,0
0213890,Chisana,2019,2023,1,0,0,0,0,0,0,0,0,0,0,0,0,0,0,,0,0,0,0,0,0,0,0
0214000,Chistochina,2019,2023,1,52,0,8,0,0,4,0,3,9,6,10,4,6,2,58.5,8,44,40,12,12,52,14,38
0214110,Chitina,2019,2023,1,100,21,12,4,4,8,5,11,7,2,12,12,2,0,31.5,40,60,59,19,14,100,59,41
0214330,Chuathbaluk,2019,2023,1,89,2,9,8,9,15,4,3,7,2,20,10,0,0,31.2,22,67,61,22,10,89,48,41
0214880,Circle,2019,2023,1,48,0,5,13,0,0,0,5,5,0,6,4,6,4,52.2,18,30,30,20,14,48,13,35
0215320,Clam Gulch,2019,2023,1,294,12,12,12,10,43,33,31,24,10,22,63,18,4,42.5,46,248,248,98,85,294,166,128
0215430,Clark's Point,2019,2023,1,19,0,5,0,0,0,1,0,4,0,2,5,0,2,53.8,5,14,14,9,7,19,7,12
0216360,Coffman Cove,2019,2023,1,249,37,13,35,4,0,17,39,7,28,8,46,15,0,38.4,89,160,160,64,61,249,163,86
0216420,Cohoe,2019,2023,1,1619,130,53,106,153,52,125,198,220,155,174,204,48,1,44.6,394,1225,1177,359,253,1619,790,829
0216530,Cold Bay,2019,2023,1,153,10,4,0,1,38,18,27,13,30,6,6,0,0,35.9,14,139,138,8,6,153,56,97
0216630,Coldfoot,2019,2023,1,300,0,0,0,0,37,122,0,52,89,0,0,0,0,33.8,0,300,300,0,0,300,234,66
0216750,College,2019,2023,1,11730,1036,587,459,755,1181,2126,1471,962,375,662,1546,420,150,32.9,2481,9249,8606,2507,2116,11730,6429,5301
0217190,Cooper Landing,2019,2023,1,231,19,21,0,0,0,60,3,64,42,0,22,0,0,46.3,40,191,191,22,22,231,89,142
0217300,Copper Center,2019,2023,1,312,2,29,32,16,17,38,34,29,29,23,49,11,3,41.1,74,238,224,75,63,312,177,135
0217410,Cordova,2019,2023,1,2405,161,150,132,145,150,351,254,205,214,206,342,76,19,37.8,526,1879,1780,586,437,2405,1210,1195
0217670,Covenant Life,2019,2023,1,19,0,0,0,0,0,0,0,19,0,0,0,0,0,,0,19,19,0,0,19,11,8
0217740,Craig,2019,2023,1,1063,50,55,51,80,56,137,126,151,65,91,153,44,4,42.5,201,862,821,237,201,1063,571,492
0217850,Crooked Creek,2019,2023,1,18,0,2,0,4,0,3,0,5,0,1,3,0,0,36.5,2,16,12,4,3,18,9,9
0217960,Crown Point,2019,2023,1,76,0,0,0,0,0,0,28,0,0,32,16,0,0,62.4,0,76,76,48,16,76,23,53
0218510,Deering,2019,2023,1,205,29,22,18,19,14,47,15,18,5,6,10,2,0,28.1,82,123,112,17,12,205,103,102
0218620,Delta Junction,2019,2023,1,1154,104,65,98,50,48,187,269,113,41,56,66,41,16,36.1,301,853,827,148,123,1154,717,437
0218675,Deltana,2019,2023,1,2064,171,190,157,135,89,259,234,295,68,132,187,118,29,36.3,614,1450,1369,397,334,2064,1019,1045
0218805,Denali Park,2019,2023,1,787,6,11,0,0,0,89,481,86,91,0,23,0,0,44.4,17,770,770,23,23,787,674,113
0218925,Diamond Ridge,2019,2023,1,1338,89,67,139,44,94,160,156,134,113,78,198,51,15,40.5,336,1002,965,311,264,1338,653,685
0218950,Dillingham,2019,2023,1,2084,183,190,165,131,135,347,263,151,115,217,140,33,14,31.3,618,1466,1405,348,187,2084,1016,1068
0219060,Diomede,2019,2023,1,25,3,5,1,0,0,10,2,4,0,0,0,0,0,27.9,9,16,16,0,0,25,11,14
0219720,Dot Lake,2019,2023,1,0,0,0,0,0,0,0,0,0,0,0,0,0,0,,0,0,0,0,0,0,0,0
0219750,Dot Lake Village,2019,2023,1,0,0,0,0,0,0,0,0,0,0,0,0,0,0,,0,0,0,0,0,0,0,0
0220020,Dry Creek,2019,2023,1,147,44,0,0,0,18,0,0,19,66,0,0,0,0,50.6,44,103,103,0,0,147,100,47
0220380,Eagle,2019,2023,1,94,0,0,0,3,0,4,9,4,7,11,35,20,1,70.8,3,91,91,56,56,94,59,35
0220600,Eagle Village,2019,2023,1,64,8,7,4,5,5,0,6,0,0,12,17,0,0,35.5,19,45,35,21,17,64,55,9
0220716,Eareckson Station,2019,2023,1,144,0,0,0,0,30,16,35,16,12,28,7,0,0,40.8,0,144,137,19,7,144,126,18
0220970,Edna Bay,2019,2023,1,13,0,0,0,0,0,0,13,0,0,0,0,0,0,,0,13,13,0,0,13,13,0
0221040,Eek,2019,2023,1,332,18,44,42,34,24,36,24,65,8,14,16,7,0,25.3,130,202,190,32,23,332,179,153
0221150,Egegik,2019,2023,1,50,0,0,0,2,0,11,21,9,5,2,0,0,0,42.3,2,48,48,0,0,50,44,6
0221370,Eielson AFB,2019,2023,1,3133,403,666,178,69,545,831,392,25,5,0,0,8,11,21.9,1263,1870,1679,19,19,3133,1809,1324
0221810,Ekwok,2019,2023,1,35,2,0,4,2,2,7,0,3,6,1,3,5,0,52.5,8,27,27,8,8,35,14,21
0222140,Elfin Cove,2019,2023,1,13,0,0,0,0,0,0,0,0,0,0,13,0,0,,0,13,13,13,13,13,6,7
0222250,Elim,2019,2023,1,278,20,29,41,41,27,23,29,26,17,10,14,1,0,20.9,113,165,138,22,15,278,167,111
0222910,Emmonak,2019,2023,1,945,138,115,49,48,79,132,129,51,32,45,115,11,1,28.1,341,604,595,145,127,945,520,425
0223460,Ester,2019,2023,1,2784,85,157,67,144,86,737,374,343,177,274,335,5,0,36.9,371,2413,2330,582,340,2784,1818,966
0223720,Eureka Roadhouse,2019,2023,1,0,0,0,0,0,0,0,0,0,0,0,0,0,0,,0,0,0,0,0,0,0,0
0223790,Evansville,2019,2023,1,15,0,0,0,0,0,8,1,0,0,2,4,0,0,28.9,0,15,15,6,4,15,13,2
0223900,Excursion Inlet,2019,2023,1,66,0,0,0,0,0,12,0,19,28,7,0,0,0,58.1,0,66,66,7,0,66,44,22
0224230,Fairbanks,2019,2023,1,32242,2624,2542,1859,1730,4401,6751,3509,2795,1284,1017,2544,918,268,28.6,7994,24248,22898,4274,3730,32242,17299,14943
0224660,False Pass,2019,2023,1,95,20,7,1,15,4,13,16,0,11,0,8,0,0,32.1,36,59,52,8,8,95,55,40
0225000,Farm Loop,2019,2023,1,2940,188,165,183,276,73,330,545,329,193,165,312,158,23,40.6,718,2222,2098,588,493,2940,1477,1463
0224980,Farmers Loop,2019,2023,1,4887,288,428,302,330,125,882,740,566,353,307,294,256,16,36.5,1194,3693,3539,711,566,4887,2629,2258
0225220,Ferry,2019,2023,1,33,8,0,0,0,0,5,0,0,6,0,6,0,8,56.6,8,25,25,14,14,33,19,14
0225550,Fishhook,2019,2023,1,5461,308,384,515,460,177,540,881,513,385,394,708,131,65,39.8,1497,3964,3687,1076,904,5461,3003,2458
0225880,Flat,2019,2023,1,0,0,0,0,0,0,0,0,0,0,0,0,0,0,,0,0,0,0,0,0,0,0
0226100,Fort Greely,2019,2023,1,85,0,0,0,0,43,22,0,10,0,10,0,0,0,25,0,85,81,10,0,85,55,30
0226760,Fort Yukon,2019,2023,1,583,28,34,56,32,37,38,79,67,31,38,96,30,17,43.7,145,438,433,169,143,583,268,315
0226835,Four Mile Road,2019,2023,1,0,0,0,0,0,0,0,0,0,0,0,0,0,0,,0,0,0,0,0,0,0,0
0226870,Fox,2019,2023,1,13,0,0,0,0,0,0,0,0,0,0,13,0,0,,0,13,13,13,13,13,13,0
0226910,Fox River,2019,2023,1,605,111,62,73,37,70,97,42,40,23,17,20,8,5,22.1,270,335,315,45,33,605,310,295
0227090,Fritz Creek,2019,2023,1,2432,180,129,123,82,63,282,317,364,186,220,356,108,22,45.8,488,1944,1918,605,486,2432,1240,1192
0227145,Funny River,2019,2023,1,1127,0,0,28,0,0,70,46,155,225,268,297,29,9,60.4,28,1099,1099,427,335,1127,614,513
0227420,Gakona,2019,2023,1,200,23,17,15,6,0,33,19,21,16,9,32,4,5,36.4,61,139,139,50,41,200,106,94
0227530,Galena,2019,2023,1,565,57,32,43,22,37,91,104,70,31,11,36,31,0,36.1,152,413,411,72,67,565,250,315
0227640,Gambell,2019,2023,1,464,37,38,36,42,47,85,46,51,23,25,19,13,2,27.6,139,325,294,47,34,464,247,217
0227700,Game Creek,2019,2023,1,0,0,0,0,0,0,0,0,0,0,0,0,0,0,,0,0,0,0,0,0,0,0
0228200,Gateway,2019,2023,1,6716,534,738,729,429,318,891,1275,760,295,231,368,119,29,32.6,2301,4415,4258,625,516,6716,3251,3465
0228590,Glacier View,2019,2023,1,209,20,0,0,5,9,24,55,3,33,10,29,21,0,41.8,25,184,184,50,50,209,104,105
0228740,Glennallen,2019,2023,1,601,58,49,75,37,22,83,43,101,42,39,15,23,14,33.5,203,398,381,83,52,601,281,320
0229130,Goldstream,2019,2023,1,3238,105,184,171,209,305,83,627,540,149,220,537,108,0,44.5,637,2601,2418,727,645,3238,1450,1788
0229180,Golovin,2019,2023,1,205,14,13,33,21,10,14,34,17,13,10,23,3,0,31.6,75,130,121,34,26,205,129,76
0229290,Goodnews Bay,2019,2023,1,113,17,15,3,3,5,21,18,14,11,3,3,0,0,32.6,38,75,75,6,3,113,48,65
0230060,Grayling,2019,2023,1,171,18,9,20,12,2,16,35,10,8,18,7,13,3,36.4,58,113,112,29,23,171,93,78
0230500,Gulkana,2019,2023,1,73,0,0,4,5,0,4,7,6,7,7,22,11,0,64.1,9,64,64,37,33,73,39,34
0230940,Gustavus,2019,2023,1,610,3,8,44,60,39,37,31,107,64,51,84,76,6,51.5,90,520,482,200,166,610,319,291
0231050,Haines,2019,2023,1,1781,61,133,165,107,30,98,192,233,116,172,298,152,24,49.4,456,1325,1315,547,474,1781,881,900
0231270,Halibut Cove,2019,2023,1,214,0,16,35,4,0,81,22,14,10,0,15,0,17,32.1,55,159,159,32,32,214,124,90
0231710,Happy Valley,2019,2023,1,773,24,23,51,32,37,29,76,36,56,97,172,108,32,61.5,113,660,637,373,312,773,395,378
0231765,Harding-Birch Lakes,2019,2023,1,206,0,0,0,16,0,0,13,68,43,46,20,0,0,59.1,16,190,190,46,20,206,143,63
0232150,Healy,2019,2023,1,723,46,23,82,55,30,85,86,99,41,29,133,14,0,39.8,185,538,517,161,147,723,339,384
0232310,Healy Lake,2019,2023,1,31,5,0,0,3,0,0,3,5,8,7,0,0,0,53.8,8,23,23,4,0,31,17,14
0232550,Hobart Bay,2019,2023,1,0,0,0,0,0,0,0,0,0,0,0,0,0,0,,0,0,0,0,0,0,0,0
0232810,Hollis,2019,2023,1,147,0,25,0,0,0,0,0,0,42,17,63,0,0,63.4,25,122,122,80,63,147,107,40
0233030,Holy Cross,2019,2023,1,229,16,3,32,31,3,26,20,20,26,25,23,1,3,35.5,82,147,146,44,27,229,161,68
0233140,Homer,2019,2023,1,5750,278,298,335,358,331,773,768,606,308,403,856,297,139,40,1108,4642,4403,1525,1292,5750,3021,2729
0233360,Hoonah,2019,2023,1,894,40,40,28,15,63,170,80,107,92,54,152,49,4,46.5,110,784,767,245,205,894,555,339
0233470,Hooper Bay,2019,2023,1,1008,126,123,83,95,35,112,125,169,42,52,34,12,0,30.1,406,602,572,72,46,1008,516,492
0233580,Hope,2019,2023,1,28,0,0,0,0,0,9,8,11,0,0,0,0,0,40.6,0,28,28,0,0,28,19,9
0233800,Houston,2019,2023,1,1693,75,71,95,113,94,246,174,245,126,174,211,61,8,42.4,313,1380,1318,366,280,1693,1010,683
0233910,Hughes,2019,2023,1,32,0,3,4,0,1,2,0,2,0,3,14,3,0,70.2,7,25,25,17,17,32,13,19
0234350,Huslia,2019,2023,1,136,10,25,16,7,24,18,7,8,9,5,7,0,0,23.4,56,80,78,8,7,136,78,58
0234460,Hydaburg,2019,2023,1,297,18,7,26,22,10,42,39,32,8,22,45,20,6,39.8,72,225,219,86,71,297,156,141
0234570,Hyder,2019,2023,1,16,0,0,0,0,0,0,0,0,0,0,16,0,0,,0,16,16,16,16,16,8,8
0234790,Igiugig,2019,2023,1,68,2,6,8,13,3,5,10,6,4,7,0,0,4,28,19,49,39,11,4,68,24,44
0235120,Iliamna,2019,2023,1,45,0,4,1,2,0,4,2,3,3,5,12,9,0,62.5,7,38,38,24,21,45,19,26
0235890,Ivanof Bay,2019,2023,1,0,0,0,0,0,0,0,0,0,0,0,0,0,0,,0,0,0,0,0,0,0,0
0236400,Juneau,2019,2023,1,31969,1586,1968,1850,2060,1607,4542,4847,4145,2077,2447,3296,1406,138,39.8,6497,25472,24125,6474,4840,31969,16350,15619
0236540,Kachemak,2019,2023,1,835,74,78,60,30,16,97,124,78,49,49,116,62,2,37.6,226,609,588,215,180,835,373,462
0236770,Kake,2019,2023,1,598,50,66,27,33,22,75,69,67,43,38,63,40,5,38,166,432,413,141,108,598,301,297
0236990,Kaktovik,2019,2023,1,153,12,12,15,10,8,27,24,25,2,6,5,7,0,32.4,46,107,104,13,12,153,94,59
0237250,Kalifornsky,2019,2023,1,8136,418,543,635,674,320,874,1217,1099,386,662,959,182,167,40.6,2004,6132,5759,1652,1308,8136,4136,4000
0237430,Kaltag,2019,2023,1,146,0,13,3,6,18,0,39,42,12,6,7,0,0,43,20,126,124,9,7,146,92,54
0237540,Karluk,2019,2023,1,26,0,0,0,4,9,0,8,1,0,0,4,0,0,30.5,0,26,22,4,4,26,16,10
0237650,Kasaan,2019,2023,1,72,2,12,4,0,0,12,3,6,14,9,5,5,0,52.5,18,54,54,16,10,72,45,27
0237975,Kasigluk,2019,2023,1,692,87,68,91,72,47,75,85,53,30,32,26,20,6,21.6,293,399,356,62,52,692,339,353
0238090,Kasilof,2019,2023,1,404,0,0,46,0,104,0,87,39,0,27,101,0,0,44.2,46,358,358,101,101,404,204,200
0238420,Kenai,2019,2023,1,7562,535,490,569,446,590,1278,954,1000,471,398,580,218,33,34.1,1839,5723,5424,1102,831,7562,3869,3693
0238910,Kenny Lake,2019,2023,1,232,27,15,15,23,16,0,45,13,9,9,38,22,0,41.4,80,152,136,69,60,232,123,109
0238970,Ketchikan,2019,2023,1,8151,383,658,464,462,490,1371,1132,850,573,588,793,284,103,36.9,1777,6374,6082,1489,1180,8151,4195,3956
0239300,Kiana,2019,2023,1,471,39,60,45,44,51,55,49,28,27,18,36,15,4,24.8,168,303,276,67,55,471,269,202
0239410,King Cove,2019,2023,1,1204,36,44,79,79,141,132,171,224,84,62,84,35,33,39.1,208,996,934,172,152,1204,705,499
0239630,King Salmon,2019,2023,1,354,45,15,9,8,7,80,57,31,23,30,33,14,2,37,75,279,276,53,49,354,183,171
0239740,Kipnuk,2019,2023,1,488,50,53,58,48,27,79,38,52,23,27,19,6,8,25.9,189,299,276,39,33,488,252,236
0239960,Kivalina,2019,2023,1,813,83,124,138,53,61,86,94,69,41,17,29,15,3,20.7,384,429,403,56,47,813,474,339
0240400,Klawock,2019,2023,1,744,24,56,44,30,27,85,67,130,46,60,97,62,16,47.8,146,598,587,210,175,744,431,313
0240510,Klukwan,2019,2023,1,89,1,3,6,10,0,6,19,12,2,4,16,8,2,44.8,20,69,69,28,26,89,48,41
0240670,Knik River,2019,2023,1,858,55,67,41,30,73,147,88,89,56,83,113,13,3,37.1,183,675,660,188,129,858,510,348
0240645,Knik-Fairview,2019,2023,1,18921,1534,1571,1642,1286,944,2972,2476,2262,1032,1182,1454,478,88,33.6,5712,13209,12666,2728,2020,18921,9516,9405
0240840,Kobuk,2019,2023,1,125,16,20,16,8,9,14,17,14,0,2,3,6,0,22.1,57,68,65,11,9,125,72,53
0240950,Kodiak,2019,2023,1,5497,173,316,321,504,448,425,971,614,495,300,582,209,139,40.8,1057,4440,4031,1096,930,5497,2940,2557
0241210,Kodiak Station,2019,2023,1,1941,152,274,132,108,297,650,244,74,7,3,0,0,0,25.1,629,1312,1225,3,0,1941,1134,807
0241280,Kokhanok,2019,2023,1,91,17,9,12,1,0,20,19,3,5,3,2,0,0,28.4,38,53,52,5,2,91,32,59
0241500,Koliganek,2019,2023,1,224,16,23,39,30,15,21,19,15,11,17,13,2,3,21.4,94,130,115,29,18,224,112,112
0241610,Kongiganak,2019,2023,1,262,26,32,32,27,17,41,27,16,17,15,12,0,0,23.4,108,154,145,18,12,262,161,101
0241720,Kotlik,2019,2023,1,1166,177,155,171,101,89,146,94,107,41,38,32,15,0,18.6,567,599,557,65,47,1166,621,545
0241830,Kotzebue,2019,2023,1,3046,293,250,268,268,146,516,416,352,124,196,147,50,20,31,986,2060,1946,330,217,3046,1520,1526
0241940,Koyuk,2019,2023,1,306,21,35,27,23,41,47,15,22,12,20,39,4,0,26.7,100,206,191,52,43,306,189,117
0242050,Koyukuk,2019,2023,1,44,0,0,4,0,0,8,4,6,0,17,0,0,5,55,4,40,40,22,5,44,18,26
0242160,Kupreanof,2019,2023,1,7,0,0,0,0,0,0,0,0,0,0,5,2,0,71.5,0,7,7,7,7,7,4,3
0242380,Kwethluk,2019,2023,1,852,124,94,69,86,62,129,90,84,45,37,16,13,3,24.2,347,505,473,54,32,852,449,403
0242490,Kwigillingok,2019,2023,1,461,60,46,41,33,52,58,38,37,31,30,14,14,7,24.9,168,293,268,53,35,461,209,252
0242805,Lake Louise,2019,2023,1,0,0,0,0,0,0,0,0,0,0,0,0,0,0,,0,0,0,0,0,0,0,0
0242820,Lake Minchumina,2019,2023,1,14,0,0,0,0,0,0,0,0,2,3,4,5,0,72.3,0,14,14,12,9,14,8,6
0243040,Larsen Bay,2019,2023,1,108,4,3,3,0,3,10,2,26,7,30,11,9,0,56,10,98,98,27,20,108,34,74
0243260,Lazy Mountain,2019,2023,1,1472,47,53,140,125,113,115,134,194,111,171,174,75,20,45.2,298,1174,1090,328,269,1472,698,774
0243810,Levelock,2019,2023,1,18,0,0,2,0,5,1,5,0,2,0,3,0,0,44.2,2,16,16,3,3,18,12,6
0244030,Lime Village,2019,2023,1,9,0,0,0,0,0,3,0,3,0,0,3,0,0,53.5,0,9,9,3,3,9,6,3
0244580,Livengood,2019,2023,1,11,0,0,0,0,0,0,0,0,4,7,0,0,0,,0,11,11,0,0,11,4,7
0245020,Loring,2019,2023,1,0,0,0,0,0,0,0,0,0,0,0,0,0,0,,0,0,0,0,0,0,0,0
0245295,Lowell Point,2019,2023,1,0,0,0,0,0,0,0,0,0,0,0,0,0,0,,0,0,0,0,0,0,0,0
0245460,Lower Kalskag,2019,2023,1,234,29,38,22,10,5,40,25,15,10,12,22,6,0,30.1,93,141,132,38,28,234,134,100
0245700,Lutak,2019,2023,1,13,0,0,0,0,0,0,0,0,0,0,0,13,0,,0,13,13,13,13,13,6,7
0246780,Manley Hot Springs,2019,2023,1,20,0,0,0,0,0,0,0,0,3,0,3,10,4,76,0,20,20,17,17,20,11,9
0246890,Manokotak,2019,2023,1,693,61,78,50,61,55,109,68,55,45,22,71,18,0,28.1,229,464,438,96,89,693,341,352
0247000,Marshall,2019,2023,1,426,51,43,68,29,30,81,16,28,30,18,22,10,0,23.3,178,248,228,41,32,426,223,203
0245790,McCarthy,2019,2023,1,2,0,0,0,0,0,1,0,1,0,0,0,0,0,,0,2,2,0,0,2,2,0
0246010,McGrath,2019,2023,1,195,6,9,14,9,8,25,18,14,23,9,47,11,2,53.3,38,157,157,66,60,195,78,117
0247735,Meadow Lakes,2019,2023,1,8994,425,758,675,571,732,1031,1218,1107,685,627,835,314,16,37.9,2230,6764,6367,1538,1165,8994,4858,4136
0247990,Mekoryuk,2019,2023,1,290,15,21,28,13,6,32,23,23,48,35,28,18,0,50.1,73,217,211,60,46,290,150,140
0248200,Mendeltna,2019,2023,1,58,0,0,0,0,0,0,0,33,0,17,0,8,0,53.7,0,58,58,25,8,58,21,37
0248540,Mentasta Lake,2019,2023,1,94,7,11,13,4,3,8,3,11,5,5,21,3,0,36.3,31,63,59,26,24,94,54,40
0248590,Mertarvik,2019,2023,1,0,0,0,0,0,0,0,0,0,0,0,0,0,0,,0,0,0,0,0,0,0,0
0248870,Metlakatla,2019,2023,1,1338,80,98,104,104,81,131,200,114,136,84,146,48,12,38.5,342,996,946,254,206,1338,743,595
0249200,Mill Bay,2019,2023,1,3541,299,324,412,63,58,476,761,207,165,364,286,100,26,35.5,1035,2506,2388,641,412,3541,1925,1616
0249530,Minto,2019,2023,1,190,0,25,21,16,28,21,30,14,7,14,0,9,5,28.5,59,131,128,22,14,190,137,53
0250080,Moose Creek,2019,2023,1,332,0,0,0,0,112,56,19,58,41,14,0,32,0,31,0,332,332,32,32,332,185,147
0250190,Moose Pass,2019,2023,1,79,0,0,0,5,0,49,0,0,0,19,0,6,0,26.5,0,79,74,25,6,79,48,31
0250800,Mosquito Lake,2019,2023,1,137,0,0,0,0,0,0,0,74,7,9,47,0,0,54.4,0,137,137,47,47,137,72,65
0251180,Mountain Village,2019,2023,1,872,62,128,97,127,46,117,78,40,59,83,11,24,0,21.2,365,507,438,92,35,872,468,404
0251455,Mud Bay,2019,2023,1,58,0,0,0,0,0,0,0,10,0,25,9,14,0,63.8,0,58,58,48,23,58,34,24
0251960,Nabesna,2019,2023,1,0,0,0,0,0,0,0,0,0,0,0,0,0,0,,0,0,0,0,0,0,0,0
0252060,Naknek,2019,2023,1,458,19,21,19,14,23,119,23,58,27,85,24,21,5,40.7,71,387,385,68,50,458,317,141
0252210,Nanwalek,2019,2023,1,208,20,16,7,76,5,12,13,10,11,18,20,0,0,19,80,128,89,23,20,208,81,127
0252390,Napakiak,2019,2023,1,595,56,72,88,63,26,58,85,62,30,24,18,13,0,22.2,261,334,316,43,31,595,298,297
0252720,Napaskiak,2019,2023,1,563,63,51,90,60,18,66,79,21,19,10,83,3,0,23.9,244,319,299,86,86,563,302,261
0252845,Naukati Bay,2019,2023,1,97,0,0,0,0,12,28,0,0,40,9,8,0,0,58.2,0,97,97,17,8,97,60,37
0252915,Nelchina,2019,2023,1,106,0,0,24,16,0,0,17,34,0,0,15,0,0,39.8,40,66,66,15,15,106,40,66
0252940,Nelson Lagoon,2019,2023,1,83,0,0,0,0,19,5,0,22,9,11,6,11,0,52.5,0,83,83,24,17,83,49,34
0253050,Nenana,2019,2023,1,527,55,60,27,22,61,72,48,51,11,18,78,19,5,31.5,164,363,363,117,102,527,223,304
0253710,New Stuyahok,2019,2023,1,466,42,36,49,40,26,78,35,90,17,6,32,12,3,30,150,316,293,51,47,466,280,186
0253270,Newhalen,2019,2023,1,100,3,18,11,10,6,21,6,10,4,7,4,0,0,27.5,35,65,58,8,4,100,52,48
0253820,Newtok,2019,2023,1,40,4,0,3,4,2,6,8,0,0,0,9,4,0,38.3,11,29,29,13,13,40,21,19
0253930,Nightmute,2019,2023,1,67,0,6,3,11,8,6,7,15,7,0,4,0,0,25.9,16,51,42,4,4,67,37,30
0254050,Nikiski,2019,2023,1,4656,290,376,427,225,180,632,652,272,271,347,576,341,67,37.1,1269,3387,3338,1222,984,4656,2478,2178
0254085,Nikolaevsk,2019,2023,1,202,6,6,21,11,0,25,29,19,23,10,39,8,5,45.6,44,158,158,57,52,202,117,85
0254150,Nikolai,2019,2023,1,89,4,2,4,0,1,26,6,12,7,12,5,6,4,49.8,10,79,79,21,15,89,45,44
0254260,Nikolski,2019,2023,1,1,0,0,0,0,0,0,0,0,0,1,0,0,0,,0,1,1,0,0,1,0,1
0254480,Ninilchik,2019,2023,1,1009,97,37,50,73,25,91,71,90,87,134,162,88,4,52.7,218,791,752,338,254,1009,542,467
0254700,Noatak,2019,2023,1,700,81,59,113,54,63,106,42,61,27,36,32,14,12,23.7,289,411,381,74,58,700,407,293
0254920,Nome,2019,2023,1,3668,307,243,337,270,276,566,488,505,219,169,195,75,18,31.6,1066,2602,2485,372,288,3668,1809,1859
0255030,Nondalton,2019,2023,1,73,5,2,11,8,3,5,12,6,3,6,12,0,0,36.2,24,49,47,12,12,73,38,35
0255140,Noorvik,2019,2023,1,722,65,78,87,55,26,67,58,55,29,146,34,18,4,32.4,274,448,428,199,56,722,340,382
0255745,North Lakes,2019,2023,1,10583,617,768,946,859,544,1407,1549,1356,624,630,942,265,76,36.4,2924,7659,7292,1717,1283,10583,5477,5106
0255910,North Pole,2019,2023,1,2663,304,367,235,70,149,679,430,110,70,43,163,32,11,29.2,967,1696,1673,216,206,2663,1550,1113
0256220,Northway,2019,2023,1,202,12,23,55,16,0,8,17,15,13,0,21,10,12,16.2,106,96,96,43,43,202,104,98
0256320,Nuiqsut,2019,2023,1,529,87,79,38,30,20,71,42,74,9,11,53,5,10,27.1,229,300,294,73,68,529,265,264
0256350,Nulato,2019,2023,1,284,31,9,35,23,8,12,41,30,20,25,35,15,0,39.7,97,187,185,69,50,284,149,135
0256600,Nunam Iqua,2019,2023,1,0,0,0,0,0,0,0,0,0,0,0,0,0,0,,0,0,0,0,0,0,0,0
0256680,Nunapitchuk,2019,2023,1,766,103,112,74,58,68,74,88,37,33,28,72,15,4,23.4,320,446,413,110,91,766,356,410
0257340,Old Harbor,2019,2023,1,186,20,25,5,4,34,11,18,19,26,6,12,3,3,33,54,132,132,18,18,186,105,81
0258330,Oscarville,2019,2023,1,56,3,9,4,10,6,4,7,6,4,0,0,0,3,20.5,16,40,26,3,3,56,27,29
0258550,Ouzinkie,2019,2023,1,97,0,3,0,8,3,16,18,7,16,5,12,9,0,51.3,11,86,86,26,21,97,47,50
0258660,Palmer,2019,2023,1,6141,418,330,378,543,546,1067,730,623,296,278,543,292,97,32.9,1398,4743,4343,1077,932,6141,3070,3071
0259320,Paxson,2019,2023,1,20,0,0,0,0,0,0,0,0,0,0,11,9,0,,0,20,20,20,20,20,9,11
0259540,Pedro Bay,2019,2023,1,14,2,0,0,0,0,2,0,0,5,3,0,2,0,57.8,2,12,12,5,2,14,3,11
0259650,Pelican,2019,2023,1,45,0,0,0,4,4,2,3,10,4,7,4,7,0,52.8,4,41,41,18,11,45,22,23
0260200,Perryville,2019,2023,1,95,18,11,14,10,0,11,20,3,3,3,2,0,0,17.6,50,45,42,5,2,95,43,52
0260310,Petersburg,2019,2023,1,3346,154,181,218,168,190,322,420,415,281,258,486,210,43,45.5,652,2694,2565,925,739,3346,1682,1664
0260460,Petersville,2019,2023,1,42,0,14,0,0,0,0,7,7,0,0,14,0,0,47,14,28,28,14,14,42,21,21
0260640,Pilot Point,2019,2023,1,54,6,5,7,4,0,5,6,5,3,1,10,2,0,35,20,34,32,13,12,54,33,21
0260750,Pilot Station,2019,2023,1,558,61,63,54,62,61,79,53,44,16,24,24,13,4,23.3,217,341,307,57,41,558,282,276
0260860,Pitkas Point,2019,2023,1,221,17,24,41,25,17,31,26,12,5,4,17,2,0,22.1,103,118,111,23,19,221,117,104
0261080,Platinum,2019,2023,1,25,0,0,3,0,9,0,7,3,0,0,3,0,0,38.2,3,22,20,3,3,25,13,12
0261120,Pleasant Valley,2019,2023,1,507,0,0,89,64,0,61,46,174,32,0,22,19,0,42.9,153,354,354,41,41,507,224,283
0261190,Point Baker,2019,2023,1,0,0,0,0,0,0,0,0,0,0,0,0,0,0,,0,0,0,0,0,0,0,0
0261630,Point Hope,2019,2023,1,721,116,78,81,56,23,105,98,56,20,25,30,20,13,25.3,320,401,375,85,63,721,360,361
0261700,Point Lay,2019,2023,1,288,25,30,50,49,18,53,26,19,10,1,7,0,0,18,144,144,131,8,7,288,142,146
0261788,Point MacKenzie,2019,2023,1,1728,0,0,32,83,123,239,401,375,148,168,86,73,0,44.2,99,1629,1605,281,159,1728,1492,236
0261825,Point Possession,2019,2023,1,0,0,0,0,0,0,0,0,0,0,0,0,0,0,,0,0,0,0,0,0,0,0
0262125,Pope-Vannoy Landing,2019,2023,1,0,0,0,0,0,0,0,0,0,0,0,0,0,0,,0,0,0,0,0,0,0,0
0262510,Port Alexander,2019,2023,1,26,0,3,1,0,0,0,7,3,4,3,3,2,0,46.7,4,22,22,8,5,26,17,9
0262620,Port Alsworth,2019,2023,1,174,0,5,9,17,16,96,12,1,6,1,4,2,5,33.4,16,158,143,12,11,174,123,51
0263170,Port Clarence,2019,2023,1,17,0,0,0,3,11,0,3,0,0,0,0,0,0,21.5,0,17,11,0,0,17,17,0
0263280,Port Graham,2019,2023,1,125,17,8,9,4,17,21,21,8,0,8,10,0,2,26.8,38,87,87,18,12,125,85,40
0263390,Port Heiden,2019,2023,1,73,7,8,13,7,0,10,13,2,5,4,4,0,0,29.5,35,38,38,5,4,73,32,41
0263610,Port Lions,2019,2023,1,151,2,8,5,2,19,4,19,11,22,23,22,7,7,56.4,17,134,129,55,36,151,76,75
0263870,Port Protection,2019,2023,1,18,0,0,0,0,0,0,0,0,18,0,0,0,0,,0,18,18,0,0,18,0,18
0262285,Portage Creek,2019,2023,1,5,0,0,0,0,2,0,0,0,0,3,0,0,0,61.3,0,5,3,1,0,5,5,0
0264240,Primrose,2019,2023,1,125,9,11,0,0,0,26,35,0,0,28,16,0,0,38.1,20,105,105,34,16,125,31,94
0264380,Prudhoe Bay,2019,2023,1,1971,0,0,0,10,97,498,546,367,244,140,69,0,0,40.3,0,1971,1953,138,69,1971,1475,496
0264600,Quinhagak,2019,2023,1,1302,185,120,144,116,82,158,147,90,89,44,81,46,0,25.4,539,763,713,149,127,1302,659,643
0264820,Rampart,2019,2023,1,0,0,0,0,0,0,0,0,0,0,0,0,0,0,,0,0,0,0,0,0,0,0
0264930,Red Devil,2019,2023,1,3,0,0,0,0,0,0,0,0,0,0,3,0,0,,0,3,3,3,3,3,0,3
0264980,Red Dog Mine,2019,2023,1,0,0,0,0,0,0,0,0,0,0,0,0,0,0,,0,0,0,0,0,0,0,0
0265345,Ridgeway,2019,2023,1,2174,112,88,115,129,42,171,238,309,165,298,250,232,25,54,444,1730,1711,614,507,2174,1158,1016
0265590,Ruby,2019,2023,1,180,24,13,9,5,4,12,16,9,10,13,57,4,4,52,48,132,127,69,65,180,107,73
0265700,Russian Mission,2019,2023,1,202,30,14,20,17,20,32,23,14,16,3,13,0,0,26,74,128,117,13,13,202,108,94
0265800,Saint George,2019,2023,1,59,6,0,5,6,0,13,14,1,0,4,10,0,0,34.5,15,44,42,12,10,59,30,29
0266140,Saint Mary's,2019,2023,1,788,102,49,84,60,73,127,73,69,51,38,45,12,5,26.2,268,520,478,96,62,788,382,406
0266360,Saint Michael,2019,2023,1,220,30,19,30,35,26,27,24,7,5,6,8,3,0,19.3,102,118,102,17,11,220,131,89
0266470,Saint Paul,2019,2023,1,362,18,12,16,48,20,59,26,79,19,19,41,5,0,39.3,86,276,265,60,46,362,285,77
0266510,Salamatof,2019,2023,1,1201,27,32,37,83,147,171,163,158,132,68,125,43,15,39.9,132,1069,1003,231,183,1201,829,372
0266550,Salcha,2019,2023,1,1076,62,31,71,29,28,261,155,113,86,141,84,13,2,38.9,193,883,883,202,99,1076,618,458
0267020,Sand Point,2019,2023,1,1146,27,22,45,42,92,171,109,248,128,91,109,62,0,46.8,124,1022,1010,186,171,1146,683,463
0267460,Savoonga,2019,2023,1,766,62,88,88,89,62,140,70,41,43,17,45,13,8,24.5,297,469,423,74,66,766,431,335
0267570,Saxman,2019,2023,1,354,13,13,20,16,23,39,33,59,15,29,46,46,2,48.4,52,302,292,108,94,354,202,152
0267680,Scammon Bay,2019,2023,1,491,110,64,49,37,31,68,50,17,10,18,20,14,3,18.3,243,248,228,42,37,491,268,223
0268230,Selawik,2019,2023,1,403,56,54,54,40,24,37,74,9,8,21,21,5,0,19.4,195,208,192,42,26,403,222,181
0268340,Seldovia,2019,2023,1,174,15,3,4,15,0,12,0,11,7,27,43,37,0,62.4,26,148,137,89,80,174,82,92
0268370,Seldovia Village,2019,2023,1,207,0,6,17,10,0,20,20,48,11,6,39,30,0,52.3,27,180,174,72,69,207,106,101
0268560,Seward,2019,2023,1,2735,121,155,232,103,45,502,443,271,112,234,351,42,124,42.6,589,2146,2110,678,517,2735,1746,989
0268670,Shageluk,2019,2023,1,36,1,13,0,0,0,0,13,3,1,0,5,0,0,37.6,14,22,22,5,5,36,22,14
0268890,Shaktoolik,2019,2023,1,293,7,48,34,27,17,48,25,40,10,17,18,2,0,28.9,103,190,173,28,20,293,145,148
0269770,Shishmaref,2019,2023,1,462,37,42,55,30,16,57,76,69,10,23,37,8,2,33.7,163,299,294,59,47,462,281,181
0270100,Shungnak,2019,2023,1,211,34,16,30,18,10,25,23,11,7,10,21,6,0,23.4,90,121,108,30,27,211,107,104
0270320,Silver Springs,2019,2023,1,66,5,3,3,0,0,11,2,3,14,18,7,0,0,56.3,11,55,55,11,7,66,37,29
0270540,Sitka,2019,2023,1,8393,385,472,495,464,476,1249,1187,1000,460,756,875,400,174,39.6,1647,6746,6541,1792,1449,8393,4367,4026
0270760,Skagway,2019,2023,1,1212,59,34,49,35,78,214,195,227,67,70,103,76,5,40.8,162,1050,1032,232,184,1212,478,734
0270870,Skwentna,2019,2023,1,73,8,0,6,0,0,9,8,0,8,13,21,0,0,55.7,14,59,59,27,21,73,46,27
0270930,Slana,2019,2023,1,88,0,0,0,0,0,0,0,0,0,17,27,44,0,73,0,88,88,88,71,88,46,42
0271090,Sleetmute,2019,2023,1,61,6,7,8,3,9,10,4,10,0,2,2,0,0,23.5,24,37,35,2,2,61,30,31
0271640,Soldotna,2019,2023,1,4448,336,407,216,309,166,816,450,537,252,189,406,220,144,34.2,1137,3311,3178,834,770,4448,1992,2456
0272135,South Lakes,2019,2023,1,6132,506,336,360,560,481,991,760,741,396,307,533,140,21,33,1548,4584,4284,911,694,6132,3014,3118
0272190,South Naknek,2019,2023,1,66,0,0,0,0,2,14,9,8,4,7,14,8,0,55,0,66,66,28,22,66,36,30
0272230,South Van Horn,2019,2023,1,354,5,38,0,11,10,42,59,58,23,10,80,18,0,46.4,50,304,300,103,98,354,204,150
0272960,Stebbins,2019,2023,1,666,86,87,87,41,35,96,87,43,24,19,55,4,2,24.6,286,380,362,76,61,666,349,317
0272985,Steele Creek,2019,2023,1,5861,225,322,334,595,478,340,905,980,423,595,470,159,35,41.7,1186,4675,4317,1123,664,5861,2866,2995
0273070,Sterling,2019,2023,1,6776,340,548,299,412,327,696,752,777,334,585,1135,500,71,45.1,1469,5307,5021,1982,1706,6776,3455,3321
0273290,Stevens Village,2019,2023,1,7,0,0,0,0,0,1,0,3,3,0,0,0,0,52.8,0,7,7,0,0,7,4,3
0273400,Stony River,2019,2023,1,16,0,2,4,0,0,0,3,3,2,1,1,0,0,41.7,6,10,10,2,1,16,9,7
0273950,Sunrise,2019,2023,1,20,0,0,0,0,0,0,0,0,0,0,20,0,0,,0,20,20,20,20,20,13,7
0274340,Susitna,2019,2023,1,30,0,0,0,0,0,0,0,0,0,8,22,0,0,71,0,30,30,30,22,30,15,15
0274350,Susitna North,2019,2023,1,1506,77,70,116,60,42,201,203,174,127,148,237,51,0,44.2,285,1221,1170,375,288,1506,839,667
0274525,Sutton-Alpine,2019,2023,1,1361,36,38,72,14,70,152,222,242,110,176,175,46,8,49.2,160,1201,1187,337,229,1361,885,476
0274610,Takotna,2019,2023,1,67,7,11,11,0,0,27,1,4,1,1,4,0,0,28.9,29,38,38,5,4,67,30,37
0274830,Talkeetna,2019,2023,1,997,26,127,125,74,15,46,191,194,38,62,95,3,1,41.3,352,645,645,131,99,997,491,506
0275050,Tanacross,2019,2023,1,173,13,14,12,15,29,12,30,14,7,13,11,2,1,32.6,49,124,119,18,14,173,107,66
0275077,Tanaina,2019,2023,1,9738,668,732,843,662,646,1374,1532,1147,625,607,585,282,35,34.6,2637,7101,6676,1313,902,9738,5066,4672
0275160,Tanana,2019,2023,1,309,25,28,27,15,16,11,24,29,48,21,41,23,1,46,94,215,212,86,65,309,166,143
0275380,Tatitlek,2019,2023,1,23,0,0,5,0,0,7,0,1,3,0,4,3,0,33.8,5,18,18,7,7,23,12,11
0275480,Tazlina,2019,2023,1,377,25,47,24,20,4,17,86,54,18,26,46,10,0,41.4,116,261,261,78,56,377,184,193
0275930,Teller,2019,2023,1,309,5,27,33,46,25,40,27,25,20,12,25,24,0,31.2,97,212,195,55,49,309,167,142
0276260,Tenakee Springs,2019,2023,1,172,0,6,5,4,0,0,7,27,11,17,76,9,10,65.3,15,157,157,108,95,172,96,76
0276590,Tetlin,2019,2023,1,208,22,15,22,16,21,17,33,21,4,5,24,7,1,26.4,65,143,128,37,32,208,150,58
0277140,Thorne Bay,2019,2023,1,475,35,20,23,41,46,38,22,78,38,51,80,3,0,45.4,103,372,327,116,83,475,236,239
0277690,Togiak,2019,2023,1,993,96,83,75,54,77,141,77,109,66,20,145,38,12,33.3,296,697,669,207,195,993,559,434
0277800,Tok,2019,2023,1,1490,64,115,90,0,51,220,126,257,81,158,225,55,48,48,269,1221,1221,415,328,1490,766,724
0278240,Toksook Bay,2019,2023,1,999,157,125,56,123,40,117,108,123,24,29,57,34,6,24.6,407,592,535,120,97,999,515,484
0278297,Tolsona,2019,2023,1,51,0,0,0,0,0,0,0,0,0,24,27,0,0,65.2,0,51,51,27,27,51,27,24
0278350,Tonsina,2019,2023,1,41,12,0,0,0,0,19,10,0,0,0,0,0,0,32.4,12,29,29,0,0,41,19,22
0278680,Trapper Creek,2019,2023,1,514,7,20,6,31,8,10,38,81,29,78,156,38,12,61.8,53,461,450,256,206,514,301,213
0278790,Tuluksak,2019,2023,1,324,4,0,0,3,3,304,0,3,4,0,0,3,0,33.5,7,317,314,3,3,324,310,14
0279120,Tuntutuliak,2019,2023,1,616,71,60,45,68,34,209,36,31,24,14,15,9,0,27.8,214,402,367,31,24,616,241,375
0279230,Tununak,2019,2023,1,405,55,52,20,43,50,78,20,30,29,13,12,3,0,23.7,150,255,227,21,15,405,225,180
0279780,Twin Hills,2019,2023,1,68,8,5,10,0,6,8,1,5,9,2,14,0,0,32,23,45,44,16,14,68,32,36
0279830,Two Rivers,2019,2023,1,571,0,0,27,19,0,102,44,109,19,49,178,24,0,54.6,46,525,525,251,202,571,362,209
0279890,Tyonek,2019,2023,1,291,5,17,19,19,68,36,43,33,18,27,5,0,1,29.6,52,239,227,21,6,291,182,109
0280100,Ugashik,2019,2023,1,3,0,0,0,0,0,0,0,0,0,3,0,0,0,,0,3,3,2,0,3,2,1
0280660,Unalakleet,2019,2023,1,800,84,56,59,33,42,91,144,99,69,43,50,24,6,38.7,219,581,562,87,80,800,368,432
0280770,Unalaska,2019,2023,1,4430,88,198,138,325,311,849,801,871,459,144,220,24,2,38.7,564,3866,3643,320,246,4430,3035,1395
0281320,Upper Kalskag,2019,2023,1,232,36,35,24,23,17,30,23,14,11,14,3,2,0,19.6,102,130,107,12,5,232,127,105
0281920,Utqiagvik,2019,2023,1,4850,279,453,502,522,363,576,599,497,305,280,364,110,0,30.7,1555,3295,3034,572,474,4850,2496,2354
0282200,Valdez,2019,2023,1,3911,221,209,293,210,204,617,668,496,264,337,267,81,44,39.3,829,3082,2945,583,392,3911,2192,1719
0282420,Venetie,2019,2023,1,102,4,0,9,0,37,10,10,0,0,4,28,0,0,25.1,13,89,89,32,28,102,60,42
0282750,Wainwright,2019,2023,1,612,72,57,74,57,22,81,108,50,15,30,30,6,10,29,247,365,345,60,46,612,316,296
0282860,Wales,2019,2023,1,286,28,42,31,26,37,38,27,5,11,36,5,0,0,20.7,122,164,135,26,5,286,178,108
0283080,Wasilla,2019,2023,1,9435,590,768,554,493,598,1661,1246,854,480,516,1004,381,290,35.3,2251,7184,6944,2007,1675,9435,4810,4625
0284000,Whale Pass,2019,2023,1,64,0,9,5,0,0,5,7,0,6,7,6,0,19,61,14,50,50,32,25,64,33,31
0284070,White Mountain,2019,2023,1,185,16,15,11,15,10,31,39,14,8,14,7,4,1,33.9,45,140,126,20,12,185,98,87
0284120,Whitestone,2019,2023,1,16,0,0,0,0,0,8,0,0,0,0,8,0,0,,0,16,16,8,8,16,8,8
0284200,Whitestone Logging Camp,2019,2023,1,0,0,0,0,0,0,0,0,0,0,0,0,0,0,,0,0,0,0,0,0,0,0
0284510,Whittier,2019,2023,1,471,77,22,35,19,23,86,62,28,15,46,40,14,4,29.8,144,327,317,80,58,471,211,260
0285280,Willow,2019,2023,1,1769,87,114,118,106,16,133,250,260,114,169,266,113,23,46.7,399,1370,1344,493,402,1769,920,849
0285290,Willow Creek,2019,2023,1,126,0,0,0,0,0,0,0,8,34,10,61,13,0,71.5,0,126,126,74,74,126,76,50
0285610,Wiseman,2019,2023,1,22,0,0,0,0,0,0,0,14,0,8,0,0,0,,0,22,22,0,0,22,8,14
0285680,Womens Bay,2019,2023,1,994,71,41,46,132,29,141,168,108,0,126,111,21,0,35.5,209,785,688,217,132,994,511,483
0286380,Wrangell,2019,2023,1,2106,137,124,106,103,121,290,187,256,132,147,288,193,22,44.3,433,1673,1620,590,503,2106,1083,1023
0286490,Yakutat,2019,2023,1,506,29,17,6,16,40,61,56,65,35,41,92,38,10,53.2,66,440,430,168,140,506,333,173
0200065,Adak,2018,2022,,248,2,10,20,3,23,42,7,89,19,20,9,0,4,50.1,32,216,213,28,13,,,
0200650,Akhiok,2018,2022,,98,3,1,0,7,9,15,7,16,37,0,0,0,3,50.4,8,90,82,3,3,,,
0200760,Akiachak,2018,2022,,415,73,54,29,20,33,62,37,41,19,9,31,7,0,24.9,170,245,237,47,38,,,
0200870,Akiak,2018,2022,,298,29,30,37,40,9,32,44,28,9,11,24,5,0,26,119,179,162,34,29,,,
0201090,Akutan,2018,2022,,911,16,9,6,0,70,222,244,188,42,63,44,7,0,40.8,31,880,880,66,51,,,
0201200,Alakanuk,2018,2022,,1138,153,86,141,164,64,193,107,71,62,45,39,13,0,21.8,483,655,587,64,52,,,
0201305,Alatna,2018,2022,,36,0,0,0,4,4,1,16,4,0,0,5,2,0,44,0,36,28,7,7,,,
0201390,Alcan Border,2018,2022,,178,0,0,115,38,3,3,0,17,2,0,0,0,0,13.9,138,40,25,0,0,,,
0201420,Aleknagik,2018,2022,,121,8,7,8,8,5,21,10,4,15,8,19,6,2,36.2,31,90,90,35,27,,,
0201560,Aleneva,2018,2022,,0,0,0,0,0,0,0,0,0,0,0,0,0,0,,0,0,0,0,0,,,
0201860,Allakaket,2018,2022,,220,43,39,8,4,7,62,25,3,15,8,0,0,6,26.2,94,126,124,14,6,,,
0201970,Ambler,2018,2022,,277,26,33,15,8,13,64,21,19,8,18,34,15,3,29.9,80,197,190,65,52,,,
0202080,Anaktuvuk Pass,2018,2022,,222,33,35,15,19,9,58,20,11,10,3,9,0,0,24,102,120,117,12,9,,,
0203110,Anchor Point,2018,2022,,2260,70,108,121,139,79,214,221,319,162,242,385,153,47,51.2,396,1864,1822,728,585,,,
0203000,Anchorage,2018,2022,,290674,19434,20387,18419,18328,21652,48906,40272,34222,17449,16837,22832,9338,2598,34.5,69388,221286,209919,44247,34768,,,
0203220,Anderson,2018,2022,,173,2,14,14,23,29,16,22,15,9,10,18,1,0,30.4,38,135,119,26,19,,,
0203440,Angoon,2018,2022,,419,36,19,21,6,51,30,47,42,25,43,64,24,11,44.9,80,339,336,123,99,,,
0203550,Aniak,2018,2022,,551,24,32,57,37,34,64,102,57,33,57,37,15,2,38.1,146,405,387,63,54,,,
0203880,Anvik,2018,2022,,74,8,8,0,9,16,4,4,5,4,7,3,6,0,24.5,17,57,47,14,9,,,
0203990,Arctic Village,2018,2022,,199,14,31,18,33,12,25,23,25,4,6,5,3,0,20.9,81,118,99,12,8,,,
0204210,Atka,2018,2022,,28,4,7,4,0,0,5,3,3,1,1,0,0,0,13.5,15,13,13,1,0,,,
0204430,Atmautluak,2018,2022,,34,3,3,5,0,2,7,10,0,4,0,0,0,0,26,11,23,23,0,0,,,
0204500,Atqasuk,2018,2022,,119,12,16,10,8,22,23,3,14,3,0,2,6,0,23.6,38,81,70,8,8,,,
0204670,Attu Station,2018,2022,,17,0,0,0,0,0,17,0,0,0,0,0,0,0,,0,17,17,0,0,,,
0205000,Badger,2018,2022,,19182,1344,1175,1486,1503,1194,2938,3250,2007,1215,795,1353,842,80,34.7,4888,14294,13261,2737,2275,,,
0205585,Bear Creek,2018,2022,,1283,82,26,182,71,0,109,179,246,86,103,199,0,0,44.9,361,922,922,292,199,,,
0205750,Beaver,2018,2022,,87,0,8,13,0,4,12,6,7,10,6,15,6,0,48.2,21,66,64,27,21,,,
0206245,Beluga,2018,2022,,4,0,0,0,0,0,2,0,0,0,0,0,2,0,,0,4,4,2,2,,,
0206520,Bethel,2018,2022,,6312,547,622,416,497,570,953,846,630,403,368,348,65,47,30.8,1886,4426,4135,696,460,,,
0206630,Bettles,2018,2022,,0,0,0,0,0,0,0,0,0,0,0,0,0,0,,0,0,0,0,0,,,
0206850,Big Delta,2018,2022,,545,22,23,28,78,39,10,29,78,77,47,103,11,0,54.4,123,422,394,139,114,,,
0207070,Big Lake,2018,2022,,3232,209,231,172,160,184,608,364,323,295,228,323,107,28,35.8,709,2523,2385,574,458,,,
0207620,Birch Creek,2018,2022,,3,0,0,0,0,0,0,3,0,0,0,0,0,0,,0,3,3,0,0,,,
0208740,Brevig Mission,2018,2022,,625,86,93,81,24,44,102,52,26,39,32,31,15,0,22,279,346,335,61,46,,,
0209600,Buckland,2018,2022,,644,89,70,73,64,51,117,58,35,23,19,17,25,3,22.2,277,367,334,58,45,,,
0209657,Buffalo Soapstone,2018,2022,,959,38,86,58,76,45,110,128,106,92,53,134,33,0,41.4,249,710,680,194,167,,,
0209710,Butte,2018,2022,,3752,186,208,289,222,250,363,513,491,339,310,352,149,80,42.3,856,2896,2799,761,581,,,
0210150,Cantwell,2018,2022,,117,0,0,3,4,0,8,13,13,11,4,19,37,5,65.4,4,113,110,63,61,,,
0211690,Central,2018,2022,,105,0,9,12,12,0,0,5,11,7,37,10,2,0,56.7,33,72,72,20,12,,,
0211800,Chalkyitsik,2018,2022,,95,7,10,10,0,0,23,20,6,8,0,3,8,0,32.8,27,68,68,11,11,,,
0212350,Chase,2018,2022,,26,0,0,0,0,0,0,0,0,0,0,26,0,0,,0,26,26,26,26,,,
0212680,Chefornak,2018,2022,,476,57,65,41,37,37,72,40,23,15,23,38,28,0,25.2,189,287,272,77,66,,,
0212920,Chena Ridge,2018,2022,,5321,309,280,466,188,287,875,798,780,257,601,399,81,0,37.7,1140,4181,4032,765,480,,,
0212970,Chenega,2018,2022,,58,6,6,4,3,6,14,3,0,0,0,10,6,0,30.5,17,41,39,16,16,,,
0213230,Chevak,2018,2022,,432,23,48,45,28,6,59,33,93,20,58,19,0,0,35.9,136,296,288,77,19,,,
0213340,Chickaloon,2018,2022,,283,28,6,13,0,9,48,16,11,31,20,85,12,4,59,47,236,236,116,101,,,
0213450,Chicken,2018,2022,,0,0,0,0,0,0,0,0,0,0,0,0,0,0,,0,0,0,0,0,,,
0213550,Chignik,2018,2022,,54,4,3,4,2,0,10,4,1,10,12,4,0,0,44.5,13,41,41,4,4,,,
0213670,Chignik Lagoon,2018,2022,,39,5,0,2,6,0,5,6,0,4,6,5,0,0,40.8,9,30,26,11,5,,,
0213780,Chignik Lake,2018,2022,,30,4,1,3,6,0,0,6,2,2,2,4,0,0,35.3,9,21,16,4,4,,,
0213860,Chiniak,2018,2022,,0,0,0,0,0,0,0,0,0,0,0,0,0,0,,0,0,0,0,0,,,
0213890,Chisana,2018,2022,,0,0,0,0,0,0,0,0,0,0,0,0,0,0,,0,0,0,0,0,,,
0214000,Chistochina,2018,2022,,45,0,0,5,0,3,0,0,11,2,10,3,6,5,60.2,5,40,37,14,14,,,
0214110,Chitina,2018,2022,,71,14,0,0,4,6,3,6,13,2,13,7,3,0,46.5,18,53,53,15,10,,,
0214330,Chuathbaluk,2018,2022,,92,7,12,8,6,12,4,3,6,5,22,7,0,0,28.5,30,62,59,20,7,,,
0214880,Circle,2018,2022,,45,0,4,12,0,0,0,3,5,0,3,5,8,5,52.7,16,29,29,21,18,,,
0215320,Clam Gulch,2018,2022,,279,11,12,6,17,38,35,33,36,12,7,60,8,4,42.1,40,239,233,74,72,,,
0215430,Clark's Point,2018,2022,,31,4,9,0,0,3,4,2,3,0,1,3,0,2,24.8,13,18,18,6,5,,,
0216360,Coffman Cove,2018,2022,,201,36,9,29,0,6,10,32,6,25,9,30,9,0,38.2,74,127,127,45,39,,,
0216420,Cohoe,2018,2022,,1520,97,67,113,128,42,122,168,201,166,162,199,54,1,47.2,363,1157,1115,353,254,,,
0216530,Cold Bay,2018,2022,,143,11,4,0,1,19,25,26,11,22,16,8,0,0,44.3,15,128,127,10,8,,,
0216630,Coldfoot,2018,2022,,270,0,0,0,0,32,106,0,0,33,0,99,0,0,33.9,0,270,270,99,99,,,
0216750,College,2018,2022,,12376,1072,696,429,680,1276,2283,1384,1076,462,678,1497,662,181,32.9,2541,9835,9135,2741,2340,,,
0217190,Cooper Landing,2018,2022,,224,58,39,0,0,0,41,44,19,0,0,23,0,0,28.9,97,127,127,23,23,,,
0217300,Copper Center,2018,2022,,329,10,35,41,24,21,33,31,42,31,16,29,15,1,35.1,102,227,206,52,45,,,
0217410,Cordova,2018,2022,,2507,129,117,204,155,86,498,246,189,230,261,291,73,28,36.9,520,1987,1898,623,392,,,
0217670,Covenant Life,2018,2022,,25,0,0,0,0,0,0,0,16,0,0,0,9,0,46.5,0,25,25,9,9,,,
0217740,Craig,2018,2022,,1073,58,54,51,83,64,175,130,150,65,77,124,38,4,38.5,207,866,820,198,166,,,
0217850,Crooked Creek,2018,2022,,28,0,5,0,4,0,3,0,10,0,1,3,2,0,46,5,23,19,6,5,,,
0217960,Crown Point,2018,2022,,62,0,0,0,0,0,0,25,16,0,6,15,0,0,49.4,0,62,62,21,15,,,
0218510,Deering,2018,2022,,189,30,22,20,13,12,35,16,15,9,0,12,2,3,24.5,78,111,100,17,17,,,
0218620,Delta Junction,2018,2022,,1126,113,75,79,49,42,181,216,111,69,59,71,42,19,36,301,825,806,161,132,,,
0218675,Deltana,2018,2022,,2059,165,240,211,142,50,285,286,285,65,106,173,32,19,33.2,726,1333,1280,283,224,,,
0218805,Denali Park,2018,2022,,817,0,14,0,0,21,85,473,96,97,8,23,0,0,44.5,14,803,803,23,23,,,
0218925,Diamond Ridge,2018,2022,,1397,90,72,150,57,82,177,175,138,144,91,180,39,2,40.2,361,1036,1002,287,221,,,
0218950,Dillingham,2018,2022,,2175,167,182,182,134,146,363,301,187,147,172,129,41,24,32.3,610,1565,1499,330,194,,,
0219060,Diomede,2018,2022,,47,5,7,8,0,0,12,3,10,0,1,1,0,0,27.4,20,27,27,1,1,,,
0219720,Dot Lake,2018,2022,,0,0,0,0,0,0,0,0,0,0,0,0,0,0,,0,0,0,0,0,,,
0219750,Dot Lake Village,2018,2022,,0,0,0,0,0,0,0,0,0,0,0,0,0,0,,0,0,0,0,0,,,
0220020,Dry Creek,2018,2022,,202,47,0,0,16,32,0,0,30,65,12,0,0,0,50.4,47,155,139,12,0,,,
0220380,Eagle,2018,2022,,99,0,0,0,2,5,3,5,3,7,11,40,22,1,69.8,2,97,97,65,63,,,
0220600,Eagle Village,2018,2022,,68,10,7,5,4,4,0,6,0,0,17,13,2,0,35.7,22,46,38,20,15,,,
0220716,Eareckson Station,2018,2022,,166,0,0,0,0,21,10,45,25,28,32,5,0,0,51,0,166,166,24,5,,,
0220970,Edna Bay,2018,2022,,21,0,0,0,0,0,9,12,0,0,0,0,0,0,43.1,0,21,21,0,0,,,
0221040,Eek,2018,2022,,475,24,67,66,38,32,58,31,86,16,28,18,7,4,26,187,288,271,49,29,,,
0221150,Egegik,2018,2022,,46,0,0,0,2,0,11,11,11,2,7,2,0,0,44.7,2,44,44,9,2,,,
0221370,Eielson AFB,2018,2022,,3071,414,538,157,115,672,775,332,52,3,0,0,6,7,22.1,1124,1947,1662,13,13,,,
0221810,Ekwok,2018,2022,,51,5,1,8,2,5,6,0,3,5,7,5,4,0,30.5,16,35,34,11,9,,,
0222140,Elfin Cove,2018,2022,,16,0,0,0,0,0,0,0,0,0,0,12,4,0,73.4,0,16,16,16,16,,,
0222250,Elim,2018,2022,,293,20,45,44,38,19,34,40,20,9,14,8,2,0,19.9,134,159,140,16,10,,,
0222910,Emmonak,2018,2022,,1293,171,154,90,94,108,189,170,80,50,47,123,15,2,26.8,480,813,773,162,140,,,
0223460,Ester,2018,2022,,2989,69,155,66,153,105,772,339,528,226,304,267,5,0,38.8,347,2642,2545,544,272,,,
0223720,Eureka Roadhouse,2018,2022,,0,0,0,0,0,0,0,0,0,0,0,0,0,0,,0,0,0,0,0,,,
0223790,Evansville,2018,2022,,27,0,0,0,0,0,10,1,7,1,5,3,0,0,49.6,0,27,27,8,3,,,
0223900,Excursion Inlet,2018,2022,,62,0,0,0,0,0,12,0,23,21,6,0,0,0,53.7,0,62,62,6,0,,,
0224230,Fairbanks,2018,2022,,32496,2755,2517,1881,2000,4193,7042,3395,2767,1367,1055,2348,842,334,28.1,8296,24200,22709,4025,3524,,,
0224660,False Pass,2018,2022,,103,21,6,2,15,7,15,18,0,13,0,6,0,0,32.1,40,63,59,6,6,,,
0225000,Farm Loop,2018,2022,,2561,164,133,183,170,98,303,427,330,231,138,285,87,12,40.9,593,1968,1881,475,384,,,
0224980,Farmers Loop,2018,2022,,4179,223,324,227,351,178,772,558,497,334,316,331,68,0,35.2,1026,3153,3014,554,399,,,
0225220,Ferry,2018,2022,,26,7,0,0,0,0,5,0,0,5,0,4,0,5,56.2,7,19,19,9,9,,,
0225550,Fishhook,2018,2022,,5115,335,392,473,455,220,412,911,466,354,327,605,106,59,39,1481,3634,3328,885,770,,,
0225880,Flat,2018,2022,,0,0,0,0,0,0,0,0,0,0,0,0,0,0,,0,0,0,0,0,,,
0226100,Fort Greely,2018,2022,,158,0,17,0,16,43,40,20,10,0,12,0,0,0,27,33,125,120,12,0,,,
0226760,Fort Yukon,2018,2022,,476,26,29,53,34,11,32,64,55,44,13,73,25,17,43.7,126,350,334,122,115,,,
0226835,Four Mile Road,2018,2022,,5,0,0,0,0,0,0,0,0,0,5,0,0,0,,0,5,5,0,0,,,
0226870,Fox,2018,2022,,195,0,0,0,0,0,0,0,0,134,0,0,0,61,59.7,0,195,195,61,61,,,
0226910,Fox River,2018,2022,,712,114,86,89,31,84,110,51,46,28,26,32,10,5,22,307,405,383,64,47,,,
0227090,Fritz Creek,2018,2022,,2163,136,112,98,95,51,185,326,315,238,165,315,109,18,47.4,408,1755,1718,522,442,,,
0227145,Funny River,2018,2022,,1072,41,0,30,0,46,52,55,158,158,163,343,0,26,57.9,71,1001,1001,441,369,,,
0227420,Gakona,2018,2022,,155,11,14,14,4,0,17,14,5,36,5,29,6,0,50.5,43,112,112,40,35,,,
0227530,Galena,2018,2022,,627,54,58,41,35,48,106,93,76,31,27,32,22,4,32.1,175,452,439,73,58,,,
0227640,Gambell,2018,2022,,426,33,35,36,48,46,74,48,35,14,28,21,8,0,25.8,139,287,266,42,29,,,
0227700,Game Creek,2018,2022,,0,0,0,0,0,0,0,0,0,0,0,0,0,0,,0,0,0,0,0,,,
0228200,Gateway,2018,2022,,6241,563,674,645,366,237,882,1120,681,316,235,367,130,25,33.2,2172,4069,3979,620,522,,,
0228590,Glacier View,2018,2022,,216,19,0,0,5,8,26,44,10,28,9,47,20,0,54.2,24,192,192,71,67,,,
0228740,Glennallen,2018,2022,,522,60,13,54,35,23,109,33,69,73,14,10,20,9,33.6,148,374,355,53,39,,,
0229130,Goldstream,2018,2022,,2798,91,237,95,104,262,118,529,525,301,203,223,110,0,41.7,526,2272,2079,391,333,,,
0229180,Golovin,2018,2022,,185,10,10,24,23,19,13,30,14,13,7,18,4,0,28.8,59,126,113,27,22,,,
0229290,Goodnews Bay,2018,2022,,118,19,13,6,3,4,21,17,13,14,5,3,0,0,32.8,41,77,77,8,3,,,
0230060,Grayling,2018,2022,,210,21,13,26,16,8,28,37,9,10,20,6,11,5,31,69,141,134,28,22,,,
0230500,Gulkana,2018,2022,,69,0,0,8,4,0,6,4,18,3,2,17,7,0,47.1,12,57,57,24,24,,,
0230940,Gustavus,2018,2022,,710,1,7,48,56,14,132,22,153,87,46,87,55,2,48.2,82,628,594,177,144,,,
0231050,Haines,2018,2022,,1762,77,149,233,172,28,98,250,173,93,149,233,95,12,41.3,628,1134,1131,398,340,,,
0231270,Halibut Cove,2018,2022,,211,0,17,37,4,0,30,22,14,10,0,72,0,5,40.7,58,153,153,77,77,,,
0231710,Happy Valley,2018,2022,,748,40,19,60,32,36,38,63,36,60,90,148,94,32,58.5,131,617,586,337,274,,,
0231765,Harding-Birch Lakes,2018,2022,,285,0,0,0,10,0,13,26,70,62,34,70,0,0,59.1,10,275,275,85,70,,,
0232150,Healy,2018,2022,,865,41,22,77,79,60,55,83,177,69,30,151,21,0,48.7,195,670,646,185,172,,,
0232310,Healy Lake,2018,2022,,26,6,0,0,3,0,0,2,4,7,4,0,0,0,52.7,9,17,17,2,0,,,
0232550,Hobart Bay,2018,2022,,0,0,0,0,0,0,0,0,0,0,0,0,0,0,,0,0,0,0,0,,,
0232810,Hollis,2018,2022,,138,0,16,0,0,0,0,0,0,37,13,47,25,0,65.2,16,122,122,85,72,,,
0233030,Holy Cross,2018,2022,,277,18,13,35,35,7,30,34,18,27,29,27,1,3,35,98,179,176,48,31,,,
0233140,Homer,2018,2022,,5623,260,282,347,342,320,737,762,515,367,441,817,287,146,40.8,1061,4562,4306,1509,1250,,,
0233360,Hoonah,2018,2022,,896,37,42,40,16,64,153,74,107,103,69,142,46,3,47,124,772,756,233,191,,,
0233470,Hooper Bay,2018,2022,,801,111,94,79,41,21,129,118,104,30,37,35,2,0,30.2,304,497,467,54,37,,,
0233580,Hope,2018,2022,,133,44,0,0,0,0,18,26,45,0,0,0,0,0,39.4,44,89,89,0,0,,,
0233800,Houston,2018,2022,,1613,69,79,82,93,88,229,149,254,143,158,214,49,6,46.1,282,1331,1270,333,269,,,
0233910,Hughes,2018,2022,,34,0,2,2,0,2,2,0,6,3,1,13,3,0,59,4,30,30,16,16,,,
0234350,Huslia,2018,2022,,182,7,37,16,27,9,12,15,23,5,14,12,5,0,20.8,76,106,90,21,17,,,
0234460,Hydaburg,2018,2022,,328,18,11,19,33,16,46,39,38,13,25,48,18,4,39,74,254,243,85,70,,,
0234570,Hyder,2018,2022,,16,0,0,0,0,0,0,0,0,0,0,16,0,0,,0,16,16,16,16,,,
0234790,Igiugig,2018,2022,,69,2,6,7,14,2,8,11,3,1,5,2,2,6,30.5,19,50,40,15,10,,,
0235120,Iliamna,2018,2022,,28,0,2,1,2,0,2,3,2,5,3,8,0,0,56.5,5,23,23,11,8,,,
0235890,Ivanof Bay,2018,2022,,0,0,0,0,0,0,0,0,0,0,0,0,0,0,,0,0,0,0,0,,,
0236400,Juneau,2018,2022,,32108,1679,1987,1868,1879,1748,4960,4617,4142,2121,2363,3345,1131,268,39,6625,25483,24327,6348,4744,,,
0236540,Kachemak,2018,2022,,787,64,59,60,47,9,107,123,53,48,54,107,50,6,36.9,204,583,557,206,163,,,
0236770,Kake,2018,2022,,473,41,40,26,32,24,60,59,53,26,25,54,27,6,37.3,129,344,326,107,87,,,
0236990,Kaktovik,2018,2022,,201,15,14,16,24,21,28,24,31,5,12,5,6,0,27.8,59,142,132,12,11,,,
0237250,Kalifornsky,2018,2022,,8380,477,374,657,728,486,818,1298,1172,380,767,849,276,98,40.7,1921,6459,5979,1804,1223,,,
0237430,Kaltag,2018,2022,,197,0,13,3,11,34,3,33,44,17,27,12,0,0,45.3,22,175,165,29,12,,,
0237540,Karluk,2018,2022,,27,0,0,0,2,12,0,6,2,0,0,5,0,0,23.8,0,27,25,5,5,,,
0237650,Kasaan,2018,2022,,82,3,11,8,0,0,9,3,7,17,8,14,2,0,54.5,22,60,60,21,16,,,
0237975,Kasigluk,2018,2022,,389,49,39,51,35,21,55,46,25,25,24,11,4,4,24.8,164,225,211,28,19,,,
0238090,Kasilof,2018,2022,,279,0,0,49,0,0,0,128,12,0,0,90,0,0,44.1,49,230,230,90,90,,,
0238420,Kenai,2018,2022,,7477,461,564,540,382,609,1338,881,937,590,313,551,217,94,34.2,1809,5668,5440,1059,862,,,
0238910,Kenny Lake,2018,2022,,222,25,15,29,30,19,0,51,0,0,14,23,16,0,20.6,99,123,104,53,39,,,
0238970,Ketchikan,2018,2022,,8168,424,595,464,467,536,1355,1101,808,623,572,822,286,115,37,1748,6420,6128,1541,1223,,,
0239300,Kiana,2018,2022,,422,38,56,36,41,46,42,44,25,22,20,31,19,2,24.6,153,269,248,64,52,,,
0239410,King Cove,2018,2022,,1108,37,41,75,87,102,109,195,180,101,50,65,36,30,38.2,206,902,844,155,131,,,
0239630,King Salmon,2018,2022,,383,47,16,10,24,22,67,56,37,27,31,32,14,0,36.1,91,292,285,51,46,,,
0239740,Kipnuk,2018,2022,,572,67,66,66,50,28,79,52,60,31,31,28,7,7,25.9,231,341,320,54,42,,,
0239960,Kivalina,2018,2022,,769,85,101,106,57,46,109,89,65,44,24,28,13,2,24.3,335,434,412,58,43,,,
0240400,Klawock,2018,2022,,804,27,63,64,38,31,107,76,130,57,45,99,56,11,44.2,182,622,607,190,166,,,
0240510,Klukwan,2018,2022,,67,1,2,4,8,0,2,17,8,4,5,12,3,1,44.9,15,52,52,19,16,,,
0240670,Knik River,2018,2022,,822,50,68,53,40,55,146,86,84,51,61,121,4,3,35,201,621,605,173,128,,,
0240645,Knik-Fairview,2018,2022,,18619,1443,1623,1634,1325,819,2682,2635,2262,1129,1090,1383,462,132,34.2,5685,12934,12439,2685,1977,,,
0240840,Kobuk,2018,2022,,133,16,26,19,9,11,11,16,16,0,2,2,5,0,18.1,66,67,63,9,7,,,
0240950,Kodiak,2018,2022,,5584,249,332,259,458,472,509,822,702,401,478,573,189,140,41.1,1070,4514,4153,1149,902,,,
0241210,Kodiak Station,2018,2022,,2113,186,296,155,60,308,730,282,52,6,0,38,0,0,25.4,694,1419,1348,38,38,,,
0241280,Kokhanok,2018,2022,,115,18,11,15,1,0,19,30,2,4,2,5,8,0,30.2,44,71,70,15,13,,,
0241500,Koliganek,2018,2022,,234,17,27,38,32,20,19,18,20,9,11,19,2,2,21,97,137,117,30,23,,,
0241610,Kongiganak,2018,2022,,353,42,47,27,30,29,58,31,17,23,24,15,10,0,25.3,134,219,197,38,25,,,
0241720,Kotlik,2018,2022,,1272,217,183,162,95,120,169,85,125,32,34,33,17,0,18.6,616,656,597,62,50,,,
0241830,Kotzebue,2018,2022,,3088,289,274,268,247,159,460,378,406,164,210,156,57,20,31.2,990,2098,1988,350,233,,,
0241940,Koyuk,2018,2022,,300,25,31,36,26,29,47,15,22,17,16,30,6,0,26,112,188,176,41,36,,,
0242050,Koyukuk,2018,2022,,74,0,0,4,6,3,6,9,13,0,19,10,0,4,52.3,4,70,64,29,14,,,
0242160,Kupreanof,2018,2022,,10,0,0,0,0,0,0,0,0,0,0,8,2,0,71.3,0,10,10,10,10,,,
0242380,Kwethluk,2018,2022,,561,71,63,41,53,56,86,49,58,35,29,8,7,5,24.7,220,341,327,38,20,,,
0242490,Kwigillingok,2018,2022,,589,76,50,72,56,47,69,54,46,39,38,16,15,11,24.4,242,347,323,67,42,,,
0242805,Lake Louise,2018,2022,,0,0,0,0,0,0,0,0,0,0,0,0,0,0,,0,0,0,0,0,,,
0242820,Lake Minchumina,2018,2022,,14,0,0,0,0,0,0,0,0,2,5,4,3,0,64.5,0,14,14,12,7,,,
0243040,Larsen Bay,2018,2022,,46,2,2,2,0,2,10,2,2,10,2,6,6,0,55.3,6,40,40,14,12,,,
0243260,Lazy Mountain,2018,2022,,1639,87,65,147,132,146,140,159,212,133,174,181,56,7,41.2,369,1270,1189,314,244,,,
0243810,Levelock,2018,2022,,28,3,2,3,0,6,1,10,1,2,0,0,0,0,27,8,20,20,0,0,,,
0244030,Lime Village,2018,2022,,9,0,0,0,0,2,2,0,3,0,0,2,0,0,53.2,0,9,9,2,2,,,
0244580,Livengood,2018,2022,,13,0,0,0,0,0,0,0,0,2,11,0,0,0,60.9,0,13,13,0,0,,,
0245020,Loring,2018,2022,,0,0,0,0,0,0,0,0,0,0,0,0,0,0,,0,0,0,0,0,,,
0245295,Lowell Point,2018,2022,,0,0,0,0,0,0,0,0,0,0,0,0,0,0,,0,0,0,0,0,,,
0245460,Lower Kalskag,2018,2022,,261,36,43,25,17,6,40,28,16,11,15,19,5,0,26.9,110,151,138,35,24,,,
0245700,Lutak,2018,2022,,12,0,0,0,0,0,0,0,0,0,0,0,12,0,,0,12,12,12,12,,,
0246780,Manley Hot Springs,2018,2022,,17,0,0,0,0,0,0,0,8,3,6,0,0,0,55.5,0,17,17,1,0,,,
0246890,Manokotak,2018,2022,,629,58,66,43,54,51,106,56,57,34,16,64,24,0,28.5,202,427,401,95,88,,,
0247000,Marshall,2018,2022,,215,40,16,41,16,11,40,7,14,13,9,8,0,0,17.8,110,105,98,11,8,,,
0245790,McCarthy,2018,2022,,2,0,0,0,0,0,2,0,0,0,0,0,0,0,,0,2,2,0,0,,,
0246010,McGrath,2018,2022,,226,11,9,24,12,13,30,20,19,18,9,53,7,1,42.7,56,170,165,66,61,,,
0247735,Meadow Lakes,2018,2022,,8773,375,776,723,609,590,1140,1098,1053,622,592,845,291,59,36.9,2263,6510,6149,1587,1195,,,
0247990,Mekoryuk,2018,2022,,315,28,26,29,12,5,36,21,29,50,36,24,19,0,46.2,91,224,219,56,43,,,
0248200,Mendeltna,2018,2022,,89,0,0,0,0,0,0,14,40,0,15,20,0,0,53.4,0,89,89,35,20,,,
0248540,Mentasta Lake,2018,2022,,165,16,26,13,6,12,21,3,11,8,18,29,2,0,26.7,55,110,101,49,31,,,
0248590,Mertarvik,2018,2022,,0,0,0,0,0,0,0,0,0,0,0,0,0,0,,0,0,0,0,0,,,
0248870,Metlakatla,2018,2022,,1437,65,100,126,105,78,173,174,157,139,94,158,56,12,38.6,358,1079,1041,292,226,,,
0249200,Mill Bay,2018,2022,,3617,307,394,310,85,67,549,726,311,243,256,228,102,39,35.4,1011,2606,2514,543,369,,,
0249530,Minto,2018,2022,,113,3,21,7,21,5,18,15,2,14,2,5,0,0,24.8,42,71,59,7,5,,,
0250080,Moose Creek,2018,2022,,584,17,14,0,38,175,59,51,97,46,34,53,0,0,29.8,54,530,484,53,53,,,
0250190,Moose Pass,2018,2022,,199,0,0,0,21,0,72,0,29,25,0,20,32,0,46.5,0,199,178,52,52,,,
0250800,Mosquito Lake,2018,2022,,154,0,0,0,0,0,0,0,79,6,10,59,0,0,54.7,0,154,154,59,59,,,
0251180,Mountain Village,2018,2022,,884,60,144,94,112,36,134,76,55,64,72,8,27,2,22.6,376,508,455,92,37,,,
0251455,Mud Bay,2018,2022,,62,0,0,0,0,0,0,0,8,0,25,22,7,0,63.9,0,62,62,54,29,,,
0251960,Nabesna,2018,2022,,0,0,0,0,0,0,0,0,0,0,0,0,0,0,,0,0,0,0,0,,,
0252060,Naknek,2018,2022,,418,19,22,19,16,21,123,29,32,33,56,21,21,6,32.6,72,346,342,70,48,,,
0252210,Nanwalek,2018,2022,,172,0,6,19,39,11,7,12,9,13,35,21,0,0,39.3,44,128,108,34,21,,,
0252390,Napakiak,2018,2022,,692,67,75,98,74,34,72,84,80,36,31,29,12,0,23,292,400,378,61,41,,,
0252720,Napaskiak,2018,2022,,582,60,55,93,67,21,70,76,34,18,9,76,3,0,22.5,250,332,305,79,79,,,
0252845,Naukati Bay,2018,2022,,120,0,11,0,0,10,16,13,0,35,27,8,0,0,58.3,11,109,109,26,8,,,
0252915,Nelchina,2018,2022,,135,0,0,27,17,0,0,40,34,0,17,0,0,0,39.6,44,91,91,17,0,,,
0252940,Nelson Lagoon,2018,2022,,94,0,0,0,0,24,7,0,29,3,9,15,7,0,50.4,0,94,94,28,22,,,
0253050,Nenana,2018,2022,,508,75,60,35,24,12,61,58,42,28,20,65,17,11,31.8,194,314,314,105,93,,,
0253710,New Stuyahok,2018,2022,,603,43,48,61,55,31,86,40,94,18,71,41,13,2,32.9,183,420,389,126,56,,,
0253270,Newhalen,2018,2022,,92,5,17,10,6,8,19,3,9,6,9,0,0,0,25,33,59,54,6,0,,,
0253820,Newtok,2018,2022,,96,7,5,6,16,11,13,13,7,2,3,10,3,0,31.2,29,67,59,13,13,,,
0253930,Nightmute,2018,2022,,70,0,6,3,9,7,11,6,17,5,0,6,0,0,33.7,15,55,48,6,6,,,
0254050,Nikiski,2018,2022,,4405,367,356,349,237,275,605,577,187,170,342,591,297,52,35.2,1257,3148,3032,1182,940,,,
0254085,Nikolaevsk,2018,2022,,204,4,6,22,11,0,23,31,15,24,19,36,8,5,47.5,43,161,161,63,49,,,
0254150,Nikolai,2018,2022,,87,5,6,0,0,0,31,7,19,3,7,3,3,3,36.4,11,76,76,13,9,,,
0254260,Nikolski,2018,2022,,12,0,4,2,3,0,2,0,0,0,1,0,0,0,14.5,9,3,3,0,0,,,
0254480,Ninilchik,2018,2022,,964,98,41,56,70,20,102,68,79,83,121,153,60,13,51.3,218,746,699,306,226,,,
0254700,Noatak,2018,2022,,536,43,41,92,36,49,86,32,57,31,32,24,6,7,25.8,200,336,313,56,37,,,
0254920,Nome,2018,2022,,3710,339,287,341,240,297,577,509,487,250,150,149,66,18,31,1127,2583,2475,303,233,,,
0255030,Nondalton,2018,2022,,40,0,0,0,1,2,6,0,11,2,8,10,0,0,55,1,39,37,10,10,,,
0255140,Noorvik,2018,2022,,654,71,67,83,58,34,76,58,62,30,67,29,16,3,26.7,261,393,367,108,48,,,
0255745,North Lakes,2018,2022,,10262,564,828,821,784,719,1315,1479,1135,703,661,893,284,76,35.6,2681,7581,7107,1688,1253,,,
0255910,North Pole,2018,2022,,2816,278,386,248,118,226,686,470,93,79,84,123,14,11,28.4,970,1846,1729,164,148,,,
0256220,Northway,2018,2022,,252,30,30,43,16,0,4,23,25,6,0,40,18,17,37,119,133,133,75,75,,,
0256320,Nuiqsut,2018,2022,,564,94,79,36,56,49,75,59,29,20,7,42,9,9,23.5,235,329,299,65,60,,,
0256350,Nulato,2018,2022,,249,25,14,13,6,19,33,44,22,11,22,29,11,0,37.6,58,191,191,56,40,,,
0256600,Nunam Iqua,2018,2022,,59,9,7,0,11,10,0,3,3,6,0,10,0,0,21.8,22,37,32,10,10,,,
0256680,Nunapitchuk,2018,2022,,827,126,122,90,44,78,80,81,40,41,38,62,21,4,21.9,362,465,429,109,87,,,
0257340,Old Harbor,2018,2022,,155,15,15,3,3,27,17,11,21,19,9,11,3,1,32.8,36,119,119,18,15,,,
0258330,Oscarville,2018,2022,,88,14,11,5,12,8,13,13,6,3,0,0,0,3,20.5,30,58,42,3,3,,,
0258550,Ouzinkie,2018,2022,,90,1,6,1,7,2,8,17,5,14,9,14,6,0,54,15,75,75,26,20,,,
0258660,Palmer,2018,2022,,6091,458,353,376,547,545,1149,676,640,293,261,491,246,56,31.2,1447,4644,4226,925,793,,,
0259320,Paxson,2018,2022,,0,0,0,0,0,0,0,0,0,0,0,0,0,0,,0,0,0,0,0,,,
0259540,Pedro Bay,2018,2022,,13,2,0,0,0,0,1,0,0,6,2,0,2,0,57.5,2,11,11,2,2,,,
0259650,Pelican,2018,2022,,57,0,0,0,0,9,10,0,22,1,0,12,3,0,48.6,0,57,57,15,15,,,
0260200,Perryville,2018,2022,,85,12,6,11,13,5,6,12,6,5,4,5,0,0,20.3,36,49,41,9,5,,,
0260310,Petersburg,2018,2022,,3317,148,161,178,178,158,352,302,324,431,264,491,287,43,49.8,606,2711,2596,1008,821,,,
0260460,Petersville,2018,2022,,38,0,12,0,0,0,0,6,7,0,0,13,0,0,52.1,12,26,26,13,13,,,
0260640,Pilot Point,2018,2022,,72,9,5,6,8,0,8,8,8,5,1,10,4,0,35,22,50,44,15,14,,,
0260750,Pilot Station,2018,2022,,380,41,39,44,43,31,64,38,24,11,10,17,13,5,23.4,145,235,209,38,35,,,
0260860,Pitkas Point,2018,2022,,239,21,29,35,28,18,35,24,15,8,11,13,2,0,22.4,109,130,123,26,15,,,
0261080,Platinum,2018,2022,,23,0,0,3,0,9,0,6,3,0,0,2,0,0,23.8,3,20,18,2,2,,,
0261120,Pleasant Valley,2018,2022,,623,0,35,101,45,0,64,56,238,38,0,0,46,0,46.1,181,442,442,46,46,,,
0261190,Point Baker,2018,2022,,0,0,0,0,0,0,0,0,0,0,0,0,0,0,,0,0,0,0,0,,,
0261630,Point Hope,2018,2022,,649,95,81,62,61,28,113,73,38,21,21,27,19,10,24.7,273,376,333,64,56,,,
0261700,Point Lay,2018,2022,,172,14,19,21,22,11,44,19,12,4,0,6,0,0,23.8,75,97,96,6,6,,,
0261788,Point MacKenzie,2018,2022,,1707,11,0,19,106,161,244,303,511,121,141,57,33,0,45.2,107,1600,1571,199,90,,,
0261825,Point Possession,2018,2022,,0,0,0,0,0,0,0,0,0,0,0,0,0,0,,0,0,0,0,0,,,
0262125,Pope-Vannoy Landing,2018,2022,,0,0,0,0,0,0,0,0,0,0,0,0,0,0,,0,0,0,0,0,,,
0262510,Port Alexander,2018,2022,,39,0,2,1,0,0,0,10,3,4,8,10,1,0,57.8,3,36,36,19,11,,,
0262620,Port Alsworth,2018,2022,,158,11,9,8,9,15,74,20,1,5,0,2,0,4,33.3,30,128,118,6,6,,,
0263170,Port Clarence,2018,2022,,40,0,0,0,0,32,0,8,0,0,0,0,0,0,21.7,0,40,29,0,0,,,
0263280,Port Graham,2018,2022,,142,25,5,10,6,10,17,20,9,8,18,9,2,3,34.3,46,96,96,25,14,,,
0263390,Port Heiden,2018,2022,,63,3,7,6,2,5,8,11,3,6,8,4,0,0,36.3,18,45,42,7,4,,,
0263610,Port Lions,2018,2022,,124,2,5,4,3,11,13,9,8,13,19,24,8,5,56.8,14,110,108,49,37,,,
0263870,Port Protection,2018,2022,,14,0,0,0,0,0,0,0,0,14,0,0,0,0,,0,14,14,0,0,,,
0262285,Portage Creek,2018,2022,,3,0,0,0,0,1,0,0,0,0,2,0,0,0,,0,3,2,0,0,,,
0264240,Primrose,2018,2022,,84,8,8,0,0,0,24,29,0,0,15,0,0,0,35.2,16,68,68,15,0,,,
0264380,Prudhoe Bay,2018,2022,,1986,0,0,0,8,88,531,430,409,262,195,63,0,0,42.7,0,1986,1971,135,63,,,
0264600,Quinhagak,2018,2022,,1079,151,102,129,91,61,134,117,85,56,52,64,37,0,25.6,457,622,588,128,101,,,
0264820,Rampart,2018,2022,,41,3,4,12,0,0,4,4,0,0,0,9,5,0,33.4,19,22,22,14,14,,,
0264930,Red Devil,2018,2022,,6,0,0,0,0,0,0,6,0,0,0,0,0,0,,0,6,6,0,0,,,
0264980,Red Dog Mine,2018,2022,,0,0,0,0,0,0,0,0,0,0,0,0,0,0,,0,0,0,0,0,,,
0265345,Ridgeway,2018,2022,,2749,235,191,230,184,50,308,266,399,193,244,260,163,26,42.8,826,1923,1901,530,449,,,
0265590,Ruby,2018,2022,,194,26,19,10,16,20,9,19,10,7,9,37,8,4,27.8,58,136,120,51,49,,,
0265700,Russian Mission,2018,2022,,51,12,4,4,0,8,0,0,7,3,0,13,0,0,24.4,20,31,31,13,13,,,
0265800,Saint George,2018,2022,,57,3,0,4,4,0,15,14,1,0,4,12,0,0,39.2,9,48,46,14,12,,,
0266140,Saint Mary's,2018,2022,,992,130,65,125,79,109,145,83,109,53,28,39,18,9,24.6,365,627,564,84,66,,,
0266360,Saint Michael,2018,2022,,308,34,38,41,43,26,36,38,18,7,12,12,3,0,19.7,140,168,144,24,15,,,
0266470,Saint Paul,2018,2022,,349,18,15,14,40,11,60,27,75,16,20,45,8,0,44,81,268,259,66,53,,,
0266510,Salamatof,2018,2022,,1189,42,28,31,73,140,169,182,165,134,65,102,41,17,40.6,131,1058,1000,207,160,,,
0266550,Salcha,2018,2022,,689,0,16,38,16,9,150,94,68,77,125,79,15,2,50.7,67,622,619,176,96,,,
0267020,Sand Point,2018,2022,,1048,23,28,41,39,48,137,150,185,120,99,132,46,0,48.3,125,923,917,201,178,,,
0267460,Savoonga,2018,2022,,823,66,89,82,111,68,152,68,53,42,22,37,25,8,24.8,300,523,465,78,70,,,
0267570,Saxman,2018,2022,,361,18,21,17,16,23,36,28,74,17,25,37,49,0,48.2,58,303,289,102,86,,,
0267680,Scammon Bay,2018,2022,,506,87,71,52,35,51,76,61,16,11,17,18,11,0,21.2,236,270,258,34,29,,,
0268230,Selawik,2018,2022,,557,84,70,62,49,30,51,88,29,7,55,14,18,0,21.9,251,306,285,67,32,,,
0268340,Seldovia,2018,2022,,182,17,3,7,20,4,8,0,22,13,30,42,16,0,58.3,39,143,131,72,58,,,
0268370,Seldovia Village,2018,2022,,209,0,10,15,9,0,12,18,63,15,11,22,28,6,53.2,29,180,175,63,56,,,
0268560,Seward,2018,2022,,2768,103,164,225,93,83,417,440,339,201,228,333,55,87,43.8,574,2194,2171,578,475,,,
0268670,Shageluk,2018,2022,,65,5,21,2,4,0,1,13,10,0,4,5,0,0,29.5,28,37,33,5,5,,,
0268890,Shaktoolik,2018,2022,,312,20,49,41,26,12,52,26,37,12,10,23,4,0,28.4,128,184,172,32,27,,,
0269770,Shishmaref,2018,2022,,568,50,62,66,44,22,74,77,82,14,22,47,6,2,30.2,213,355,342,66,55,,,
0270100,Shungnak,2018,2022,,244,30,22,33,14,15,44,30,15,11,9,21,0,0,27.1,92,152,140,25,21,,,
0270320,Silver Springs,2018,2022,,106,11,0,0,2,10,15,0,12,32,18,6,0,0,55.8,13,93,89,10,6,,,
0270540,Sitka,2018,2022,,8462,398,469,534,505,485,1222,1196,1015,542,721,814,436,125,39.5,1709,6753,6496,1779,1375,,,
0270760,Skagway,2018,2022,,1179,75,46,46,59,91,251,187,188,32,83,80,35,6,35.8,191,988,939,182,121,,,
0270870,Skwentna,2018,2022,,63,7,0,0,0,0,9,7,0,7,16,13,4,0,60.1,7,56,56,17,17,,,
0270930,Slana,2018,2022,,81,0,0,0,0,0,0,0,0,0,15,22,44,0,76.1,0,81,81,81,66,,,
0271090,Sleetmute,2018,2022,,73,5,10,6,5,7,12,4,16,0,2,6,0,0,27.5,24,49,45,6,6,,,
0271640,Soldotna,2018,2022,,4394,232,363,160,363,196,721,455,545,329,271,471,167,121,37.1,953,3441,3256,873,759,,,
0272135,South Lakes,2018,2022,,6414,555,338,444,506,579,955,817,817,406,279,520,161,37,32.8,1647,4767,4459,914,718,,,
0272190,South Naknek,2018,2022,,53,0,0,0,0,2,6,12,7,7,5,10,4,0,53.5,0,53,53,17,14,,,
0272230,South Van Horn,2018,2022,,478,12,62,56,26,8,40,108,53,23,6,70,14,0,37.7,156,322,322,90,84,,,
0272960,Stebbins,2018,2022,,654,75,70,72,45,42,85,72,65,54,17,54,3,0,27.5,246,408,388,72,57,,,
0272985,Steele Creek,2018,2022,,6542,221,298,401,749,636,396,978,1070,443,606,520,196,28,39.1,1251,5291,4841,1217,744,,,
0273070,Sterling,2018,2022,,6307,184,533,193,399,406,650,541,889,400,686,883,478,65,47.6,1169,5138,4834,1678,1426,,,
0273290,Stevens Village,2018,2022,,9,0,0,0,0,0,3,0,3,3,0,0,0,0,52.5,0,9,9,0,0,,,
0273400,Stony River,2018,2022,,41,5,9,6,0,0,9,3,3,3,1,2,0,0,26.1,20,21,21,3,2,,,
0273950,Sunrise,2018,2022,,14,0,0,0,0,0,0,0,0,0,0,14,0,0,,0,14,14,14,14,,,
0274340,Susitna,2018,2022,,0,0,0,0,0,0,0,0,0,0,0,0,0,0,,0,0,0,0,0,,,
0274350,Susitna North,2018,2022,,1543,78,57,124,74,50,216,185,186,148,145,229,51,0,44.2,297,1246,1194,367,280,,,
0274525,Sutton-Alpine,2018,2022,,1323,36,66,52,35,133,241,151,225,73,124,142,39,6,40.5,177,1146,1120,264,187,,,
0274610,Takotna,2018,2022,,58,9,13,13,0,0,14,3,3,1,0,2,0,0,11.5,35,23,23,2,2,,,
0274830,Talkeetna,2018,2022,,1044,42,128,132,61,18,68,165,171,76,60,112,11,0,41.5,363,681,681,154,123,,,
0275050,Tanacross,2018,2022,,136,9,13,7,10,27,7,24,4,9,14,10,1,1,32.3,35,101,97,19,12,,,
0275077,Tanaina,2018,2022,,9682,574,745,839,702,628,1368,1571,1218,600,612,551,256,18,34.9,2556,7126,6677,1203,825,,,
0275160,Tanana,2018,2022,,214,21,22,15,8,21,13,16,24,19,13,22,17,3,37.3,61,153,143,55,42,,,
0275380,Tatitlek,2018,2022,,40,0,0,5,6,0,5,3,6,4,0,9,2,0,48.3,5,35,29,11,11,,,
0275480,Tazlina,2018,2022,,439,41,49,39,29,4,25,86,81,29,16,37,3,0,40.5,153,286,281,52,40,,,
0275930,Teller,2018,2022,,279,6,18,39,40,24,31,20,26,16,12,19,28,0,28.9,92,187,174,54,47,,,
0276260,Tenakee Springs,2018,2022,,136,0,9,0,0,0,0,3,38,13,15,48,3,7,64,9,127,127,70,58,,,
0276590,Tetlin,2018,2022,,201,29,13,30,10,16,14,32,23,5,4,19,5,1,25.6,78,123,114,29,25,,,
0277140,Thorne Bay,2018,2022,,482,30,27,20,31,37,35,8,86,49,52,104,3,0,53.4,96,386,352,141,107,,,
0277690,Togiak,2018,2022,,842,93,70,50,48,77,139,68,73,47,20,121,28,8,30.5,247,595,566,171,157,,,
0277800,Tok,2018,2022,,1352,46,98,50,22,50,238,129,210,99,135,144,78,53,46.7,194,1158,1136,347,275,,,
0278240,Toksook Bay,2018,2022,,914,153,106,47,120,35,109,78,105,38,25,59,33,6,24.3,366,548,486,119,98,,,
0278297,Tolsona,2018,2022,,29,0,0,0,0,0,0,0,0,0,21,8,0,0,,0,29,29,8,8,,,
0278350,Tonsina,2018,2022,,16,0,0,0,0,0,0,16,0,0,0,0,0,0,,0,16,16,0,0,,,
0278680,Trapper Creek,2018,2022,,303,0,6,7,14,0,8,12,45,25,76,81,24,5,63.4,23,280,276,162,110,,,
0278790,Tuluksak,2018,2022,,456,12,3,16,11,5,208,14,166,11,0,7,3,0,33.9,40,416,409,10,10,,,
0279120,Tuntutuliak,2018,2022,,820,98,75,63,85,47,253,56,58,27,18,21,19,0,28.2,284,536,495,53,40,,,
0279230,Tununak,2018,2022,,450,71,66,20,38,46,82,27,39,31,16,11,3,0,23.7,178,272,247,23,14,,,
0279780,Twin Hills,2018,2022,,53,6,5,6,0,2,8,4,4,8,1,9,0,0,34.8,17,36,35,10,9,,,
0279830,Two Rivers,2018,2022,,424,0,0,17,9,0,84,25,103,19,32,135,0,0,54.3,26,398,398,167,135,,,
0279890,Tyonek,2018,2022,,270,5,13,21,19,43,36,30,46,21,28,6,0,2,34.5,48,222,210,29,8,,,
0280100,Ugashik,2018,2022,,0,0,0,0,0,0,0,0,0,0,0,0,0,0,,0,0,0,0,0,,,
0280660,Unalakleet,2018,2022,,743,81,37,52,28,45,87,119,92,93,37,45,20,7,41.1,185,558,538,76,72,,,
0280770,Unalaska,2018,2022,,4342,193,245,160,284,264,734,735,957,350,174,212,32,2,38.7,741,3601,3435,318,246,,,
0281320,Upper Kalskag,2018,2022,,253,40,43,25,24,15,30,24,17,12,17,4,2,0,18.9,118,135,116,16,6,,,
0281920,Utqiagvik,2018,2022,,4876,315,409,525,386,368,704,532,473,393,260,400,95,16,30.7,1538,3338,3152,605,511,,,
0282200,Valdez,2018,2022,,3935,243,213,313,225,212,557,664,490,151,423,331,99,14,38.8,882,3053,2916,688,444,,,
0282420,Venetie,2018,2022,,109,9,4,9,5,25,8,10,3,3,5,28,0,0,25.6,27,82,75,33,28,,,
0282750,Wainwright,2018,2022,,621,30,52,51,67,13,59,65,192,20,23,31,15,3,40.8,173,448,421,54,49,,,
0282860,Wales,2018,2022,,294,31,45,33,25,16,46,32,9,10,39,8,0,0,24,129,165,158,30,8,,,
0283080,Wasilla,2018,2022,,9267,596,660,640,487,495,1616,1239,971,447,587,911,373,245,35.9,2296,6971,6843,1951,1529,,,
0284000,Whale Pass,2018,2022,,98,0,7,5,0,0,5,0,16,4,30,5,0,26,63.1,12,86,86,50,31,,,
0284070,White Mountain,2018,2022,,194,15,19,9,20,15,30,31,19,13,14,6,2,1,31.7,48,146,126,18,9,,,
0284120,Whitestone,2018,2022,,38,0,0,0,0,0,19,0,7,0,0,12,0,0,40.5,0,38,38,12,12,,,
0284200,Whitestone Logging Camp,2018,2022,,0,0,0,0,0,0,0,0,0,0,0,0,0,0,,0,0,0,0,0,,,
0284510,Whittier,2018,2022,,377,34,16,26,19,33,56,42,34,34,29,38,11,5,36.5,91,286,280,74,54,,,
0285280,Willow,2018,2022,,1952,154,147,99,114,43,172,205,249,130,198,274,127,40,46.2,477,1475,1438,553,441,,,
0285290,Willow Creek,2018,2022,,123,0,0,0,0,0,0,0,30,28,9,47,9,0,60.4,0,123,123,56,56,,,
0285610,Wiseman,2018,2022,,19,0,0,0,0,0,0,0,14,0,5,0,0,0,,0,19,19,0,0,,,
0285680,Womens Bay,2018,2022,,1063,55,74,44,132,6,193,165,51,17,151,151,24,0,35.5,246,817,758,284,175,,,
0286380,Wrangell,2018,2022,,2134,137,126,125,114,73,249,163,255,146,170,299,222,55,48.9,472,1662,1617,674,576,,,
0286490,Yakutat,2018,2022,,564,43,23,19,34,48,69,63,59,29,38,93,37,9,41.3,105,459,445,159,139,,,
